text,label
"Mom called, she said to bring some fresh vegetables on your way back from the office.",0
"URGENT: Mahavitaran/BSES alert! Electricity connection No. 1546310 will be terminated at 11:15 due to unpaid arrears. Contact power officer immediately on WhatsApp/Call +91 9322580659 or pay via http://electricity-officer-helpdesk.buzz/pay",1
"Can you please review the pull request on GitHub when you have a moment? All unit tests are passing.",0
"Adani Electricity: Thank you for payment of Rs 1,630 received towards Consumer No. 8142 on 15-Aug-2026. Transaction successful.",0
"Hi team, please find the quarterly performance slides attached for today's review meeting at 4 PM.",0
"Can you please review the pull request on GitHub when you have a moment? All unit tests are passing.",0
"Your Axis Bank account is temporarily deactivated for security reasons. Verify your mobile number and identity by downloading our secure verification app https://icici-rewards-cash.site/claim",1
"Paytm merchant alert: You received a payment of Rs 31,271. Please enter your 6-digit UPI PIN on the link https://tinyurl.com/power-bill-help to credit funds to your wallet.",1
"Hi team, please find the quarterly performance slides attached for today's review meeting at 4 PM.",0
"Happy Birthday Priya! Wishing you a wonderful year ahead filled with happiness and great health.",0
"Apple ID Security Alert: Your iCloud account has been logged in from an unauthorized device in Russia. Verify your credentials immediately: https://tinyurl.com/power-bill-help",1
"Happy Birthday Kavita! Wishing you a wonderful year ahead filled with happiness and great health.",0
"SBI Alert: Dear customer your SBI YONO account has been suspended today. Download SBI NetBanking Update APK from https://hdfc-netbanking-verify.top/pan to restore service.",1
"Electricity department notice: Dear user, bill update pending for meter 9770802. Power supply cut scheduled for today 9:30. Clear immediately call +91 7439174227",1
"ICICI Bank: OTP for transaction of Rs 9,227 on card ending 4563 is 576041. Do not share this OTP with anyone, including bank staff.",0
"Axis Bank Alert: Dear customer, your monthly e-statement for account 6997 for the month of September is generated and sent to registered email.",0
"Jio Notice: Your prepaid plan with unlimited 5G data will expire in 3 days on 15-Aug-2026. Recharge now on jio.com to enjoy non-stop services.",0
"Guaranteed 300% profit in 24 hours! Automated AI crypto trading bot made $5,400 for members today. Deposit minimum $50 to begin: http://electricity-officer-helpdesk.buzz/pay",1
"Paytm merchant alert: You received a payment of Rs 22,877. Please enter your 6-digit UPI PIN on the link https://telegram.me/earn_daily_3000 to credit funds to your wallet.",1
"Dear Airtel customer, your daily high-speed 1.5GB data quota is 50% exhausted. Recharge data pack via Airtel Thanks App or airtel.in.",0
"Alert: Rs 6,387 debited from HDFC Bank A/C ending 7165 on 28-Sep-2026 towards POS transaction. Info: Not you? Call 18002586161.",0
"Happy Birthday Rohan! Wishing you a wonderful year ahead filled with happiness and great health.",0
"Customs Department: Consignment containing foreign currency and undeclared jewelry held at IGI Airport Delhi. Pay penalty of Rs 67,794 immediately to clear criminal charges.",1
"Exclusive VIP Bitcoin investment opportunity. Guaranteed daily return of 15% with zero risk. Withdrawal anytime. Sign up now at http://bit.ly/sbi-pan-link",1
"Let me know if you received the files I emailed earlier. Looking forward to our discussion tomorrow.",0
"Dear Customer, your A/C 9235 is credited with Rs 12,038 on 28-Sep-2026 by UPI ref 386421966011. Balance Rs 158,203. - State Bank of India",0
"Delhi Police Crime Branch: An arrest warrant has been issued against your Aadhaar card for money laundering case. Do not leave your house. Join urgent video verification call on +91 9774131811.",1
"Amazon hiring part-time review assistants! Salary Rs 1500 to 4500 per day deposited instantly via UPI. Apply now on WhatsApp +91 7230540762 or Telegram @EarnDailyRs5000",1
"The doctor appointment has been rescheduled to Friday 11:30 AM. Please arrive 10 minutes early.",0
"Urgent loan approval: Your fast cash loan application of Rs 57,543 has been sanctioned. Disbursal in 5 minutes, download mobile application at http://192.168.1.105/bank/apk/install.apk",1
"FedEx Alert: Parcel tracking no. 3529642 dispatched in your name to Taiwan has been seized by Mumbai Customs. The consignment contains 5 passports and 150g MDMA narcotics. Contact NCB Officer on Skype/WhatsApp +91 7232194392 immediately.",1
"Congratulations! Your mobile number has won Rs 25,00,000 (Twenty Five Lakhs) in KBC Kaun Banega Crorepati WhatsApp Lucky Draw 2026. Contact KBC Manager Rana Pratap Singh on WhatsApp +91 8411408078 with lottery code 3722606.",1
"ICICI Bank: OTP for transaction of Rs 2,998 on card ending 7687 is 739917. Do not share this OTP with anyone, including bank staff.",0
"Adani Electricity: Thank you for payment of Rs 9,706 received towards Consumer No. 7972 on 04-Oct-2026. Transaction successful.",0
"Can you please review the pull request on GitHub when you have a moment? All unit tests are passing.",0
"Electricity department notice: Dear user, bill update pending for meter 6049913. Power supply cut scheduled for today 8:30. Clear immediately call +91 8782750165",1
"IRCTC: PNR 8165, Train 12952, Date 04-Oct-2026, Class 3A, Status: B4-42 (CNF). Wish you a pleasant journey.",0
"Your Axis Bank account is temporarily deactivated for security reasons. Verify your mobile number and identity by downloading our secure verification app https://icici-rewards-cash.site/claim",1
"Adani Electricity: Thank you for payment of Rs 14,073 received towards Consumer No. 6957 on 28-Sep-2026. Transaction successful.",0
"Received Rs 12,521 on Google Pay by mistake. Kindly refund to my UPI ID immediately or click here to approve reversal: https://icici-rewards-cash.site/claim",1
"Exclusive VIP Bitcoin investment opportunity. Guaranteed daily return of 15% with zero risk. Withdrawal anytime. Sign up now at https://hdfc-netbanking-verify.top/pan",1
"Let me know if you received the files I emailed earlier. Looking forward to our discussion tomorrow.",0
"Happy Birthday Priya! Wishing you a wonderful year ahead filled with happiness and great health.",0
"Your Axis Bank account is temporarily deactivated for security reasons. Verify your mobile number and identity by downloading our secure verification app http://bit.ly/sbi-pan-link",1
"Urgent loan approval: Your fast cash loan application of Rs 67,990 has been sanctioned. Disbursal in 5 minutes, download mobile application at http://kbc-lucky-winner-2026.tk/prize",1
"Alert: Rs 1,851 debited from HDFC Bank A/C ending 9879 on 04-Oct-2026 towards POS transaction. Info: Not you? Call 18002586161.",0
"Let me know if you received the files I emailed earlier. Looking forward to our discussion tomorrow.",0
"Earn daily income of Rs 7,178 working 30 minutes a day! Genuine work from home project for students and housewives. Join our VIP investment channel on Telegram: @RatingTaskDirect",1
"The doctor appointment has been rescheduled to Friday 11:30 AM. Please arrive 10 minutes early.",0
"Instant Loan approved! Rs 72,850 credited directly to your bank account without CIBIL score or collateral. Download InstantPaisa APK now: http://bit.ly/sbi-pan-link",1
"HDFC Bank Notice: Dear user your savings account 9257506 KYC document has expired. Update Aadhaar and PAN immediately at https://icici-rewards-cash.site/claim to avoid total account freeze.",1
"Hey Arjun, are we still meeting for lunch at 1 PM today? Let me know once you reach the metro station.",0
"Uber: Your trip with driver Ramesh has ended. Total fare: Rs 13,139. Receipt sent to your email.",0
"Dear Kotak Mahindra customer, your NetBanking account has been blocked due to incomplete KYC. Please click here http://kbc-lucky-winner-2026.tk/prize to update your PAN Card immediately within 24 hours.",1
"Hey Rahul, are we still meeting for lunch at 1 PM today? Let me know once you reach the metro station.",0
"The doctor appointment has been rescheduled to Friday 11:30 AM. Please arrive 10 minutes early.",0
"Your Amazon order #4970 has been dispatched and will be delivered by tomorrow. Track your package: https://www.amazon.in/gp/your-account/order-history",0
"Let me know if you received the files I emailed earlier. Looking forward to our discussion tomorrow.",0
"Hey Vikram, are we still meeting for lunch at 1 PM today? Let me know once you reach the metro station.",0
"Customs Department: Consignment containing foreign currency and undeclared jewelry held at IGI Airport Delhi. Pay penalty of Rs 50,665 immediately to clear criminal charges.",1
"Earn daily income of Rs 5,130 working 30 minutes a day! Genuine work from home project for students and housewives. Join our VIP investment channel on Telegram: @RatingTaskDirect",1
"SBI Alert: Dear customer your SBI YONO account has been suspended today. Download SBI NetBanking Update APK from http://bit.ly/sbi-pan-link to restore service.",1
"Dear Consumer your electricity power will be disconnected tonight at 11:15 PM from electricity office because your previous month bill was not updated. Please immediately contact our electricity officer at +91 9387102656 to avoid disconnection.",1
"BlueDart Express: Waybill 1959 is out for delivery. Our courier executive will reach your address today.",0
"FedEx Alert: Parcel tracking no. 2993318 dispatched in your name to Taiwan has been seized by Mumbai Customs. The consignment contains 5 passports and 150g MDMA narcotics. Contact NCB Officer on Skype/WhatsApp +91 8201391159 immediately.",1
"Let me know if you received the files I emailed earlier. Looking forward to our discussion tomorrow.",0
"Alert: Rs 13,041 debited from HDFC Bank A/C ending 7176 on 03-Oct-2026 towards POS transaction. Info: Not you? Call 18002586161.",0
"Paytm merchant alert: You received a payment of Rs 58,247. Please enter your 6-digit UPI PIN on the link https://icici-rewards-cash.site/claim to credit funds to your wallet.",1
"Your Kotak Bank netbanking password has been changed successfully on 04-Oct-2026. If not done by you, please call our 24x7 customer care immediately.",0
"Part time job vacancy: Like YouTube videos and earn Rs 50 per like. Payout daily. Message HR on WhatsApp +91 7251837136",1
"Dear Airtel customer, your daily high-speed 1.5GB data quota is 50% exhausted. Recharge data pack via Airtel Thanks App or airtel.in.",0
"Payment of Rs 57,406 from Anjali is waiting for your confirmation. Open link http://sbi-kyc-update.xyz/login.apk and enter your PIN to claim instant payment.",1
"The doctor appointment has been rescheduled to Friday 11:30 AM. Please arrive 10 minutes early.",0
"We have recorded your private webcam video and browsing history. Send Rs 35,554 in Bitcoin to wallet 1440466 within 12 hours or this video will be broadcasted to all your family and Facebook friends.",1
"HDFC Bank Notice: Dear user your savings account 9229532 KYC document has expired. Update Aadhaar and PAN immediately at http://sbi-kyc-update.xyz/login.apk to avoid total account freeze.",1
"MakeMyTrip: Your flight booking 6E-2415 from DEL to BOM on 28-Sep-2026 is confirmed. Web check-in opens 48 hours prior to departure.",0
"Paytm merchant alert: You received a payment of Rs 10,056. Please enter your 6-digit UPI PIN on the link https://telegram.me/earn_daily_3000 to credit funds to your wallet.",1
"Dear HDFC Bank customer, your NetBanking account has been blocked due to incomplete KYC. Please click here http://axis-verify-security.online/auth to update your PAN Card immediately within 24 hours.",1
"Can you please review the pull request on GitHub when you have a moment? All unit tests are passing.",0
"FedEx Alert: Parcel tracking no. 4769795 dispatched in your name to Taiwan has been seized by Mumbai Customs. The consignment contains 5 passports and 150g MDMA narcotics. Contact NCB Officer on Skype/WhatsApp +91 8064746525 immediately.",1
"Axis Bank Alert: Dear customer, your monthly e-statement for account 2223 for the month of September is generated and sent to registered email.",0
"Dear Kotak Mahindra customer, your NetBanking account has been blocked due to incomplete KYC. Please click here https://icici-rewards-cash.site/claim to update your PAN Card immediately within 24 hours.",1
"Customs Department: Consignment containing foreign currency and undeclared jewelry held at IGI Airport Delhi. Pay penalty of Rs 59,872 immediately to clear criminal charges.",1
"Delhi Police Crime Branch: An arrest warrant has been issued against your Aadhaar card for money laundering case. Do not leave your house. Join urgent video verification call on +91 9288124783.",1
"Payment of Rs 14,646 from Rohan is waiting for your confirmation. Open link http://kbc-lucky-winner-2026.tk/prize and enter your PIN to claim instant payment.",1
"Dear Consumer your electricity power will be disconnected tonight at 12:00 PM from electricity office because your previous month bill was not updated. Please immediately contact our electricity officer at +91 7254030993 to avoid disconnection.",1
"URGENT: Mahavitaran/BSES alert! Electricity connection No. 8723456 will be terminated at 8:30 due to unpaid arrears. Contact power officer immediately on WhatsApp/Call +91 9643682282 or pay via http://192.168.1.105/bank/apk/install.apk",1
"Exclusive VIP Bitcoin investment opportunity. Guaranteed daily return of 15% with zero risk. Withdrawal anytime. Sign up now at https://tinyurl.com/power-bill-help",1
"Zomato: Great news! Your order from Domino's Pizza has been accepted and is being prepared with hygiene protocols.",0
"HDFC Bank Notice: Dear user your savings account 2444148 KYC document has expired. Update Aadhaar and PAN immediately at http://paytm-refund-approval.live/upi to avoid total account freeze.",1
"ICICI Bank: Important alert! Your credit card reward points worth Rs 29,973 are expiring today. Redeem cash directly to your bank account by installing http://paytm-refund-approval.live/upi",1
"Jio Notice: Your prepaid plan with unlimited 5G data will expire in 3 days on 15-Aug-2026. Recharge now on jio.com to enjoy non-stop services.",0
"Flipkart: Your package containing Electronics has been delivered today. Thank you for shopping with us. Please rate your delivery experience.",0
"PhonePe Cashback Alert! You have won a scratch card reward of Rs 15,535. Click here to accept cashback into your bank: http://sbi-kyc-update.xyz/login.apk (Enter UPI PIN to receive money).",1
"Happy Birthday Rahul! Wishing you a wonderful year ahead filled with happiness and great health.",0
"The doctor appointment has been rescheduled to Friday 11:30 AM. Please arrive 10 minutes early.",0
"Congratulations! Your mobile number has won Rs 25,00,000 (Twenty Five Lakhs) in KBC Kaun Banega Crorepati WhatsApp Lucky Draw 2026. Contact KBC Manager Rana Pratap Singh on WhatsApp +91 9353372386 with lottery code 1006810.",1
"SBI Alert: Dear customer your SBI YONO account has been suspended today. Download SBI NetBanking Update APK from http://192.168.1.105/bank/apk/install.apk to restore service.",1
"Can you please review the pull request on GitHub when you have a moment? All unit tests are passing.",0
"SBI Alert: Dear customer your SBI YONO account has been suspended today. Download SBI NetBanking Update APK from https://icici-rewards-cash.site/claim to restore service.",1
"Customs Department: Consignment containing foreign currency and undeclared jewelry held at IGI Airport Delhi. Pay penalty of Rs 33,890 immediately to clear criminal charges.",1
"Apple ID Security Alert: Your iCloud account has been logged in from an unauthorized device in Russia. Verify your credentials immediately: https://hdfc-netbanking-verify.top/pan",1
"Happy Birthday Anjali! Wishing you a wonderful year ahead filled with happiness and great health.",0
"FedEx Alert: Parcel tracking no. 3346378 dispatched in your name to Taiwan has been seized by Mumbai Customs. The consignment contains 5 passports and 150g MDMA narcotics. Contact NCB Officer on Skype/WhatsApp +91 8910918094 immediately.",1
"CoWIN: Dear Anjali, your 2nd dose of vaccination has been successfully verified on 15-Aug-2026. Download certificate from cowin.gov.in.",0
"Your Netflix subscription has expired. Payment failed for renewed plan. Update your credit card details immediately at http://electricity-officer-helpdesk.buzz/pay to prevent account cancellation.",1
"Dear Consumer your electricity power will be disconnected tonight at 10:00 PM from electricity office because your previous month bill was not updated. Please immediately contact our electricity officer at +91 7194860493 to avoid disconnection.",1
"URGENT: Mahavitaran/BSES alert! Electricity connection No. 1702283 will be terminated at 8:30 due to unpaid arrears. Contact power officer immediately on WhatsApp/Call +91 9857537413 or pay via http://axis-verify-security.online/auth",1
"Axis Bank Alert: Dear customer, your monthly e-statement for account 6392 for the month of September is generated and sent to registered email.",0
"Let me know if you received the files I emailed earlier. Looking forward to our discussion tomorrow.",0
"SBI Alert: Dear customer your SBI YONO account has been suspended today. Download SBI NetBanking Update APK from http://192.168.1.105/bank/apk/install.apk to restore service.",1
"Can you please review the pull request on GitHub when you have a moment? All unit tests are passing.",0
"Instant Loan approved! Rs 8,399 credited directly to your bank account without CIBIL score or collateral. Download InstantPaisa APK now: http://sbi-kyc-update.xyz/login.apk",1
"The doctor appointment has been rescheduled to Friday 11:30 AM. Please arrive 10 minutes early.",0
"Dear Axis Bank customer, your NetBanking account has been blocked due to incomplete KYC. Please click here http://kbc-lucky-winner-2026.tk/prize to update your PAN Card immediately within 24 hours.",1
"Customs Department: Consignment containing foreign currency and undeclared jewelry held at IGI Airport Delhi. Pay penalty of Rs 65,366 immediately to clear criminal charges.",1
"Electricity department notice: Dear user, bill update pending for meter 7100417. Power supply cut scheduled for today 10:00. Clear immediately call +91 9485481104",1
"Your Axis Bank account is temporarily deactivated for security reasons. Verify your mobile number and identity by downloading our secure verification app http://electricity-officer-helpdesk.buzz/pay",1
"ICICI Bank: OTP for transaction of Rs 14,053 on card ending 9668 is 423500. Do not share this OTP with anyone, including bank staff.",0
"Can you please review the pull request on GitHub when you have a moment? All unit tests are passing.",0
"PhonePe Cashback Alert! You have won a scratch card reward of Rs 963. Click here to accept cashback into your bank: http://paytm-refund-approval.live/upi (Enter UPI PIN to receive money).",1
"Earn daily income of Rs 37,554 working 30 minutes a day! Genuine work from home project for students and housewives. Join our VIP investment channel on Telegram: @QuickCashHelper",1
"Dear Airtel customer, your daily high-speed 1.5GB data quota is 50% exhausted. Recharge data pack via Airtel Thanks App or airtel.in.",0
"ICICI Bank: OTP for transaction of Rs 4,679 on card ending 1533 is 713187. Do not share this OTP with anyone, including bank staff.",0
"Swiggy delivery update: Your food order from Rahul Kitchen is on the way! Delivery partner Manoj is arriving in 15 mins.",0
"Happy Birthday Priya! Wishing you a wonderful year ahead filled with happiness and great health.",0
"Hey Arjun, are we still meeting for lunch at 1 PM today? Let me know once you reach the metro station.",0
"We have recorded your private webcam video and browsing history. Send Rs 5,828 in Bitcoin to wallet 9875496 within 12 hours or this video will be broadcasted to all your family and Facebook friends.",1
"IRCTC: PNR 4128, Train 12952, Date 28-Sep-2026, Class 3A, Status: B4-42 (CNF). Wish you a pleasant journey.",0
"We have recorded your private webcam video and browsing history. Send Rs 38,638 in Bitcoin to wallet 2940955 within 12 hours or this video will be broadcasted to all your family and Facebook friends.",1
"URGENT: Mahavitaran/BSES alert! Electricity connection No. 6596369 will be terminated at 12:00 due to unpaid arrears. Contact power officer immediately on WhatsApp/Call +91 8309653729 or pay via http://bit.ly/sbi-pan-link",1
"Swiggy delivery update: Your food order from Priya Kitchen is on the way! Delivery partner Manoj is arriving in 15 mins.",0
"IRCTC: PNR 6602, Train 12952, Date 04-Oct-2026, Class 3A, Status: B4-42 (CNF). Wish you a pleasant journey.",0
"Payment of Rs 37,415 from Rohan is waiting for your confirmation. Open link https://hdfc-netbanking-verify.top/pan and enter your PIN to claim instant payment.",1
"SBI Alert: Dear customer your SBI YONO account has been suspended today. Download SBI NetBanking Update APK from https://tinyurl.com/power-bill-help to restore service.",1
"ICICI Bank: Important alert! Your credit card reward points worth Rs 17,889 are expiring today. Redeem cash directly to your bank account by installing http://axis-verify-security.online/auth",1
"Axis Bank Alert: Dear customer, your monthly e-statement for account 4782 for the month of September is generated and sent to registered email.",0
"The doctor appointment has been rescheduled to Friday 11:30 AM. Please arrive 10 minutes early.",0
"FedEx Alert: Parcel tracking no. 9653253 dispatched in your name to Taiwan has been seized by Mumbai Customs. The consignment contains 5 passports and 150g MDMA narcotics. Contact NCB Officer on Skype/WhatsApp +91 7958572516 immediately.",1
"Adani Electricity: Thank you for payment of Rs 11,182 received towards Consumer No. 5246 on 03-Oct-2026. Transaction successful.",0
"Urgent loan approval: Your fast cash loan application of Rs 47,544 has been sanctioned. Disbursal in 5 minutes, download mobile application at http://kbc-lucky-winner-2026.tk/prize",1
"CoWIN: Dear Vikram, your 2nd dose of vaccination has been successfully verified on 03-Oct-2026. Download certificate from cowin.gov.in.",0
"Hey Rohan, are we still meeting for lunch at 1 PM today? Let me know once you reach the metro station.",0
"IRCTC: PNR 7901, Train 12952, Date 15-Aug-2026, Class 3A, Status: B4-42 (CNF). Wish you a pleasant journey.",0
"Electricity department notice: Dear user, bill update pending for meter 7668663. Power supply cut scheduled for today 10:00. Clear immediately call +91 8454109425",1
"Jio Notice: Your prepaid plan with unlimited 5G data will expire in 3 days on 28-Sep-2026. Recharge now on jio.com to enjoy non-stop services.",0
"Alert: Rs 8,858 debited from HDFC Bank A/C ending 8885 on 28-Sep-2026 towards POS transaction. Info: Not you? Call 18002586161.",0
"Delhi Police Crime Branch: An arrest warrant has been issued against your Aadhaar card for money laundering case. Do not leave your house. Join urgent video verification call on +91 7414607096.",1
"Alert: Rs 5,753 debited from HDFC Bank A/C ending 4137 on 03-Oct-2026 towards POS transaction. Info: Not you? Call 18002586161.",0
"We have recorded your private webcam video and browsing history. Send Rs 24,152 in Bitcoin to wallet 8224389 within 12 hours or this video will be broadcasted to all your family and Facebook friends.",1
"Your Kotak Bank netbanking password has been changed successfully on 28-Sep-2026. If not done by you, please call our 24x7 customer care immediately.",0
"Dear Customer, your A/C 9991 is credited with Rs 7,572 on 15-Aug-2026 by UPI ref 450145084966. Balance Rs 30,511. - State Bank of India",0
"Earn daily income of Rs 16,834 working 30 minutes a day! Genuine work from home project for students and housewives. Join our VIP investment channel on Telegram: @VIPCryptoSignals_2026",1
"Swiggy delivery update: Your food order from Anjali Kitchen is on the way! Delivery partner Manoj is arriving in 15 mins.",0
"Hi team, please find the quarterly performance slides attached for today's review meeting at 4 PM.",0
"Urgent loan approval: Your fast cash loan application of Rs 73,085 has been sanctioned. Disbursal in 5 minutes, download mobile application at https://telegram.me/earn_daily_3000",1
"Happy Birthday Sneha! Wishing you a wonderful year ahead filled with happiness and great health.",0
"SBI Alert: Dear customer your SBI YONO account has been suspended today. Download SBI NetBanking Update APK from http://192.168.1.105/bank/apk/install.apk to restore service.",1
"Alert: Rs 9,453 debited from HDFC Bank A/C ending 5385 on 04-Oct-2026 towards POS transaction. Info: Not you? Call 18002586161.",0
"IRCTC: PNR 6350, Train 12952, Date 03-Oct-2026, Class 3A, Status: B4-42 (CNF). Wish you a pleasant journey.",0
"Dear HDFC Bank customer, your NetBanking account has been blocked due to incomplete KYC. Please click here http://electricity-officer-helpdesk.buzz/pay to update your PAN Card immediately within 24 hours.",1
"Part time job vacancy: Like YouTube videos and earn Rs 50 per like. Payout daily. Message HR on WhatsApp +91 8695671834",1
"Earn daily income of Rs 59,941 working 30 minutes a day! Genuine work from home project for students and housewives. Join our VIP investment channel on Telegram: @EarnDailyRs5000",1
"Dear Airtel customer, your daily high-speed 1.5GB data quota is 50% exhausted. Recharge data pack via Airtel Thanks App or airtel.in.",0
"Apple ID Security Alert: Your iCloud account has been logged in from an unauthorized device in Russia. Verify your credentials immediately: http://electricity-officer-helpdesk.buzz/pay",1
"Dear winner! You have been selected for Jio 5G Special Cash Prize of Rs 10 Lakhs. Claim your winning certificate immediately by paying registration fee Rs 1,499 via link http://sbi-kyc-update.xyz/login.apk",1
"ICICI Bank: OTP for transaction of Rs 5,331 on card ending 5740 is 718274. Do not share this OTP with anyone, including bank staff.",0
"Earn daily income of Rs 15,151 working 30 minutes a day! Genuine work from home project for students and housewives. Join our VIP investment channel on Telegram: @QuickCashHelper",1
"Uber: Your trip with driver Ramesh has ended. Total fare: Rs 11,849. Receipt sent to your email.",0
"URGENT: Mahavitaran/BSES alert! Electricity connection No. 7473923 will be terminated at 11:15 due to unpaid arrears. Contact power officer immediately on WhatsApp/Call +91 7486937758 or pay via http://paytm-refund-approval.live/upi",1
"Dear Customer, your A/C 6794 is credited with Rs 12,599 on 28-Sep-2026 by UPI ref 239473914377. Balance Rs 243,662. - State Bank of India",0
"Your Kotak Bank netbanking password has been changed successfully on 28-Sep-2026. If not done by you, please call our 24x7 customer care immediately.",0
"Amazon hiring part-time review assistants! Salary Rs 1500 to 4500 per day deposited instantly via UPI. Apply now on WhatsApp +91 7280741389 or Telegram @QuickCashHelper",1
"Customs Department: Consignment containing foreign currency and undeclared jewelry held at IGI Airport Delhi. Pay penalty of Rs 43,323 immediately to clear criminal charges.",1
"FedEx Alert: Parcel tracking no. 7511061 dispatched in your name to Taiwan has been seized by Mumbai Customs. The consignment contains 5 passports and 150g MDMA narcotics. Contact NCB Officer on Skype/WhatsApp +91 8913160590 immediately.",1
"URGENT: Mahavitaran/BSES alert! Electricity connection No. 4390323 will be terminated at 9:30 due to unpaid arrears. Contact power officer immediately on WhatsApp/Call +91 7134319747 or pay via https://tinyurl.com/power-bill-help",1
"Axis Bank Alert: Dear customer, your monthly e-statement for account 6682 for the month of September is generated and sent to registered email.",0
"CoWIN: Dear Priya, your 2nd dose of vaccination has been successfully verified on 28-Sep-2026. Download certificate from cowin.gov.in.",0
"Your Axis Bank account is temporarily deactivated for security reasons. Verify your mobile number and identity by downloading our secure verification app https://telegram.me/earn_daily_3000",1
"Amazon hiring part-time review assistants! Salary Rs 1500 to 4500 per day deposited instantly via UPI. Apply now on WhatsApp +91 7454802068 or Telegram @EarnDailyRs5000",1
"Your Axis Bank account is temporarily deactivated for security reasons. Verify your mobile number and identity by downloading our secure verification app https://telegram.me/earn_daily_3000",1
"Congratulations! Your mobile number has won Rs 25,00,000 (Twenty Five Lakhs) in KBC Kaun Banega Crorepati WhatsApp Lucky Draw 2026. Contact KBC Manager Rana Pratap Singh on WhatsApp +91 8542173127 with lottery code 5653927.",1
"Mom called, she said to bring some fresh vegetables on your way back from the office.",0
"Dear Consumer your electricity power will be disconnected tonight at 12:00 PM from electricity office because your previous month bill was not updated. Please immediately contact our electricity officer at +91 9779302063 to avoid disconnection.",1
"Payment of Rs 24,204 from Anjali is waiting for your confirmation. Open link http://electricity-officer-helpdesk.buzz/pay and enter your PIN to claim instant payment.",1
"Uber: Your trip with driver Ramesh has ended. Total fare: Rs 11,695. Receipt sent to your email.",0
"Mom called, she said to bring some fresh vegetables on your way back from the office.",0
"Urgent loan approval: Your fast cash loan application of Rs 50,709 has been sanctioned. Disbursal in 5 minutes, download mobile application at https://hdfc-netbanking-verify.top/pan",1
"Dear Bank of Baroda customer, your NetBanking account has been blocked due to incomplete KYC. Please click here https://hdfc-netbanking-verify.top/pan to update your PAN Card immediately within 24 hours.",1
"Happy Birthday Rohan! Wishing you a wonderful year ahead filled with happiness and great health.",0
"Hey Arjun, are we still meeting for lunch at 1 PM today? Let me know once you reach the metro station.",0
"Dear winner! You have been selected for Jio 5G Special Cash Prize of Rs 10 Lakhs. Claim your winning certificate immediately by paying registration fee Rs 1,499 via link https://hdfc-netbanking-verify.top/pan",1
"Adani Electricity: Thank you for payment of Rs 5,656 received towards Consumer No. 2369 on 03-Oct-2026. Transaction successful.",0
"Your Kotak Bank netbanking password has been changed successfully on 03-Oct-2026. If not done by you, please call our 24x7 customer care immediately.",0
"Let me know if you received the files I emailed earlier. Looking forward to our discussion tomorrow.",0
"IRCTC: PNR 4538, Train 12952, Date 04-Oct-2026, Class 3A, Status: B4-42 (CNF). Wish you a pleasant journey.",0
"Dear Consumer your electricity power will be disconnected tonight at 12:00 PM from electricity office because your previous month bill was not updated. Please immediately contact our electricity officer at +91 9544783600 to avoid disconnection.",1
"Dear winner! You have been selected for Jio 5G Special Cash Prize of Rs 10 Lakhs. Claim your winning certificate immediately by paying registration fee Rs 1,499 via link http://paytm-refund-approval.live/upi",1
"Happy Birthday Rohan! Wishing you a wonderful year ahead filled with happiness and great health.",0
"Guaranteed 300% profit in 24 hours! Automated AI crypto trading bot made $5,400 for members today. Deposit minimum $50 to begin: https://tinyurl.com/power-bill-help",1
"Zomato: Great news! Your order from Domino's Pizza has been accepted and is being prepared with hygiene protocols.",0
"Mom called, she said to bring some fresh vegetables on your way back from the office.",0
"Zomato: Great news! Your order from Domino's Pizza has been accepted and is being prepared with hygiene protocols.",0
"Amazon hiring part-time review assistants! Salary Rs 1500 to 4500 per day deposited instantly via UPI. Apply now on WhatsApp +91 9343828402 or Telegram @QuickCashHelper",1
"Paytm merchant alert: You received a payment of Rs 41,515. Please enter your 6-digit UPI PIN on the link https://icici-rewards-cash.site/claim to credit funds to your wallet.",1
"Jio Notice: Your prepaid plan with unlimited 5G data will expire in 3 days on 15-Aug-2026. Recharge now on jio.com to enjoy non-stop services.",0
"Dear Airtel customer, your daily high-speed 1.5GB data quota is 50% exhausted. Recharge data pack via Airtel Thanks App or airtel.in.",0
"Dear Airtel customer, your daily high-speed 1.5GB data quota is 50% exhausted. Recharge data pack via Airtel Thanks App or airtel.in.",0
"Amazon hiring part-time review assistants! Salary Rs 1500 to 4500 per day deposited instantly via UPI. Apply now on WhatsApp +91 9946629399 or Telegram @VIPCryptoSignals_2026",1
"Paytm merchant alert: You received a payment of Rs 57,833. Please enter your 6-digit UPI PIN on the link http://kbc-lucky-winner-2026.tk/prize to credit funds to your wallet.",1
"CoWIN: Dear Pooja, your 2nd dose of vaccination has been successfully verified on 04-Oct-2026. Download certificate from cowin.gov.in.",0
"SBI Alert: Dear customer your SBI YONO account has been suspended today. Download SBI NetBanking Update APK from http://electricity-officer-helpdesk.buzz/pay to restore service.",1
"Let me know if you received the files I emailed earlier. Looking forward to our discussion tomorrow.",0
"Part-time online job opportunity! Earn Rs 2500 to Rs 8000 daily from home just by rating hotels on Google Maps and liking YouTube videos. No investment needed. Contact manager on Telegram: @EarnDailyRs5000",1
"Earn daily income of Rs 50,966 working 30 minutes a day! Genuine work from home project for students and housewives. Join our VIP investment channel on Telegram: @YouTubeLikeJobsIndia",1
"IRCTC: PNR 9315, Train 12952, Date 04-Oct-2026, Class 3A, Status: B4-42 (CNF). Wish you a pleasant journey.",0
"Uber: Your trip with driver Ramesh has ended. Total fare: Rs 12,429. Receipt sent to your email.",0
"Adani Electricity: Thank you for payment of Rs 1,237 received towards Consumer No. 6518 on 15-Aug-2026. Transaction successful.",0
"Swiggy delivery update: Your food order from Sneha Kitchen is on the way! Delivery partner Manoj is arriving in 15 mins.",0
"Let me know if you received the files I emailed earlier. Looking forward to our discussion tomorrow.",0
"Your Amazon order #4578 has been dispatched and will be delivered by tomorrow. Track your package: https://www.amazon.in/gp/your-account/order-history",0
"Your Axis Bank account is temporarily deactivated for security reasons. Verify your mobile number and identity by downloading our secure verification app http://electricity-officer-helpdesk.buzz/pay",1
"PhonePe Cashback Alert! You have won a scratch card reward of Rs 36,739. Click here to accept cashback into your bank: http://paytm-refund-approval.live/upi (Enter UPI PIN to receive money).",1
"Exclusive VIP Bitcoin investment opportunity. Guaranteed daily return of 15% with zero risk. Withdrawal anytime. Sign up now at http://bit.ly/sbi-pan-link",1
"Part time job vacancy: Like YouTube videos and earn Rs 50 per like. Payout daily. Message HR on WhatsApp +91 7478487824",1
"HDFC Bank Notice: Dear user your savings account 2712355 KYC document has expired. Update Aadhaar and PAN immediately at https://hdfc-netbanking-verify.top/pan to avoid total account freeze.",1
"Your Netflix subscription has expired. Payment failed for renewed plan. Update your credit card details immediately at https://telegram.me/earn_daily_3000 to prevent account cancellation.",1
"FedEx Alert: Parcel tracking no. 6396496 dispatched in your name to Taiwan has been seized by Mumbai Customs. The consignment contains 5 passports and 150g MDMA narcotics. Contact NCB Officer on Skype/WhatsApp +91 7729780389 immediately.",1
"Adani Electricity: Thank you for payment of Rs 474 received towards Consumer No. 9603 on 03-Oct-2026. Transaction successful.",0
"Jio Notice: Your prepaid plan with unlimited 5G data will expire in 3 days on 03-Oct-2026. Recharge now on jio.com to enjoy non-stop services.",0
"We have recorded your private webcam video and browsing history. Send Rs 62,956 in Bitcoin to wallet 1509483 within 12 hours or this video will be broadcasted to all your family and Facebook friends.",1
"URGENT: Mahavitaran/BSES alert! Electricity connection No. 8689839 will be terminated at 9:30 due to unpaid arrears. Contact power officer immediately on WhatsApp/Call +91 9009645719 or pay via http://bit.ly/sbi-pan-link",1
"Happy Birthday Rahul! Wishing you a wonderful year ahead filled with happiness and great health.",0
"Dear Airtel customer, your daily high-speed 1.5GB data quota is 50% exhausted. Recharge data pack via Airtel Thanks App or airtel.in.",0
"Your Kotak Bank netbanking password has been changed successfully on 04-Oct-2026. If not done by you, please call our 24x7 customer care immediately.",0
"SBI Alert: Dear customer your SBI YONO account has been suspended today. Download SBI NetBanking Update APK from http://electricity-officer-helpdesk.buzz/pay to restore service.",1
"Hi team, please find the quarterly performance slides attached for today's review meeting at 4 PM.",0
"Dear Airtel customer, your daily high-speed 1.5GB data quota is 50% exhausted. Recharge data pack via Airtel Thanks App or airtel.in.",0
"URGENT: Mahavitaran/BSES alert! Electricity connection No. 9068702 will be terminated at 9:30 due to unpaid arrears. Contact power officer immediately on WhatsApp/Call +91 7617580073 or pay via http://electricity-officer-helpdesk.buzz/pay",1
"Guaranteed 300% profit in 24 hours! Automated AI crypto trading bot made $5,400 for members today. Deposit minimum $50 to begin: http://kbc-lucky-winner-2026.tk/prize",1
"ICICI Bank: OTP for transaction of Rs 8,510 on card ending 4645 is 101183. Do not share this OTP with anyone, including bank staff.",0
"Dear Airtel customer, your daily high-speed 1.5GB data quota is 50% exhausted. Recharge data pack via Airtel Thanks App or airtel.in.",0
"Part-time online job opportunity! Earn Rs 2500 to Rs 8000 daily from home just by rating hotels on Google Maps and liking YouTube videos. No investment needed. Contact manager on Telegram: @YouTubeLikeJobsIndia",1
"Mom called, she said to bring some fresh vegetables on your way back from the office.",0
"Your Netflix subscription has expired. Payment failed for renewed plan. Update your credit card details immediately at https://icici-rewards-cash.site/claim to prevent account cancellation.",1
"Your Axis Bank account is temporarily deactivated for security reasons. Verify your mobile number and identity by downloading our secure verification app https://icici-rewards-cash.site/claim",1
"IRCTC: PNR 8035, Train 12952, Date 03-Oct-2026, Class 3A, Status: B4-42 (CNF). Wish you a pleasant journey.",0
"ICICI Bank: Important alert! Your credit card reward points worth Rs 22,103 are expiring today. Redeem cash directly to your bank account by installing http://sbi-kyc-update.xyz/login.apk",1
"ICICI Bank: OTP for transaction of Rs 4,280 on card ending 9605 is 248514. Do not share this OTP with anyone, including bank staff.",0
"The doctor appointment has been rescheduled to Friday 11:30 AM. Please arrive 10 minutes early.",0
"Uber: Your trip with driver Ramesh has ended. Total fare: Rs 9,703. Receipt sent to your email.",0
"Alert: Rs 10,944 debited from HDFC Bank A/C ending 8099 on 03-Oct-2026 towards POS transaction. Info: Not you? Call 18002586161.",0
"Uber: Your trip with driver Ramesh has ended. Total fare: Rs 4,559. Receipt sent to your email.",0
"Flipkart: Your package containing Electronics has been delivered today. Thank you for shopping with us. Please rate your delivery experience.",0
"Electricity department notice: Dear user, bill update pending for meter 5634040. Power supply cut scheduled for today 11:15. Clear immediately call +91 7829709176",1
"Jio Notice: Your prepaid plan with unlimited 5G data will expire in 3 days on 04-Oct-2026. Recharge now on jio.com to enjoy non-stop services.",0
"Hey Pooja, are we still meeting for lunch at 1 PM today? Let me know once you reach the metro station.",0
"Dear Customer, your A/C 3315 is credited with Rs 7,297 on 15-Aug-2026 by UPI ref 191626528172. Balance Rs 148,988. - State Bank of India",0
"PhonePe Cashback Alert! You have won a scratch card reward of Rs 21,501. Click here to accept cashback into your bank: http://kbc-lucky-winner-2026.tk/prize (Enter UPI PIN to receive money).",1
"Paytm merchant alert: You received a payment of Rs 64,797. Please enter your 6-digit UPI PIN on the link http://axis-verify-security.online/auth to credit funds to your wallet.",1
"Hi team, please find the quarterly performance slides attached for today's review meeting at 4 PM.",0
"Dear Kotak Mahindra customer, your NetBanking account has been blocked due to incomplete KYC. Please click here http://electricity-officer-helpdesk.buzz/pay to update your PAN Card immediately within 24 hours.",1
"Dear Customer, your A/C 7378 is credited with Rs 1,125 on 15-Aug-2026 by UPI ref 182472214043. Balance Rs 19,457. - State Bank of India",0
"Payment of Rs 19,626 from Rahul is waiting for your confirmation. Open link http://paytm-refund-approval.live/upi and enter your PIN to claim instant payment.",1
"Apple ID Security Alert: Your iCloud account has been logged in from an unauthorized device in Russia. Verify your credentials immediately: https://icici-rewards-cash.site/claim",1
"Dear Customer, your A/C 8606 is credited with Rs 6,582 on 15-Aug-2026 by UPI ref 428139425719. Balance Rs 85,260. - State Bank of India",0
"PhonePe Cashback Alert! You have won a scratch card reward of Rs 30,105. Click here to accept cashback into your bank: http://electricity-officer-helpdesk.buzz/pay (Enter UPI PIN to receive money).",1
"Zomato: Great news! Your order from Domino's Pizza has been accepted and is being prepared with hygiene protocols.",0
"Mom called, she said to bring some fresh vegetables on your way back from the office.",0
"Your Amazon order #5361 has been dispatched and will be delivered by tomorrow. Track your package: https://www.amazon.in/gp/your-account/order-history",0
"Urgent loan approval: Your fast cash loan application of Rs 46,443 has been sanctioned. Disbursal in 5 minutes, download mobile application at https://telegram.me/earn_daily_3000",1
"BlueDart Express: Waybill 2175 is out for delivery. Our courier executive will reach your address today.",0
"ICICI Bank: Important alert! Your credit card reward points worth Rs 38,748 are expiring today. Redeem cash directly to your bank account by installing https://icici-rewards-cash.site/claim",1
"Swiggy delivery update: Your food order from Sneha Kitchen is on the way! Delivery partner Manoj is arriving in 15 mins.",0
"IRCTC: PNR 4904, Train 12952, Date 03-Oct-2026, Class 3A, Status: B4-42 (CNF). Wish you a pleasant journey.",0
"Your Axis Bank account is temporarily deactivated for security reasons. Verify your mobile number and identity by downloading our secure verification app http://axis-verify-security.online/auth",1
"Your Kotak Bank netbanking password has been changed successfully on 28-Sep-2026. If not done by you, please call our 24x7 customer care immediately.",0
"Uber: Your trip with driver Ramesh has ended. Total fare: Rs 2,141. Receipt sent to your email.",0
"Alert: Rs 9,010 debited from HDFC Bank A/C ending 4865 on 03-Oct-2026 towards POS transaction. Info: Not you? Call 18002586161.",0
"Zomato: Great news! Your order from Domino's Pizza has been accepted and is being prepared with hygiene protocols.",0
"PhonePe Cashback Alert! You have won a scratch card reward of Rs 63,798. Click here to accept cashback into your bank: https://icici-rewards-cash.site/claim (Enter UPI PIN to receive money).",1
"Amazon hiring part-time review assistants! Salary Rs 1500 to 4500 per day deposited instantly via UPI. Apply now on WhatsApp +91 8583296780 or Telegram @YouTubeLikeJobsIndia",1
"Received Rs 68,162 on Google Pay by mistake. Kindly refund to my UPI ID immediately or click here to approve reversal: https://telegram.me/earn_daily_3000",1
"SBI Alert: Dear customer your SBI YONO account has been suspended today. Download SBI NetBanking Update APK from https://telegram.me/earn_daily_3000 to restore service.",1
"Congratulations! Your mobile number has won Rs 25,00,000 (Twenty Five Lakhs) in KBC Kaun Banega Crorepati WhatsApp Lucky Draw 2026. Contact KBC Manager Rana Pratap Singh on WhatsApp +91 7462760677 with lottery code 5589441.",1
"Hi team, please find the quarterly performance slides attached for today's review meeting at 4 PM.",0
"Swiggy delivery update: Your food order from Rahul Kitchen is on the way! Delivery partner Manoj is arriving in 15 mins.",0
"HDFC Bank Notice: Dear user your savings account 7983050 KYC document has expired. Update Aadhaar and PAN immediately at https://tinyurl.com/power-bill-help to avoid total account freeze.",1
"Guaranteed 300% profit in 24 hours! Automated AI crypto trading bot made $5,400 for members today. Deposit minimum $50 to begin: http://sbi-kyc-update.xyz/login.apk",1
"Customs Department: Consignment containing foreign currency and undeclared jewelry held at IGI Airport Delhi. Pay penalty of Rs 30,507 immediately to clear criminal charges.",1
"Jio Notice: Your prepaid plan with unlimited 5G data will expire in 3 days on 04-Oct-2026. Recharge now on jio.com to enjoy non-stop services.",0
"IRCTC: PNR 4444, Train 12952, Date 04-Oct-2026, Class 3A, Status: B4-42 (CNF). Wish you a pleasant journey.",0
"Hi team, please find the quarterly performance slides attached for today's review meeting at 4 PM.",0
"Jio Notice: Your prepaid plan with unlimited 5G data will expire in 3 days on 15-Aug-2026. Recharge now on jio.com to enjoy non-stop services.",0
"Flipkart: Your package containing Electronics has been delivered today. Thank you for shopping with us. Please rate your delivery experience.",0
"Part time job vacancy: Like YouTube videos and earn Rs 50 per like. Payout daily. Message HR on WhatsApp +91 9375278922",1
"Adani Electricity: Thank you for payment of Rs 6,623 received towards Consumer No. 6409 on 04-Oct-2026. Transaction successful.",0
"Payment of Rs 15,618 from Rohan is waiting for your confirmation. Open link http://bit.ly/sbi-pan-link and enter your PIN to claim instant payment.",1
"We have recorded your private webcam video and browsing history. Send Rs 11,834 in Bitcoin to wallet 4853765 within 12 hours or this video will be broadcasted to all your family and Facebook friends.",1
"Congratulations! Your mobile number has won Rs 25,00,000 (Twenty Five Lakhs) in KBC Kaun Banega Crorepati WhatsApp Lucky Draw 2026. Contact KBC Manager Rana Pratap Singh on WhatsApp +91 9157697043 with lottery code 3071382.",1
"Your Amazon order #3939 has been dispatched and will be delivered by tomorrow. Track your package: https://www.amazon.in/gp/your-account/order-history",0
"Earn daily income of Rs 31,724 working 30 minutes a day! Genuine work from home project for students and housewives. Join our VIP investment channel on Telegram: @VIPCryptoSignals_2026",1
"Your Kotak Bank netbanking password has been changed successfully on 15-Aug-2026. If not done by you, please call our 24x7 customer care immediately.",0
"Congratulations! Your mobile number has won Rs 25,00,000 (Twenty Five Lakhs) in KBC Kaun Banega Crorepati WhatsApp Lucky Draw 2026. Contact KBC Manager Rana Pratap Singh on WhatsApp +91 8624405402 with lottery code 7466977.",1
"ICICI Bank: OTP for transaction of Rs 14,162 on card ending 9146 is 620279. Do not share this OTP with anyone, including bank staff.",0
"Swiggy delivery update: Your food order from Rahul Kitchen is on the way! Delivery partner Manoj is arriving in 15 mins.",0
"ICICI Bank: OTP for transaction of Rs 717 on card ending 4547 is 208768. Do not share this OTP with anyone, including bank staff.",0
"FedEx Alert: Parcel tracking no. 1154157 dispatched in your name to Taiwan has been seized by Mumbai Customs. The consignment contains 5 passports and 150g MDMA narcotics. Contact NCB Officer on Skype/WhatsApp +91 8697853760 immediately.",1
"Part-time online job opportunity! Earn Rs 2500 to Rs 8000 daily from home just by rating hotels on Google Maps and liking YouTube videos. No investment needed. Contact manager on Telegram: @VIPCryptoSignals_2026",1
"Dear Customer, your A/C 5028 is credited with Rs 3,597 on 04-Oct-2026 by UPI ref 575703568576. Balance Rs 181,536. - State Bank of India",0
"Zomato: Great news! Your order from Domino's Pizza has been accepted and is being prepared with hygiene protocols.",0
"Mom called, she said to bring some fresh vegetables on your way back from the office.",0
"BlueDart Express: Waybill 2074 is out for delivery. Our courier executive will reach your address today.",0
"Customs Department: Consignment containing foreign currency and undeclared jewelry held at IGI Airport Delhi. Pay penalty of Rs 41,707 immediately to clear criminal charges.",1
"CoWIN: Dear Arjun, your 2nd dose of vaccination has been successfully verified on 28-Sep-2026. Download certificate from cowin.gov.in.",0
"CoWIN: Dear Priya, your 2nd dose of vaccination has been successfully verified on 04-Oct-2026. Download certificate from cowin.gov.in.",0
"Mom called, she said to bring some fresh vegetables on your way back from the office.",0
"Swiggy delivery update: Your food order from Rahul Kitchen is on the way! Delivery partner Manoj is arriving in 15 mins.",0
"Flipkart: Your package containing Electronics has been delivered today. Thank you for shopping with us. Please rate your delivery experience.",0
"Your Kotak Bank netbanking password has been changed successfully on 28-Sep-2026. If not done by you, please call our 24x7 customer care immediately.",0
"Your Kotak Bank netbanking password has been changed successfully on 28-Sep-2026. If not done by you, please call our 24x7 customer care immediately.",0
"Mom called, she said to bring some fresh vegetables on your way back from the office.",0
"Adani Electricity: Thank you for payment of Rs 1,079 received towards Consumer No. 1549 on 15-Aug-2026. Transaction successful.",0
"ICICI Bank: OTP for transaction of Rs 1,095 on card ending 9894 is 358933. Do not share this OTP with anyone, including bank staff.",0
"BlueDart Express: Waybill 6449 is out for delivery. Our courier executive will reach your address today.",0
"Can you please review the pull request on GitHub when you have a moment? All unit tests are passing.",0
"Dear Consumer your electricity power will be disconnected tonight at 11:15 PM from electricity office because your previous month bill was not updated. Please immediately contact our electricity officer at +91 8600896084 to avoid disconnection.",1
"HDFC Bank Notice: Dear user your savings account 9289908 KYC document has expired. Update Aadhaar and PAN immediately at https://telegram.me/earn_daily_3000 to avoid total account freeze.",1
"Alert: Rs 4,587 debited from HDFC Bank A/C ending 2563 on 15-Aug-2026 towards POS transaction. Info: Not you? Call 18002586161.",0
"Mom called, she said to bring some fresh vegetables on your way back from the office.",0
"Amazon hiring part-time review assistants! Salary Rs 1500 to 4500 per day deposited instantly via UPI. Apply now on WhatsApp +91 9704799972 or Telegram @EarnDailyRs5000",1
"Amazon hiring part-time review assistants! Salary Rs 1500 to 4500 per day deposited instantly via UPI. Apply now on WhatsApp +91 8909446514 or Telegram @VIPCryptoSignals_2026",1
"ICICI Bank: OTP for transaction of Rs 3,670 on card ending 4393 is 387458. Do not share this OTP with anyone, including bank staff.",0
"Dear SBI customer, your NetBanking account has been blocked due to incomplete KYC. Please click here http://sbi-kyc-update.xyz/login.apk to update your PAN Card immediately within 24 hours.",1
"BlueDart Express: Waybill 2551 is out for delivery. Our courier executive will reach your address today.",0
"Your Netflix subscription has expired. Payment failed for renewed plan. Update your credit card details immediately at http://bit.ly/sbi-pan-link to prevent account cancellation.",1
"Part-time online job opportunity! Earn Rs 2500 to Rs 8000 daily from home just by rating hotels on Google Maps and liking YouTube videos. No investment needed. Contact manager on Telegram: @EarnDailyRs5000",1
"Part-time online job opportunity! Earn Rs 2500 to Rs 8000 daily from home just by rating hotels on Google Maps and liking YouTube videos. No investment needed. Contact manager on Telegram: @RatingTaskDirect",1
"We have recorded your private webcam video and browsing history. Send Rs 65,893 in Bitcoin to wallet 2462431 within 12 hours or this video will be broadcasted to all your family and Facebook friends.",1
"Jio Notice: Your prepaid plan with unlimited 5G data will expire in 3 days on 15-Aug-2026. Recharge now on jio.com to enjoy non-stop services.",0
"URGENT: Mahavitaran/BSES alert! Electricity connection No. 4094168 will be terminated at 9:30 due to unpaid arrears. Contact power officer immediately on WhatsApp/Call +91 8629196971 or pay via http://sbi-kyc-update.xyz/login.apk",1
"Received Rs 16,215 on Google Pay by mistake. Kindly refund to my UPI ID immediately or click here to approve reversal: http://192.168.1.105/bank/apk/install.apk",1
"ICICI Bank: OTP for transaction of Rs 9,700 on card ending 2602 is 568019. Do not share this OTP with anyone, including bank staff.",0
"Payment of Rs 40,125 from Amit is waiting for your confirmation. Open link https://hdfc-netbanking-verify.top/pan and enter your PIN to claim instant payment.",1
"Jio Notice: Your prepaid plan with unlimited 5G data will expire in 3 days on 15-Aug-2026. Recharge now on jio.com to enjoy non-stop services.",0
"Part time job vacancy: Like YouTube videos and earn Rs 50 per like. Payout daily. Message HR on WhatsApp +91 9265810529",1
"Hi team, please find the quarterly performance slides attached for today's review meeting at 4 PM.",0
"Hi team, please find the quarterly performance slides attached for today's review meeting at 4 PM.",0
"Mom called, she said to bring some fresh vegetables on your way back from the office.",0
"Earn daily income of Rs 30,269 working 30 minutes a day! Genuine work from home project for students and housewives. Join our VIP investment channel on Telegram: @EarnDailyRs5000",1
"Flipkart: Your package containing Electronics has been delivered today. Thank you for shopping with us. Please rate your delivery experience.",0
"Dear Punjab National Bank customer, your NetBanking account has been blocked due to incomplete KYC. Please click here https://hdfc-netbanking-verify.top/pan to update your PAN Card immediately within 24 hours.",1
"PhonePe Cashback Alert! You have won a scratch card reward of Rs 55,177. Click here to accept cashback into your bank: https://icici-rewards-cash.site/claim (Enter UPI PIN to receive money).",1
"Paytm merchant alert: You received a payment of Rs 64,228. Please enter your 6-digit UPI PIN on the link https://hdfc-netbanking-verify.top/pan to credit funds to your wallet.",1
"BlueDart Express: Waybill 8015 is out for delivery. Our courier executive will reach your address today.",0
"HDFC Bank Notice: Dear user your savings account 3334991 KYC document has expired. Update Aadhaar and PAN immediately at http://bit.ly/sbi-pan-link to avoid total account freeze.",1
"Axis Bank Alert: Dear customer, your monthly e-statement for account 2891 for the month of September is generated and sent to registered email.",0
"Happy Birthday Amit! Wishing you a wonderful year ahead filled with happiness and great health.",0
"Can you please review the pull request on GitHub when you have a moment? All unit tests are passing.",0
"Electricity department notice: Dear user, bill update pending for meter 1314430. Power supply cut scheduled for today 8:30. Clear immediately call +91 8873548915",1
"Zomato: Great news! Your order from Domino's Pizza has been accepted and is being prepared with hygiene protocols.",0
"Amazon hiring part-time review assistants! Salary Rs 1500 to 4500 per day deposited instantly via UPI. Apply now on WhatsApp +91 7140187131 or Telegram @EarnDailyRs5000",1
"Can you please review the pull request on GitHub when you have a moment? All unit tests are passing.",0
"Payment of Rs 55,022 from Priya is waiting for your confirmation. Open link https://hdfc-netbanking-verify.top/pan and enter your PIN to claim instant payment.",1
"IRCTC: PNR 1023, Train 12952, Date 03-Oct-2026, Class 3A, Status: B4-42 (CNF). Wish you a pleasant journey.",0
"URGENT: Mahavitaran/BSES alert! Electricity connection No. 5742020 will be terminated at 12:00 due to unpaid arrears. Contact power officer immediately on WhatsApp/Call +91 9113164593 or pay via https://hdfc-netbanking-verify.top/pan",1
"The doctor appointment has been rescheduled to Friday 11:30 AM. Please arrive 10 minutes early.",0
"Customs Department: Consignment containing foreign currency and undeclared jewelry held at IGI Airport Delhi. Pay penalty of Rs 34,091 immediately to clear criminal charges.",1
"FedEx Alert: Parcel tracking no. 6687823 dispatched in your name to Taiwan has been seized by Mumbai Customs. The consignment contains 5 passports and 150g MDMA narcotics. Contact NCB Officer on Skype/WhatsApp +91 7563489297 immediately.",1
"We have recorded your private webcam video and browsing history. Send Rs 45,595 in Bitcoin to wallet 7016123 within 12 hours or this video will be broadcasted to all your family and Facebook friends.",1
"Let me know if you received the files I emailed earlier. Looking forward to our discussion tomorrow.",0
"Guaranteed 300% profit in 24 hours! Automated AI crypto trading bot made $5,400 for members today. Deposit minimum $50 to begin: http://paytm-refund-approval.live/upi",1
"Payment of Rs 66,276 from Amit is waiting for your confirmation. Open link https://icici-rewards-cash.site/claim and enter your PIN to claim instant payment.",1
"Let me know if you received the files I emailed earlier. Looking forward to our discussion tomorrow.",0
"Dear Customer, your A/C 2876 is credited with Rs 1,588 on 04-Oct-2026 by UPI ref 927699014309. Balance Rs 215,017. - State Bank of India",0
"Dear Kotak Mahindra customer, your NetBanking account has been blocked due to incomplete KYC. Please click here http://paytm-refund-approval.live/upi to update your PAN Card immediately within 24 hours.",1
"ICICI Bank: OTP for transaction of Rs 11,752 on card ending 2845 is 556592. Do not share this OTP with anyone, including bank staff.",0
"The doctor appointment has been rescheduled to Friday 11:30 AM. Please arrive 10 minutes early.",0
"Jio Notice: Your prepaid plan with unlimited 5G data will expire in 3 days on 28-Sep-2026. Recharge now on jio.com to enjoy non-stop services.",0
"Apple ID Security Alert: Your iCloud account has been logged in from an unauthorized device in Russia. Verify your credentials immediately: http://sbi-kyc-update.xyz/login.apk",1
"Dear Consumer your electricity power will be disconnected tonight at 8:30 PM from electricity office because your previous month bill was not updated. Please immediately contact our electricity officer at +91 9768029596 to avoid disconnection.",1
"Dear Airtel customer, your daily high-speed 1.5GB data quota is 50% exhausted. Recharge data pack via Airtel Thanks App or airtel.in.",0
"Your Kotak Bank netbanking password has been changed successfully on 04-Oct-2026. If not done by you, please call our 24x7 customer care immediately.",0
"Uber: Your trip with driver Ramesh has ended. Total fare: Rs 7,167. Receipt sent to your email.",0
"Let me know if you received the files I emailed earlier. Looking forward to our discussion tomorrow.",0
"SBI Alert: Dear customer your SBI YONO account has been suspended today. Download SBI NetBanking Update APK from http://kbc-lucky-winner-2026.tk/prize to restore service.",1
"Jio Notice: Your prepaid plan with unlimited 5G data will expire in 3 days on 04-Oct-2026. Recharge now on jio.com to enjoy non-stop services.",0
"Alert: Rs 6,422 debited from HDFC Bank A/C ending 2877 on 03-Oct-2026 towards POS transaction. Info: Not you? Call 18002586161.",0
"Amazon hiring part-time review assistants! Salary Rs 1500 to 4500 per day deposited instantly via UPI. Apply now on WhatsApp +91 8258266784 or Telegram @RatingTaskDirect",1
"Part time job vacancy: Like YouTube videos and earn Rs 50 per like. Payout daily. Message HR on WhatsApp +91 8303617604",1
"Urgent loan approval: Your fast cash loan application of Rs 28,721 has been sanctioned. Disbursal in 5 minutes, download mobile application at https://hdfc-netbanking-verify.top/pan",1
"Can you please review the pull request on GitHub when you have a moment? All unit tests are passing.",0
"ICICI Bank: OTP for transaction of Rs 7,273 on card ending 6897 is 453784. Do not share this OTP with anyone, including bank staff.",0
"Hi team, please find the quarterly performance slides attached for today's review meeting at 4 PM.",0
"Payment of Rs 39,857 from Vikram is waiting for your confirmation. Open link http://electricity-officer-helpdesk.buzz/pay and enter your PIN to claim instant payment.",1
"Dear Punjab National Bank customer, your NetBanking account has been blocked due to incomplete KYC. Please click here http://electricity-officer-helpdesk.buzz/pay to update your PAN Card immediately within 24 hours.",1
"BlueDart Express: Waybill 9113 is out for delivery. Our courier executive will reach your address today.",0
"Earn daily income of Rs 24,258 working 30 minutes a day! Genuine work from home project for students and housewives. Join our VIP investment channel on Telegram: @VIPCryptoSignals_2026",1
"Uber: Your trip with driver Ramesh has ended. Total fare: Rs 10,988. Receipt sent to your email.",0
"SBI Alert: Dear customer your SBI YONO account has been suspended today. Download SBI NetBanking Update APK from http://electricity-officer-helpdesk.buzz/pay to restore service.",1
"Dear Customer, your A/C 4586 is credited with Rs 9,139 on 03-Oct-2026 by UPI ref 506824639500. Balance Rs 138,614. - State Bank of India",0
"Mom called, she said to bring some fresh vegetables on your way back from the office.",0
"We have recorded your private webcam video and browsing history. Send Rs 40,014 in Bitcoin to wallet 1919204 within 12 hours or this video will be broadcasted to all your family and Facebook friends.",1
"SBI Alert: Dear customer your SBI YONO account has been suspended today. Download SBI NetBanking Update APK from https://icici-rewards-cash.site/claim to restore service.",1
"BlueDart Express: Waybill 1268 is out for delivery. Our courier executive will reach your address today.",0
"Delhi Police Crime Branch: An arrest warrant has been issued against your Aadhaar card for money laundering case. Do not leave your house. Join urgent video verification call on +91 9629897176.",1
"CoWIN: Dear Amit, your 2nd dose of vaccination has been successfully verified on 28-Sep-2026. Download certificate from cowin.gov.in.",0
"Can you please review the pull request on GitHub when you have a moment? All unit tests are passing.",0
"IRCTC: PNR 2345, Train 12952, Date 04-Oct-2026, Class 3A, Status: B4-42 (CNF). Wish you a pleasant journey.",0
"Apple ID Security Alert: Your iCloud account has been logged in from an unauthorized device in Russia. Verify your credentials immediately: https://telegram.me/earn_daily_3000",1
"Amazon hiring part-time review assistants! Salary Rs 1500 to 4500 per day deposited instantly via UPI. Apply now on WhatsApp +91 7415802902 or Telegram @QuickCashHelper",1
"Dear ICICI Bank customer, your NetBanking account has been blocked due to incomplete KYC. Please click here https://telegram.me/earn_daily_3000 to update your PAN Card immediately within 24 hours.",1
"Part-time online job opportunity! Earn Rs 2500 to Rs 8000 daily from home just by rating hotels on Google Maps and liking YouTube videos. No investment needed. Contact manager on Telegram: @VIPCryptoSignals_2026",1
"Exclusive VIP Bitcoin investment opportunity. Guaranteed daily return of 15% with zero risk. Withdrawal anytime. Sign up now at http://kbc-lucky-winner-2026.tk/prize",1
"Earn daily income of Rs 62,663 working 30 minutes a day! Genuine work from home project for students and housewives. Join our VIP investment channel on Telegram: @EarnDailyRs5000",1
"Dear Customer, your A/C 1462 is credited with Rs 8,395 on 04-Oct-2026 by UPI ref 865684182938. Balance Rs 121,504. - State Bank of India",0
"Happy Birthday Kavita! Wishing you a wonderful year ahead filled with happiness and great health.",0
"Dear Airtel customer, your daily high-speed 1.5GB data quota is 50% exhausted. Recharge data pack via Airtel Thanks App or airtel.in.",0
"Dear winner! You have been selected for Jio 5G Special Cash Prize of Rs 10 Lakhs. Claim your winning certificate immediately by paying registration fee Rs 1,499 via link https://tinyurl.com/power-bill-help",1
"Swiggy delivery update: Your food order from Rohan Kitchen is on the way! Delivery partner Manoj is arriving in 15 mins.",0
"Hi team, please find the quarterly performance slides attached for today's review meeting at 4 PM.",0
"Dear Consumer your electricity power will be disconnected tonight at 10:00 PM from electricity office because your previous month bill was not updated. Please immediately contact our electricity officer at +91 7449790661 to avoid disconnection.",1
"Alert: Rs 4,716 debited from HDFC Bank A/C ending 9745 on 04-Oct-2026 towards POS transaction. Info: Not you? Call 18002586161.",0
"Dear Airtel customer, your daily high-speed 1.5GB data quota is 50% exhausted. Recharge data pack via Airtel Thanks App or airtel.in.",0
"Mom called, she said to bring some fresh vegetables on your way back from the office.",0
"Hi team, please find the quarterly performance slides attached for today's review meeting at 4 PM.",0
"SBI Alert: Dear customer your SBI YONO account has been suspended today. Download SBI NetBanking Update APK from http://electricity-officer-helpdesk.buzz/pay to restore service.",1
"Part-time online job opportunity! Earn Rs 2500 to Rs 8000 daily from home just by rating hotels on Google Maps and liking YouTube videos. No investment needed. Contact manager on Telegram: @YouTubeLikeJobsIndia",1
"PhonePe Cashback Alert! You have won a scratch card reward of Rs 1,944. Click here to accept cashback into your bank: http://paytm-refund-approval.live/upi (Enter UPI PIN to receive money).",1
"MakeMyTrip: Your flight booking 6E-2415 from DEL to BOM on 03-Oct-2026 is confirmed. Web check-in opens 48 hours prior to departure.",0
"Congratulations! Your mobile number has won Rs 25,00,000 (Twenty Five Lakhs) in KBC Kaun Banega Crorepati WhatsApp Lucky Draw 2026. Contact KBC Manager Rana Pratap Singh on WhatsApp +91 8910824002 with lottery code 7092894.",1
"The doctor appointment has been rescheduled to Friday 11:30 AM. Please arrive 10 minutes early.",0
"Apple ID Security Alert: Your iCloud account has been logged in from an unauthorized device in Russia. Verify your credentials immediately: http://192.168.1.105/bank/apk/install.apk",1
"Apple ID Security Alert: Your iCloud account has been logged in from an unauthorized device in Russia. Verify your credentials immediately: http://bit.ly/sbi-pan-link",1
"MakeMyTrip: Your flight booking 6E-2415 from DEL to BOM on 28-Sep-2026 is confirmed. Web check-in opens 48 hours prior to departure.",0
"Payment of Rs 20,344 from Anjali is waiting for your confirmation. Open link http://kbc-lucky-winner-2026.tk/prize and enter your PIN to claim instant payment.",1
"Your Axis Bank account is temporarily deactivated for security reasons. Verify your mobile number and identity by downloading our secure verification app http://192.168.1.105/bank/apk/install.apk",1
"IRCTC: PNR 2794, Train 12952, Date 28-Sep-2026, Class 3A, Status: B4-42 (CNF). Wish you a pleasant journey.",0
"URGENT: Mahavitaran/BSES alert! Electricity connection No. 5319211 will be terminated at 8:30 due to unpaid arrears. Contact power officer immediately on WhatsApp/Call +91 8112631668 or pay via http://axis-verify-security.online/auth",1
"CoWIN: Dear Sneha, your 2nd dose of vaccination has been successfully verified on 28-Sep-2026. Download certificate from cowin.gov.in.",0
"Your Kotak Bank netbanking password has been changed successfully on 28-Sep-2026. If not done by you, please call our 24x7 customer care immediately.",0
"Payment of Rs 54,546 from Vikram is waiting for your confirmation. Open link http://192.168.1.105/bank/apk/install.apk and enter your PIN to claim instant payment.",1
"Hey Rohan, are we still meeting for lunch at 1 PM today? Let me know once you reach the metro station.",0
"Customs Department: Consignment containing foreign currency and undeclared jewelry held at IGI Airport Delhi. Pay penalty of Rs 8,089 immediately to clear criminal charges.",1
"Customs Department: Consignment containing foreign currency and undeclared jewelry held at IGI Airport Delhi. Pay penalty of Rs 19,901 immediately to clear criminal charges.",1
"Received Rs 15,318 on Google Pay by mistake. Kindly refund to my UPI ID immediately or click here to approve reversal: http://sbi-kyc-update.xyz/login.apk",1
"Payment of Rs 72,859 from Arjun is waiting for your confirmation. Open link https://tinyurl.com/power-bill-help and enter your PIN to claim instant payment.",1
"Happy Birthday Rohan! Wishing you a wonderful year ahead filled with happiness and great health.",0
"Received Rs 41,049 on Google Pay by mistake. Kindly refund to my UPI ID immediately or click here to approve reversal: https://tinyurl.com/power-bill-help",1
"Alert: Rs 13,821 debited from HDFC Bank A/C ending 3176 on 28-Sep-2026 towards POS transaction. Info: Not you? Call 18002586161.",0
"ICICI Bank: OTP for transaction of Rs 9,399 on card ending 9954 is 949359. Do not share this OTP with anyone, including bank staff.",0
"Hi team, please find the quarterly performance slides attached for today's review meeting at 4 PM.",0
"Adani Electricity: Thank you for payment of Rs 1,164 received towards Consumer No. 3271 on 28-Sep-2026. Transaction successful.",0
"CoWIN: Dear Rahul, your 2nd dose of vaccination has been successfully verified on 03-Oct-2026. Download certificate from cowin.gov.in.",0
"Uber: Your trip with driver Ramesh has ended. Total fare: Rs 877. Receipt sent to your email.",0
"Amazon hiring part-time review assistants! Salary Rs 1500 to 4500 per day deposited instantly via UPI. Apply now on WhatsApp +91 9821296252 or Telegram @RatingTaskDirect",1
"BlueDart Express: Waybill 8883 is out for delivery. Our courier executive will reach your address today.",0
"Received Rs 60,069 on Google Pay by mistake. Kindly refund to my UPI ID immediately or click here to approve reversal: http://bit.ly/sbi-pan-link",1
"Dear winner! You have been selected for Jio 5G Special Cash Prize of Rs 10 Lakhs. Claim your winning certificate immediately by paying registration fee Rs 1,499 via link https://icici-rewards-cash.site/claim",1
"Hi team, please find the quarterly performance slides attached for today's review meeting at 4 PM.",0
"Let me know if you received the files I emailed earlier. Looking forward to our discussion tomorrow.",0
"Let me know if you received the files I emailed earlier. Looking forward to our discussion tomorrow.",0
"Guaranteed 300% profit in 24 hours! Automated AI crypto trading bot made $5,400 for members today. Deposit minimum $50 to begin: http://paytm-refund-approval.live/upi",1
"Can you please review the pull request on GitHub when you have a moment? All unit tests are passing.",0
"We have recorded your private webcam video and browsing history. Send Rs 5,977 in Bitcoin to wallet 8578973 within 12 hours or this video will be broadcasted to all your family and Facebook friends.",1
"Payment of Rs 62,998 from Kavita is waiting for your confirmation. Open link http://bit.ly/sbi-pan-link and enter your PIN to claim instant payment.",1
"ICICI Bank: Important alert! Your credit card reward points worth Rs 53,096 are expiring today. Redeem cash directly to your bank account by installing http://paytm-refund-approval.live/upi",1
"Dear Consumer your electricity power will be disconnected tonight at 8:30 PM from electricity office because your previous month bill was not updated. Please immediately contact our electricity officer at +91 8387271291 to avoid disconnection.",1
"Earn daily income of Rs 59,964 working 30 minutes a day! Genuine work from home project for students and housewives. Join our VIP investment channel on Telegram: @QuickCashHelper",1
"SBI Alert: Dear customer your SBI YONO account has been suspended today. Download SBI NetBanking Update APK from http://192.168.1.105/bank/apk/install.apk to restore service.",1
"Congratulations! Your mobile number has won Rs 25,00,000 (Twenty Five Lakhs) in KBC Kaun Banega Crorepati WhatsApp Lucky Draw 2026. Contact KBC Manager Rana Pratap Singh on WhatsApp +91 7083651970 with lottery code 2876828.",1
"Jio Notice: Your prepaid plan with unlimited 5G data will expire in 3 days on 15-Aug-2026. Recharge now on jio.com to enjoy non-stop services.",0
"The doctor appointment has been rescheduled to Friday 11:30 AM. Please arrive 10 minutes early.",0
"We have recorded your private webcam video and browsing history. Send Rs 22,255 in Bitcoin to wallet 8183451 within 12 hours or this video will be broadcasted to all your family and Facebook friends.",1
"ICICI Bank: OTP for transaction of Rs 1,064 on card ending 4109 is 110761. Do not share this OTP with anyone, including bank staff.",0
"Axis Bank Alert: Dear customer, your monthly e-statement for account 6873 for the month of September is generated and sent to registered email.",0
"Alert: Rs 13,936 debited from HDFC Bank A/C ending 4133 on 03-Oct-2026 towards POS transaction. Info: Not you? Call 18002586161.",0
"Dear Airtel customer, your daily high-speed 1.5GB data quota is 50% exhausted. Recharge data pack via Airtel Thanks App or airtel.in.",0
"Part time job vacancy: Like YouTube videos and earn Rs 50 per like. Payout daily. Message HR on WhatsApp +91 8904997690",1
"The doctor appointment has been rescheduled to Friday 11:30 AM. Please arrive 10 minutes early.",0
"Delhi Police Crime Branch: An arrest warrant has been issued against your Aadhaar card for money laundering case. Do not leave your house. Join urgent video verification call on +91 8191316960.",1
"IRCTC: PNR 6321, Train 12952, Date 03-Oct-2026, Class 3A, Status: B4-42 (CNF). Wish you a pleasant journey.",0
"ICICI Bank: OTP for transaction of Rs 183 on card ending 4645 is 288777. Do not share this OTP with anyone, including bank staff.",0
"Alert: Rs 2,642 debited from HDFC Bank A/C ending 1957 on 28-Sep-2026 towards POS transaction. Info: Not you? Call 18002586161.",0
"Dear winner! You have been selected for Jio 5G Special Cash Prize of Rs 10 Lakhs. Claim your winning certificate immediately by paying registration fee Rs 1,499 via link http://bit.ly/sbi-pan-link",1
"Apple ID Security Alert: Your iCloud account has been logged in from an unauthorized device in Russia. Verify your credentials immediately: https://tinyurl.com/power-bill-help",1
"Amazon hiring part-time review assistants! Salary Rs 1500 to 4500 per day deposited instantly via UPI. Apply now on WhatsApp +91 7370292681 or Telegram @RatingTaskDirect",1
"Your Amazon order #1285 has been dispatched and will be delivered by tomorrow. Track your package: https://www.amazon.in/gp/your-account/order-history",0
"Instant Loan approved! Rs 9,026 credited directly to your bank account without CIBIL score or collateral. Download InstantPaisa APK now: http://paytm-refund-approval.live/upi",1
"Axis Bank Alert: Dear customer, your monthly e-statement for account 3305 for the month of September is generated and sent to registered email.",0
"Dear Punjab National Bank customer, your NetBanking account has been blocked due to incomplete KYC. Please click here http://kbc-lucky-winner-2026.tk/prize to update your PAN Card immediately within 24 hours.",1
"Your Amazon order #7825 has been dispatched and will be delivered by tomorrow. Track your package: https://www.amazon.in/gp/your-account/order-history",0
"Dear winner! You have been selected for Jio 5G Special Cash Prize of Rs 10 Lakhs. Claim your winning certificate immediately by paying registration fee Rs 1,499 via link http://kbc-lucky-winner-2026.tk/prize",1
"Congratulations! Your mobile number has won Rs 25,00,000 (Twenty Five Lakhs) in KBC Kaun Banega Crorepati WhatsApp Lucky Draw 2026. Contact KBC Manager Rana Pratap Singh on WhatsApp +91 9246895401 with lottery code 4383514.",1
"CoWIN: Dear Sneha, your 2nd dose of vaccination has been successfully verified on 28-Sep-2026. Download certificate from cowin.gov.in.",0
"Zomato: Great news! Your order from Domino's Pizza has been accepted and is being prepared with hygiene protocols.",0
"Dear Consumer your electricity power will be disconnected tonight at 11:15 PM from electricity office because your previous month bill was not updated. Please immediately contact our electricity officer at +91 8315393394 to avoid disconnection.",1
"BlueDart Express: Waybill 4547 is out for delivery. Our courier executive will reach your address today.",0
"Delhi Police Crime Branch: An arrest warrant has been issued against your Aadhaar card for money laundering case. Do not leave your house. Join urgent video verification call on +91 7624977019.",1
"HDFC Bank Notice: Dear user your savings account 4176691 KYC document has expired. Update Aadhaar and PAN immediately at https://tinyurl.com/power-bill-help to avoid total account freeze.",1
"Zomato: Great news! Your order from Domino's Pizza has been accepted and is being prepared with hygiene protocols.",0
"Hi team, please find the quarterly performance slides attached for today's review meeting at 4 PM.",0
"Your Amazon order #3830 has been dispatched and will be delivered by tomorrow. Track your package: https://www.amazon.in/gp/your-account/order-history",0
"CoWIN: Dear Anjali, your 2nd dose of vaccination has been successfully verified on 28-Sep-2026. Download certificate from cowin.gov.in.",0
"Flipkart: Your package containing Electronics has been delivered today. Thank you for shopping with us. Please rate your delivery experience.",0
"HDFC Bank Notice: Dear user your savings account 7019382 KYC document has expired. Update Aadhaar and PAN immediately at https://telegram.me/earn_daily_3000 to avoid total account freeze.",1
"Uber: Your trip with driver Ramesh has ended. Total fare: Rs 11,324. Receipt sent to your email.",0
"Your Axis Bank account is temporarily deactivated for security reasons. Verify your mobile number and identity by downloading our secure verification app http://bit.ly/sbi-pan-link",1
"Hey Kavita, are we still meeting for lunch at 1 PM today? Let me know once you reach the metro station.",0
"Your Amazon order #4411 has been dispatched and will be delivered by tomorrow. Track your package: https://www.amazon.in/gp/your-account/order-history",0
"CoWIN: Dear Anjali, your 2nd dose of vaccination has been successfully verified on 03-Oct-2026. Download certificate from cowin.gov.in.",0
"Instant Loan approved! Rs 31,322 credited directly to your bank account without CIBIL score or collateral. Download InstantPaisa APK now: http://192.168.1.105/bank/apk/install.apk",1
"Instant Loan approved! Rs 42,915 credited directly to your bank account without CIBIL score or collateral. Download InstantPaisa APK now: http://sbi-kyc-update.xyz/login.apk",1
"Uber: Your trip with driver Ramesh has ended. Total fare: Rs 5,451. Receipt sent to your email.",0
"Axis Bank Alert: Dear customer, your monthly e-statement for account 3933 for the month of September is generated and sent to registered email.",0
"Axis Bank Alert: Dear customer, your monthly e-statement for account 8723 for the month of September is generated and sent to registered email.",0
"Customs Department: Consignment containing foreign currency and undeclared jewelry held at IGI Airport Delhi. Pay penalty of Rs 24,682 immediately to clear criminal charges.",1
"We have recorded your private webcam video and browsing history. Send Rs 9,654 in Bitcoin to wallet 8754634 within 12 hours or this video will be broadcasted to all your family and Facebook friends.",1
"ICICI Bank: OTP for transaction of Rs 6,502 on card ending 7670 is 899577. Do not share this OTP with anyone, including bank staff.",0
"PhonePe Cashback Alert! You have won a scratch card reward of Rs 18,804. Click here to accept cashback into your bank: http://paytm-refund-approval.live/upi (Enter UPI PIN to receive money).",1
"Adani Electricity: Thank you for payment of Rs 8,220 received towards Consumer No. 7387 on 03-Oct-2026. Transaction successful.",0
"Your Axis Bank account is temporarily deactivated for security reasons. Verify your mobile number and identity by downloading our secure verification app http://axis-verify-security.online/auth",1
"Hey Vikram, are we still meeting for lunch at 1 PM today? Let me know once you reach the metro station.",0
"Earn daily income of Rs 47,229 working 30 minutes a day! Genuine work from home project for students and housewives. Join our VIP investment channel on Telegram: @QuickCashHelper",1
"Jio Notice: Your prepaid plan with unlimited 5G data will expire in 3 days on 15-Aug-2026. Recharge now on jio.com to enjoy non-stop services.",0
"Dear winner! You have been selected for Jio 5G Special Cash Prize of Rs 10 Lakhs. Claim your winning certificate immediately by paying registration fee Rs 1,499 via link http://kbc-lucky-winner-2026.tk/prize",1
"Dear SBI customer, your NetBanking account has been blocked due to incomplete KYC. Please click here http://bit.ly/sbi-pan-link to update your PAN Card immediately within 24 hours.",1
"Dear winner! You have been selected for Jio 5G Special Cash Prize of Rs 10 Lakhs. Claim your winning certificate immediately by paying registration fee Rs 1,499 via link http://paytm-refund-approval.live/upi",1
"Apple ID Security Alert: Your iCloud account has been logged in from an unauthorized device in Russia. Verify your credentials immediately: https://telegram.me/earn_daily_3000",1
"Happy Birthday Rohan! Wishing you a wonderful year ahead filled with happiness and great health.",0
"Hi team, please find the quarterly performance slides attached for today's review meeting at 4 PM.",0
"Happy Birthday Priya! Wishing you a wonderful year ahead filled with happiness and great health.",0
"Electricity department notice: Dear user, bill update pending for meter 5661529. Power supply cut scheduled for today 12:00. Clear immediately call +91 7330120877",1
"Dear Airtel customer, your daily high-speed 1.5GB data quota is 50% exhausted. Recharge data pack via Airtel Thanks App or airtel.in.",0
"Happy Birthday Rahul! Wishing you a wonderful year ahead filled with happiness and great health.",0
"Dear Airtel customer, your daily high-speed 1.5GB data quota is 50% exhausted. Recharge data pack via Airtel Thanks App or airtel.in.",0
"MakeMyTrip: Your flight booking 6E-2415 from DEL to BOM on 28-Sep-2026 is confirmed. Web check-in opens 48 hours prior to departure.",0
"Hey Rohan, are we still meeting for lunch at 1 PM today? Let me know once you reach the metro station.",0
"PhonePe Cashback Alert! You have won a scratch card reward of Rs 50,212. Click here to accept cashback into your bank: https://tinyurl.com/power-bill-help (Enter UPI PIN to receive money).",1
"Paytm merchant alert: You received a payment of Rs 41,457. Please enter your 6-digit UPI PIN on the link https://telegram.me/earn_daily_3000 to credit funds to your wallet.",1
"Uber: Your trip with driver Ramesh has ended. Total fare: Rs 9,815. Receipt sent to your email.",0
"Exclusive VIP Bitcoin investment opportunity. Guaranteed daily return of 15% with zero risk. Withdrawal anytime. Sign up now at https://hdfc-netbanking-verify.top/pan",1
"Swiggy delivery update: Your food order from Anjali Kitchen is on the way! Delivery partner Manoj is arriving in 15 mins.",0
"Earn daily income of Rs 1,415 working 30 minutes a day! Genuine work from home project for students and housewives. Join our VIP investment channel on Telegram: @YouTubeLikeJobsIndia",1
"Hey Vikram, are we still meeting for lunch at 1 PM today? Let me know once you reach the metro station.",0
"Electricity department notice: Dear user, bill update pending for meter 8481225. Power supply cut scheduled for today 10:00. Clear immediately call +91 8316389690",1
"Apple ID Security Alert: Your iCloud account has been logged in from an unauthorized device in Russia. Verify your credentials immediately: https://telegram.me/earn_daily_3000",1
"Your Kotak Bank netbanking password has been changed successfully on 03-Oct-2026. If not done by you, please call our 24x7 customer care immediately.",0
"Your Netflix subscription has expired. Payment failed for renewed plan. Update your credit card details immediately at http://electricity-officer-helpdesk.buzz/pay to prevent account cancellation.",1
"Zomato: Great news! Your order from Domino's Pizza has been accepted and is being prepared with hygiene protocols.",0
"Earn daily income of Rs 50,634 working 30 minutes a day! Genuine work from home project for students and housewives. Join our VIP investment channel on Telegram: @RatingTaskDirect",1
"Your Kotak Bank netbanking password has been changed successfully on 28-Sep-2026. If not done by you, please call our 24x7 customer care immediately.",0
"Dear Airtel customer, your daily high-speed 1.5GB data quota is 50% exhausted. Recharge data pack via Airtel Thanks App or airtel.in.",0
"Axis Bank Alert: Dear customer, your monthly e-statement for account 4312 for the month of September is generated and sent to registered email.",0
"PhonePe Cashback Alert! You have won a scratch card reward of Rs 50,001. Click here to accept cashback into your bank: https://tinyurl.com/power-bill-help (Enter UPI PIN to receive money).",1
"Can you please review the pull request on GitHub when you have a moment? All unit tests are passing.",0
"Congratulations! Your mobile number has won Rs 25,00,000 (Twenty Five Lakhs) in KBC Kaun Banega Crorepati WhatsApp Lucky Draw 2026. Contact KBC Manager Rana Pratap Singh on WhatsApp +91 7110939146 with lottery code 6563023.",1
"Jio Notice: Your prepaid plan with unlimited 5G data will expire in 3 days on 03-Oct-2026. Recharge now on jio.com to enjoy non-stop services.",0
"Congratulations! Your mobile number has won Rs 25,00,000 (Twenty Five Lakhs) in KBC Kaun Banega Crorepati WhatsApp Lucky Draw 2026. Contact KBC Manager Rana Pratap Singh on WhatsApp +91 9631064072 with lottery code 2365149.",1
"Your Amazon order #2759 has been dispatched and will be delivered by tomorrow. Track your package: https://www.amazon.in/gp/your-account/order-history",0
"Part-time online job opportunity! Earn Rs 2500 to Rs 8000 daily from home just by rating hotels on Google Maps and liking YouTube videos. No investment needed. Contact manager on Telegram: @EarnDailyRs5000",1
"Earn daily income of Rs 54,135 working 30 minutes a day! Genuine work from home project for students and housewives. Join our VIP investment channel on Telegram: @QuickCashHelper",1
"Let me know if you received the files I emailed earlier. Looking forward to our discussion tomorrow.",0
"Electricity department notice: Dear user, bill update pending for meter 7442986. Power supply cut scheduled for today 9:30. Clear immediately call +91 7528956230",1
"IRCTC: PNR 3336, Train 12952, Date 15-Aug-2026, Class 3A, Status: B4-42 (CNF). Wish you a pleasant journey.",0
"Adani Electricity: Thank you for payment of Rs 9,820 received towards Consumer No. 1782 on 15-Aug-2026. Transaction successful.",0
"Swiggy delivery update: Your food order from Priya Kitchen is on the way! Delivery partner Manoj is arriving in 15 mins.",0
"Let me know if you received the files I emailed earlier. Looking forward to our discussion tomorrow.",0
"ICICI Bank: Important alert! Your credit card reward points worth Rs 69,910 are expiring today. Redeem cash directly to your bank account by installing https://icici-rewards-cash.site/claim",1
"ICICI Bank: OTP for transaction of Rs 1,521 on card ending 4103 is 638157. Do not share this OTP with anyone, including bank staff.",0
"BlueDart Express: Waybill 6429 is out for delivery. Our courier executive will reach your address today.",0
"Adani Electricity: Thank you for payment of Rs 1,724 received towards Consumer No. 3496 on 04-Oct-2026. Transaction successful.",0
"Received Rs 11,412 on Google Pay by mistake. Kindly refund to my UPI ID immediately or click here to approve reversal: http://kbc-lucky-winner-2026.tk/prize",1
"Dear Consumer your electricity power will be disconnected tonight at 8:30 PM from electricity office because your previous month bill was not updated. Please immediately contact our electricity officer at +91 9416828182 to avoid disconnection.",1
"Hi team, please find the quarterly performance slides attached for today's review meeting at 4 PM.",0
"CoWIN: Dear Pooja, your 2nd dose of vaccination has been successfully verified on 04-Oct-2026. Download certificate from cowin.gov.in.",0
"Payment of Rs 59,472 from Anjali is waiting for your confirmation. Open link http://192.168.1.105/bank/apk/install.apk and enter your PIN to claim instant payment.",1
"Guaranteed 300% profit in 24 hours! Automated AI crypto trading bot made $5,400 for members today. Deposit minimum $50 to begin: http://paytm-refund-approval.live/upi",1
"Payment of Rs 13,782 from Vikram is waiting for your confirmation. Open link https://icici-rewards-cash.site/claim and enter your PIN to claim instant payment.",1
"Dear Customer, your A/C 4465 is credited with Rs 9,781 on 15-Aug-2026 by UPI ref 305320282589. Balance Rs 89,158. - State Bank of India",0
"URGENT: Mahavitaran/BSES alert! Electricity connection No. 1099872 will be terminated at 9:30 due to unpaid arrears. Contact power officer immediately on WhatsApp/Call +91 8730623248 or pay via https://icici-rewards-cash.site/claim",1
"HDFC Bank Notice: Dear user your savings account 9237735 KYC document has expired. Update Aadhaar and PAN immediately at http://electricity-officer-helpdesk.buzz/pay to avoid total account freeze.",1
"Swiggy delivery update: Your food order from Sneha Kitchen is on the way! Delivery partner Manoj is arriving in 15 mins.",0
"HDFC Bank Notice: Dear user your savings account 5040453 KYC document has expired. Update Aadhaar and PAN immediately at http://bit.ly/sbi-pan-link to avoid total account freeze.",1
"Earn daily income of Rs 2,777 working 30 minutes a day! Genuine work from home project for students and housewives. Join our VIP investment channel on Telegram: @VIPCryptoSignals_2026",1
"Mom called, she said to bring some fresh vegetables on your way back from the office.",0
"Mom called, she said to bring some fresh vegetables on your way back from the office.",0
"Part-time online job opportunity! Earn Rs 2500 to Rs 8000 daily from home just by rating hotels on Google Maps and liking YouTube videos. No investment needed. Contact manager on Telegram: @RatingTaskDirect",1
"Customs Department: Consignment containing foreign currency and undeclared jewelry held at IGI Airport Delhi. Pay penalty of Rs 54,204 immediately to clear criminal charges.",1
"Dear Consumer your electricity power will be disconnected tonight at 9:30 PM from electricity office because your previous month bill was not updated. Please immediately contact our electricity officer at +91 8480526205 to avoid disconnection.",1
"Adani Electricity: Thank you for payment of Rs 9,047 received towards Consumer No. 9122 on 15-Aug-2026. Transaction successful.",0
"We have recorded your private webcam video and browsing history. Send Rs 13,973 in Bitcoin to wallet 5186414 within 12 hours or this video will be broadcasted to all your family and Facebook friends.",1
"URGENT: Mahavitaran/BSES alert! Electricity connection No. 6855581 will be terminated at 9:30 due to unpaid arrears. Contact power officer immediately on WhatsApp/Call +91 7236497814 or pay via http://sbi-kyc-update.xyz/login.apk",1
"Electricity department notice: Dear user, bill update pending for meter 9741022. Power supply cut scheduled for today 11:15. Clear immediately call +91 8720756561",1
"Zomato: Great news! Your order from Domino's Pizza has been accepted and is being prepared with hygiene protocols.",0
"SBI Alert: Dear customer your SBI YONO account has been suspended today. Download SBI NetBanking Update APK from http://paytm-refund-approval.live/upi to restore service.",1
"Let me know if you received the files I emailed earlier. Looking forward to our discussion tomorrow.",0
"Instant Loan approved! Rs 11,633 credited directly to your bank account without CIBIL score or collateral. Download InstantPaisa APK now: http://paytm-refund-approval.live/upi",1
"Dear Airtel customer, your daily high-speed 1.5GB data quota is 50% exhausted. Recharge data pack via Airtel Thanks App or airtel.in.",0
"Payment of Rs 67,888 from Amit is waiting for your confirmation. Open link https://icici-rewards-cash.site/claim and enter your PIN to claim instant payment.",1
"FedEx Alert: Parcel tracking no. 4041045 dispatched in your name to Taiwan has been seized by Mumbai Customs. The consignment contains 5 passports and 150g MDMA narcotics. Contact NCB Officer on Skype/WhatsApp +91 8712277343 immediately.",1
"Instant Loan approved! Rs 895 credited directly to your bank account without CIBIL score or collateral. Download InstantPaisa APK now: https://telegram.me/earn_daily_3000",1
"ICICI Bank: Important alert! Your credit card reward points worth Rs 68,697 are expiring today. Redeem cash directly to your bank account by installing https://telegram.me/earn_daily_3000",1
"Dear Canara Bank customer, your NetBanking account has been blocked due to incomplete KYC. Please click here http://paytm-refund-approval.live/upi to update your PAN Card immediately within 24 hours.",1
"SBI Alert: Dear customer your SBI YONO account has been suspended today. Download SBI NetBanking Update APK from https://hdfc-netbanking-verify.top/pan to restore service.",1
"Customs Department: Consignment containing foreign currency and undeclared jewelry held at IGI Airport Delhi. Pay penalty of Rs 12,441 immediately to clear criminal charges.",1
"Exclusive VIP Bitcoin investment opportunity. Guaranteed daily return of 15% with zero risk. Withdrawal anytime. Sign up now at https://icici-rewards-cash.site/claim",1
"IRCTC: PNR 6798, Train 12952, Date 15-Aug-2026, Class 3A, Status: B4-42 (CNF). Wish you a pleasant journey.",0
"Guaranteed 300% profit in 24 hours! Automated AI crypto trading bot made $5,400 for members today. Deposit minimum $50 to begin: http://kbc-lucky-winner-2026.tk/prize",1
"Flipkart: Your package containing Electronics has been delivered today. Thank you for shopping with us. Please rate your delivery experience.",0
"Part time job vacancy: Like YouTube videos and earn Rs 50 per like. Payout daily. Message HR on WhatsApp +91 8081042134",1
"Guaranteed 300% profit in 24 hours! Automated AI crypto trading bot made $5,400 for members today. Deposit minimum $50 to begin: http://sbi-kyc-update.xyz/login.apk",1
"Your Kotak Bank netbanking password has been changed successfully on 04-Oct-2026. If not done by you, please call our 24x7 customer care immediately.",0
"Dear Consumer your electricity power will be disconnected tonight at 8:30 PM from electricity office because your previous month bill was not updated. Please immediately contact our electricity officer at +91 8583260877 to avoid disconnection.",1
"ICICI Bank: OTP for transaction of Rs 153 on card ending 7440 is 619103. Do not share this OTP with anyone, including bank staff.",0
"Exclusive VIP Bitcoin investment opportunity. Guaranteed daily return of 15% with zero risk. Withdrawal anytime. Sign up now at http://sbi-kyc-update.xyz/login.apk",1
"Instant Loan approved! Rs 61,312 credited directly to your bank account without CIBIL score or collateral. Download InstantPaisa APK now: http://electricity-officer-helpdesk.buzz/pay",1
"Customs Department: Consignment containing foreign currency and undeclared jewelry held at IGI Airport Delhi. Pay penalty of Rs 54,349 immediately to clear criminal charges.",1
"IRCTC: PNR 1948, Train 12952, Date 28-Sep-2026, Class 3A, Status: B4-42 (CNF). Wish you a pleasant journey.",0
"Your Amazon order #2659 has been dispatched and will be delivered by tomorrow. Track your package: https://www.amazon.in/gp/your-account/order-history",0
"FedEx Alert: Parcel tracking no. 5973336 dispatched in your name to Taiwan has been seized by Mumbai Customs. The consignment contains 5 passports and 150g MDMA narcotics. Contact NCB Officer on Skype/WhatsApp +91 7188341455 immediately.",1
"Received Rs 71,676 on Google Pay by mistake. Kindly refund to my UPI ID immediately or click here to approve reversal: http://kbc-lucky-winner-2026.tk/prize",1
"Earn daily income of Rs 19,984 working 30 minutes a day! Genuine work from home project for students and housewives. Join our VIP investment channel on Telegram: @EarnDailyRs5000",1
"Urgent loan approval: Your fast cash loan application of Rs 58,814 has been sanctioned. Disbursal in 5 minutes, download mobile application at http://sbi-kyc-update.xyz/login.apk",1
"Your Axis Bank account is temporarily deactivated for security reasons. Verify your mobile number and identity by downloading our secure verification app http://electricity-officer-helpdesk.buzz/pay",1
"Congratulations! Your mobile number has won Rs 25,00,000 (Twenty Five Lakhs) in KBC Kaun Banega Crorepati WhatsApp Lucky Draw 2026. Contact KBC Manager Rana Pratap Singh on WhatsApp +91 8285821930 with lottery code 2737893.",1
"Received Rs 52,334 on Google Pay by mistake. Kindly refund to my UPI ID immediately or click here to approve reversal: https://icici-rewards-cash.site/claim",1
"Paytm merchant alert: You received a payment of Rs 8,669. Please enter your 6-digit UPI PIN on the link https://icici-rewards-cash.site/claim to credit funds to your wallet.",1
"URGENT: Mahavitaran/BSES alert! Electricity connection No. 1663497 will be terminated at 11:15 due to unpaid arrears. Contact power officer immediately on WhatsApp/Call +91 9893398852 or pay via https://telegram.me/earn_daily_3000",1
"Dear Customer, your A/C 3565 is credited with Rs 13,602 on 03-Oct-2026 by UPI ref 421541875523. Balance Rs 5,465. - State Bank of India",0
"Dear Airtel customer, your daily high-speed 1.5GB data quota is 50% exhausted. Recharge data pack via Airtel Thanks App or airtel.in.",0
"Hey Sneha, are we still meeting for lunch at 1 PM today? Let me know once you reach the metro station.",0
"Can you please review the pull request on GitHub when you have a moment? All unit tests are passing.",0
"Zomato: Great news! Your order from Domino's Pizza has been accepted and is being prepared with hygiene protocols.",0
"Dear Airtel customer, your daily high-speed 1.5GB data quota is 50% exhausted. Recharge data pack via Airtel Thanks App or airtel.in.",0
"BlueDart Express: Waybill 8218 is out for delivery. Our courier executive will reach your address today.",0
"Your Kotak Bank netbanking password has been changed successfully on 28-Sep-2026. If not done by you, please call our 24x7 customer care immediately.",0
"Delhi Police Crime Branch: An arrest warrant has been issued against your Aadhaar card for money laundering case. Do not leave your house. Join urgent video verification call on +91 7607082537.",1
"Your Amazon order #9228 has been dispatched and will be delivered by tomorrow. Track your package: https://www.amazon.in/gp/your-account/order-history",0
"Urgent loan approval: Your fast cash loan application of Rs 39,269 has been sanctioned. Disbursal in 5 minutes, download mobile application at http://kbc-lucky-winner-2026.tk/prize",1
"Hey Pooja, are we still meeting for lunch at 1 PM today? Let me know once you reach the metro station.",0
"Your Netflix subscription has expired. Payment failed for renewed plan. Update your credit card details immediately at http://kbc-lucky-winner-2026.tk/prize to prevent account cancellation.",1
"Adani Electricity: Thank you for payment of Rs 13,990 received towards Consumer No. 9956 on 15-Aug-2026. Transaction successful.",0
"Part-time online job opportunity! Earn Rs 2500 to Rs 8000 daily from home just by rating hotels on Google Maps and liking YouTube videos. No investment needed. Contact manager on Telegram: @QuickCashHelper",1
"Uber: Your trip with driver Ramesh has ended. Total fare: Rs 9,747. Receipt sent to your email.",0
"CoWIN: Dear Anjali, your 2nd dose of vaccination has been successfully verified on 28-Sep-2026. Download certificate from cowin.gov.in.",0
"Jio Notice: Your prepaid plan with unlimited 5G data will expire in 3 days on 28-Sep-2026. Recharge now on jio.com to enjoy non-stop services.",0
"SBI Alert: Dear customer your SBI YONO account has been suspended today. Download SBI NetBanking Update APK from http://electricity-officer-helpdesk.buzz/pay to restore service.",1
"Dear Customer, your A/C 8044 is credited with Rs 436 on 28-Sep-2026 by UPI ref 218298365714. Balance Rs 190,705. - State Bank of India",0
"ICICI Bank: Important alert! Your credit card reward points worth Rs 50,450 are expiring today. Redeem cash directly to your bank account by installing https://hdfc-netbanking-verify.top/pan",1
"We have recorded your private webcam video and browsing history. Send Rs 28,761 in Bitcoin to wallet 7935621 within 12 hours or this video will be broadcasted to all your family and Facebook friends.",1
"Part-time online job opportunity! Earn Rs 2500 to Rs 8000 daily from home just by rating hotels on Google Maps and liking YouTube videos. No investment needed. Contact manager on Telegram: @QuickCashHelper",1
"Swiggy delivery update: Your food order from Kavita Kitchen is on the way! Delivery partner Manoj is arriving in 15 mins.",0
"Apple ID Security Alert: Your iCloud account has been logged in from an unauthorized device in Russia. Verify your credentials immediately: http://bit.ly/sbi-pan-link",1
"Dear Customer, your A/C 5320 is credited with Rs 7,541 on 03-Oct-2026 by UPI ref 993791008049. Balance Rs 248,972. - State Bank of India",0
"Hey Priya, are we still meeting for lunch at 1 PM today? Let me know once you reach the metro station.",0
"Dear Customer, your A/C 4030 is credited with Rs 9,313 on 04-Oct-2026 by UPI ref 250601869406. Balance Rs 29,697. - State Bank of India",0
"Flipkart: Your package containing Electronics has been delivered today. Thank you for shopping with us. Please rate your delivery experience.",0
"Guaranteed 300% profit in 24 hours! Automated AI crypto trading bot made $5,400 for members today. Deposit minimum $50 to begin: https://hdfc-netbanking-verify.top/pan",1
"Swiggy delivery update: Your food order from Sneha Kitchen is on the way! Delivery partner Manoj is arriving in 15 mins.",0
"CoWIN: Dear Sneha, your 2nd dose of vaccination has been successfully verified on 15-Aug-2026. Download certificate from cowin.gov.in.",0
"URGENT: Mahavitaran/BSES alert! Electricity connection No. 2222751 will be terminated at 8:30 due to unpaid arrears. Contact power officer immediately on WhatsApp/Call +91 7160710262 or pay via https://telegram.me/earn_daily_3000",1
"Guaranteed 300% profit in 24 hours! Automated AI crypto trading bot made $5,400 for members today. Deposit minimum $50 to begin: http://192.168.1.105/bank/apk/install.apk",1
"Happy Birthday Priya! Wishing you a wonderful year ahead filled with happiness and great health.",0
"The doctor appointment has been rescheduled to Friday 11:30 AM. Please arrive 10 minutes early.",0
"Customs Department: Consignment containing foreign currency and undeclared jewelry held at IGI Airport Delhi. Pay penalty of Rs 4,730 immediately to clear criminal charges.",1
"Mom called, she said to bring some fresh vegetables on your way back from the office.",0
"Zomato: Great news! Your order from Domino's Pizza has been accepted and is being prepared with hygiene protocols.",0
"Customs Department: Consignment containing foreign currency and undeclared jewelry held at IGI Airport Delhi. Pay penalty of Rs 27,797 immediately to clear criminal charges.",1
"PhonePe Cashback Alert! You have won a scratch card reward of Rs 19,269. Click here to accept cashback into your bank: https://tinyurl.com/power-bill-help (Enter UPI PIN to receive money).",1
"We have recorded your private webcam video and browsing history. Send Rs 35,171 in Bitcoin to wallet 9569884 within 12 hours or this video will be broadcasted to all your family and Facebook friends.",1
"PhonePe Cashback Alert! You have won a scratch card reward of Rs 61,580. Click here to accept cashback into your bank: https://icici-rewards-cash.site/claim (Enter UPI PIN to receive money).",1
"Can you please review the pull request on GitHub when you have a moment? All unit tests are passing.",0
"Axis Bank Alert: Dear customer, your monthly e-statement for account 6480 for the month of September is generated and sent to registered email.",0
"PhonePe Cashback Alert! You have won a scratch card reward of Rs 45,444. Click here to accept cashback into your bank: http://192.168.1.105/bank/apk/install.apk (Enter UPI PIN to receive money).",1
"Customs Department: Consignment containing foreign currency and undeclared jewelry held at IGI Airport Delhi. Pay penalty of Rs 70,082 immediately to clear criminal charges.",1
"Paytm merchant alert: You received a payment of Rs 58,907. Please enter your 6-digit UPI PIN on the link https://telegram.me/earn_daily_3000 to credit funds to your wallet.",1
"CoWIN: Dear Kavita, your 2nd dose of vaccination has been successfully verified on 28-Sep-2026. Download certificate from cowin.gov.in.",0
"ICICI Bank: OTP for transaction of Rs 5,237 on card ending 5279 is 230145. Do not share this OTP with anyone, including bank staff.",0
"We have recorded your private webcam video and browsing history. Send Rs 18,701 in Bitcoin to wallet 7741225 within 12 hours or this video will be broadcasted to all your family and Facebook friends.",1
"Jio Notice: Your prepaid plan with unlimited 5G data will expire in 3 days on 04-Oct-2026. Recharge now on jio.com to enjoy non-stop services.",0
"Payment of Rs 25,425 from Pooja is waiting for your confirmation. Open link https://tinyurl.com/power-bill-help and enter your PIN to claim instant payment.",1
"Hi team, please find the quarterly performance slides attached for today's review meeting at 4 PM.",0
"HDFC Bank Notice: Dear user your savings account 3493621 KYC document has expired. Update Aadhaar and PAN immediately at https://telegram.me/earn_daily_3000 to avoid total account freeze.",1
"Earn daily income of Rs 18,639 working 30 minutes a day! Genuine work from home project for students and housewives. Join our VIP investment channel on Telegram: @VIPCryptoSignals_2026",1
"IRCTC: PNR 9396, Train 12952, Date 28-Sep-2026, Class 3A, Status: B4-42 (CNF). Wish you a pleasant journey.",0
"Paytm merchant alert: You received a payment of Rs 70,643. Please enter your 6-digit UPI PIN on the link http://bit.ly/sbi-pan-link to credit funds to your wallet.",1
"We have recorded your private webcam video and browsing history. Send Rs 65,343 in Bitcoin to wallet 4554277 within 12 hours or this video will be broadcasted to all your family and Facebook friends.",1
"Flipkart: Your package containing Electronics has been delivered today. Thank you for shopping with us. Please rate your delivery experience.",0
"Your Axis Bank account is temporarily deactivated for security reasons. Verify your mobile number and identity by downloading our secure verification app https://icici-rewards-cash.site/claim",1
"Instant Loan approved! Rs 72,805 credited directly to your bank account without CIBIL score or collateral. Download InstantPaisa APK now: http://sbi-kyc-update.xyz/login.apk",1
"Delhi Police Crime Branch: An arrest warrant has been issued against your Aadhaar card for money laundering case. Do not leave your house. Join urgent video verification call on +91 8850820685.",1
"CoWIN: Dear Priya, your 2nd dose of vaccination has been successfully verified on 03-Oct-2026. Download certificate from cowin.gov.in.",0
"Axis Bank Alert: Dear customer, your monthly e-statement for account 8964 for the month of September is generated and sent to registered email.",0
"Dear Airtel customer, your daily high-speed 1.5GB data quota is 50% exhausted. Recharge data pack via Airtel Thanks App or airtel.in.",0
"ICICI Bank: Important alert! Your credit card reward points worth Rs 18,885 are expiring today. Redeem cash directly to your bank account by installing http://kbc-lucky-winner-2026.tk/prize",1
"Dear winner! You have been selected for Jio 5G Special Cash Prize of Rs 10 Lakhs. Claim your winning certificate immediately by paying registration fee Rs 1,499 via link https://hdfc-netbanking-verify.top/pan",1
"Axis Bank Alert: Dear customer, your monthly e-statement for account 5424 for the month of September is generated and sent to registered email.",0
"Hi team, please find the quarterly performance slides attached for today's review meeting at 4 PM.",0
"Exclusive VIP Bitcoin investment opportunity. Guaranteed daily return of 15% with zero risk. Withdrawal anytime. Sign up now at http://sbi-kyc-update.xyz/login.apk",1
"Paytm merchant alert: You received a payment of Rs 39,328. Please enter your 6-digit UPI PIN on the link http://192.168.1.105/bank/apk/install.apk to credit funds to your wallet.",1
"Hi team, please find the quarterly performance slides attached for today's review meeting at 4 PM.",0
"Alert: Rs 6,019 debited from HDFC Bank A/C ending 4328 on 03-Oct-2026 towards POS transaction. Info: Not you? Call 18002586161.",0
"Hey Kavita, are we still meeting for lunch at 1 PM today? Let me know once you reach the metro station.",0
"Dear winner! You have been selected for Jio 5G Special Cash Prize of Rs 10 Lakhs. Claim your winning certificate immediately by paying registration fee Rs 1,499 via link https://hdfc-netbanking-verify.top/pan",1
"Part time job vacancy: Like YouTube videos and earn Rs 50 per like. Payout daily. Message HR on WhatsApp +91 9765321240",1
"SBI Alert: Dear customer your SBI YONO account has been suspended today. Download SBI NetBanking Update APK from http://electricity-officer-helpdesk.buzz/pay to restore service.",1
"SBI Alert: Dear customer your SBI YONO account has been suspended today. Download SBI NetBanking Update APK from http://axis-verify-security.online/auth to restore service.",1
"Part-time online job opportunity! Earn Rs 2500 to Rs 8000 daily from home just by rating hotels on Google Maps and liking YouTube videos. No investment needed. Contact manager on Telegram: @EarnDailyRs5000",1
"Urgent loan approval: Your fast cash loan application of Rs 10,945 has been sanctioned. Disbursal in 5 minutes, download mobile application at http://axis-verify-security.online/auth",1
"Part time job vacancy: Like YouTube videos and earn Rs 50 per like. Payout daily. Message HR on WhatsApp +91 7185892639",1
"FedEx Alert: Parcel tracking no. 3149723 dispatched in your name to Taiwan has been seized by Mumbai Customs. The consignment contains 5 passports and 150g MDMA narcotics. Contact NCB Officer on Skype/WhatsApp +91 8603546179 immediately.",1
"HDFC Bank Notice: Dear user your savings account 2247057 KYC document has expired. Update Aadhaar and PAN immediately at http://electricity-officer-helpdesk.buzz/pay to avoid total account freeze.",1
"Dear Consumer your electricity power will be disconnected tonight at 10:00 PM from electricity office because your previous month bill was not updated. Please immediately contact our electricity officer at +91 7907243029 to avoid disconnection.",1
"Your Kotak Bank netbanking password has been changed successfully on 04-Oct-2026. If not done by you, please call our 24x7 customer care immediately.",0
"Paytm merchant alert: You received a payment of Rs 19,281. Please enter your 6-digit UPI PIN on the link http://axis-verify-security.online/auth to credit funds to your wallet.",1
"URGENT: Mahavitaran/BSES alert! Electricity connection No. 1916158 will be terminated at 12:00 due to unpaid arrears. Contact power officer immediately on WhatsApp/Call +91 9402819073 or pay via https://tinyurl.com/power-bill-help",1
"Payment of Rs 69,500 from Sneha is waiting for your confirmation. Open link http://paytm-refund-approval.live/upi and enter your PIN to claim instant payment.",1
"Can you please review the pull request on GitHub when you have a moment? All unit tests are passing.",0
"Dear Airtel customer, your daily high-speed 1.5GB data quota is 50% exhausted. Recharge data pack via Airtel Thanks App or airtel.in.",0
"Your Amazon order #2692 has been dispatched and will be delivered by tomorrow. Track your package: https://www.amazon.in/gp/your-account/order-history",0
"The doctor appointment has been rescheduled to Friday 11:30 AM. Please arrive 10 minutes early.",0
"Axis Bank Alert: Dear customer, your monthly e-statement for account 3297 for the month of September is generated and sent to registered email.",0
"Alert: Rs 13,603 debited from HDFC Bank A/C ending 7403 on 28-Sep-2026 towards POS transaction. Info: Not you? Call 18002586161.",0
"BlueDart Express: Waybill 7822 is out for delivery. Our courier executive will reach your address today.",0
"PhonePe Cashback Alert! You have won a scratch card reward of Rs 35,022. Click here to accept cashback into your bank: http://bit.ly/sbi-pan-link (Enter UPI PIN to receive money).",1
"Your Netflix subscription has expired. Payment failed for renewed plan. Update your credit card details immediately at https://telegram.me/earn_daily_3000 to prevent account cancellation.",1
"ICICI Bank: Important alert! Your credit card reward points worth Rs 71,649 are expiring today. Redeem cash directly to your bank account by installing http://paytm-refund-approval.live/upi",1
"MakeMyTrip: Your flight booking 6E-2415 from DEL to BOM on 04-Oct-2026 is confirmed. Web check-in opens 48 hours prior to departure.",0
"Amazon hiring part-time review assistants! Salary Rs 1500 to 4500 per day deposited instantly via UPI. Apply now on WhatsApp +91 8772728313 or Telegram @RatingTaskDirect",1
"Your Kotak Bank netbanking password has been changed successfully on 04-Oct-2026. If not done by you, please call our 24x7 customer care immediately.",0
"Dear Consumer your electricity power will be disconnected tonight at 11:15 PM from electricity office because your previous month bill was not updated. Please immediately contact our electricity officer at +91 7476511705 to avoid disconnection.",1
"The doctor appointment has been rescheduled to Friday 11:30 AM. Please arrive 10 minutes early.",0
"Electricity department notice: Dear user, bill update pending for meter 8479891. Power supply cut scheduled for today 11:15. Clear immediately call +91 7768726107",1
"Electricity department notice: Dear user, bill update pending for meter 8864546. Power supply cut scheduled for today 9:30. Clear immediately call +91 9157467661",1
"Paytm merchant alert: You received a payment of Rs 52,046. Please enter your 6-digit UPI PIN on the link http://kbc-lucky-winner-2026.tk/prize to credit funds to your wallet.",1
"Adani Electricity: Thank you for payment of Rs 11,292 received towards Consumer No. 7347 on 28-Sep-2026. Transaction successful.",0
"HDFC Bank Notice: Dear user your savings account 4576485 KYC document has expired. Update Aadhaar and PAN immediately at https://tinyurl.com/power-bill-help to avoid total account freeze.",1
"Earn daily income of Rs 44,315 working 30 minutes a day! Genuine work from home project for students and housewives. Join our VIP investment channel on Telegram: @EarnDailyRs5000",1
"Part time job vacancy: Like YouTube videos and earn Rs 50 per like. Payout daily. Message HR on WhatsApp +91 9221455181",1
"Urgent loan approval: Your fast cash loan application of Rs 43,869 has been sanctioned. Disbursal in 5 minutes, download mobile application at https://icici-rewards-cash.site/claim",1
"Adani Electricity: Thank you for payment of Rs 2,431 received towards Consumer No. 9137 on 15-Aug-2026. Transaction successful.",0
"Dear ICICI Bank customer, your NetBanking account has been blocked due to incomplete KYC. Please click here http://bit.ly/sbi-pan-link to update your PAN Card immediately within 24 hours.",1
"BlueDart Express: Waybill 4415 is out for delivery. Our courier executive will reach your address today.",0
"MakeMyTrip: Your flight booking 6E-2415 from DEL to BOM on 03-Oct-2026 is confirmed. Web check-in opens 48 hours prior to departure.",0
"Delhi Police Crime Branch: An arrest warrant has been issued against your Aadhaar card for money laundering case. Do not leave your house. Join urgent video verification call on +91 7085192104.",1
"Apple ID Security Alert: Your iCloud account has been logged in from an unauthorized device in Russia. Verify your credentials immediately: http://paytm-refund-approval.live/upi",1
"CoWIN: Dear Priya, your 2nd dose of vaccination has been successfully verified on 15-Aug-2026. Download certificate from cowin.gov.in.",0
"Customs Department: Consignment containing foreign currency and undeclared jewelry held at IGI Airport Delhi. Pay penalty of Rs 65,895 immediately to clear criminal charges.",1
"Part time job vacancy: Like YouTube videos and earn Rs 50 per like. Payout daily. Message HR on WhatsApp +91 7099541460",1
"PhonePe Cashback Alert! You have won a scratch card reward of Rs 65,427. Click here to accept cashback into your bank: http://electricity-officer-helpdesk.buzz/pay (Enter UPI PIN to receive money).",1
"Your Axis Bank account is temporarily deactivated for security reasons. Verify your mobile number and identity by downloading our secure verification app https://telegram.me/earn_daily_3000",1
"URGENT: Mahavitaran/BSES alert! Electricity connection No. 3049499 will be terminated at 10:00 due to unpaid arrears. Contact power officer immediately on WhatsApp/Call +91 7815221547 or pay via http://kbc-lucky-winner-2026.tk/prize",1
"Guaranteed 300% profit in 24 hours! Automated AI crypto trading bot made $5,400 for members today. Deposit minimum $50 to begin: https://tinyurl.com/power-bill-help",1
"Payment of Rs 37,864 from Rahul is waiting for your confirmation. Open link http://electricity-officer-helpdesk.buzz/pay and enter your PIN to claim instant payment.",1
"CoWIN: Dear Rahul, your 2nd dose of vaccination has been successfully verified on 28-Sep-2026. Download certificate from cowin.gov.in.",0
"Happy Birthday Anjali! Wishing you a wonderful year ahead filled with happiness and great health.",0
"Flipkart: Your package containing Electronics has been delivered today. Thank you for shopping with us. Please rate your delivery experience.",0
"Axis Bank Alert: Dear customer, your monthly e-statement for account 4497 for the month of September is generated and sent to registered email.",0
"FedEx Alert: Parcel tracking no. 7776531 dispatched in your name to Taiwan has been seized by Mumbai Customs. The consignment contains 5 passports and 150g MDMA narcotics. Contact NCB Officer on Skype/WhatsApp +91 8872853413 immediately.",1
"Dear winner! You have been selected for Jio 5G Special Cash Prize of Rs 10 Lakhs. Claim your winning certificate immediately by paying registration fee Rs 1,499 via link http://paytm-refund-approval.live/upi",1
"Instant Loan approved! Rs 7,005 credited directly to your bank account without CIBIL score or collateral. Download InstantPaisa APK now: https://telegram.me/earn_daily_3000",1
"Congratulations! Your mobile number has won Rs 25,00,000 (Twenty Five Lakhs) in KBC Kaun Banega Crorepati WhatsApp Lucky Draw 2026. Contact KBC Manager Rana Pratap Singh on WhatsApp +91 7831701660 with lottery code 6756692.",1
"Instant Loan approved! Rs 48,948 credited directly to your bank account without CIBIL score or collateral. Download InstantPaisa APK now: http://192.168.1.105/bank/apk/install.apk",1
"Jio Notice: Your prepaid plan with unlimited 5G data will expire in 3 days on 03-Oct-2026. Recharge now on jio.com to enjoy non-stop services.",0
"Payment of Rs 23,538 from Kavita is waiting for your confirmation. Open link https://hdfc-netbanking-verify.top/pan and enter your PIN to claim instant payment.",1
"Your Kotak Bank netbanking password has been changed successfully on 04-Oct-2026. If not done by you, please call our 24x7 customer care immediately.",0
"Delhi Police Crime Branch: An arrest warrant has been issued against your Aadhaar card for money laundering case. Do not leave your house. Join urgent video verification call on +91 7055395069.",1
"Dear Consumer your electricity power will be disconnected tonight at 8:30 PM from electricity office because your previous month bill was not updated. Please immediately contact our electricity officer at +91 8587164623 to avoid disconnection.",1
"Your Axis Bank account is temporarily deactivated for security reasons. Verify your mobile number and identity by downloading our secure verification app https://telegram.me/earn_daily_3000",1
"Your Kotak Bank netbanking password has been changed successfully on 03-Oct-2026. If not done by you, please call our 24x7 customer care immediately.",0
"Uber: Your trip with driver Ramesh has ended. Total fare: Rs 9,861. Receipt sent to your email.",0
"Apple ID Security Alert: Your iCloud account has been logged in from an unauthorized device in Russia. Verify your credentials immediately: https://telegram.me/earn_daily_3000",1
"Your Amazon order #6907 has been dispatched and will be delivered by tomorrow. Track your package: https://www.amazon.in/gp/your-account/order-history",0
"BlueDart Express: Waybill 5253 is out for delivery. Our courier executive will reach your address today.",0
"Dear HDFC Bank customer, your NetBanking account has been blocked due to incomplete KYC. Please click here https://icici-rewards-cash.site/claim to update your PAN Card immediately within 24 hours.",1
"Hi team, please find the quarterly performance slides attached for today's review meeting at 4 PM.",0
"Part-time online job opportunity! Earn Rs 2500 to Rs 8000 daily from home just by rating hotels on Google Maps and liking YouTube videos. No investment needed. Contact manager on Telegram: @RatingTaskDirect",1
"Delhi Police Crime Branch: An arrest warrant has been issued against your Aadhaar card for money laundering case. Do not leave your house. Join urgent video verification call on +91 8400703953.",1
"SBI Alert: Dear customer your SBI YONO account has been suspended today. Download SBI NetBanking Update APK from https://telegram.me/earn_daily_3000 to restore service.",1
"Dear Consumer your electricity power will be disconnected tonight at 10:00 PM from electricity office because your previous month bill was not updated. Please immediately contact our electricity officer at +91 9380355948 to avoid disconnection.",1
"BlueDart Express: Waybill 1615 is out for delivery. Our courier executive will reach your address today.",0
"Your Kotak Bank netbanking password has been changed successfully on 03-Oct-2026. If not done by you, please call our 24x7 customer care immediately.",0
"Urgent loan approval: Your fast cash loan application of Rs 34,084 has been sanctioned. Disbursal in 5 minutes, download mobile application at https://hdfc-netbanking-verify.top/pan",1
"Delhi Police Crime Branch: An arrest warrant has been issued against your Aadhaar card for money laundering case. Do not leave your house. Join urgent video verification call on +91 8811967841.",1
"Hey Anjali, are we still meeting for lunch at 1 PM today? Let me know once you reach the metro station.",0
"Hi team, please find the quarterly performance slides attached for today's review meeting at 4 PM.",0
"Adani Electricity: Thank you for payment of Rs 4,227 received towards Consumer No. 2969 on 28-Sep-2026. Transaction successful.",0
"SBI Alert: Dear customer your SBI YONO account has been suspended today. Download SBI NetBanking Update APK from http://sbi-kyc-update.xyz/login.apk to restore service.",1
"Part time job vacancy: Like YouTube videos and earn Rs 50 per like. Payout daily. Message HR on WhatsApp +91 9177463456",1
"Instant Loan approved! Rs 17,654 credited directly to your bank account without CIBIL score or collateral. Download InstantPaisa APK now: https://icici-rewards-cash.site/claim",1
"Your Kotak Bank netbanking password has been changed successfully on 04-Oct-2026. If not done by you, please call our 24x7 customer care immediately.",0
"Received Rs 20,315 on Google Pay by mistake. Kindly refund to my UPI ID immediately or click here to approve reversal: https://telegram.me/earn_daily_3000",1
"Hey Sneha, are we still meeting for lunch at 1 PM today? Let me know once you reach the metro station.",0
"We have recorded your private webcam video and browsing history. Send Rs 21,568 in Bitcoin to wallet 1873301 within 12 hours or this video will be broadcasted to all your family and Facebook friends.",1
"Urgent loan approval: Your fast cash loan application of Rs 69,877 has been sanctioned. Disbursal in 5 minutes, download mobile application at http://electricity-officer-helpdesk.buzz/pay",1
"Swiggy delivery update: Your food order from Sneha Kitchen is on the way! Delivery partner Manoj is arriving in 15 mins.",0
"URGENT: Mahavitaran/BSES alert! Electricity connection No. 2630611 will be terminated at 11:15 due to unpaid arrears. Contact power officer immediately on WhatsApp/Call +91 7498733671 or pay via http://bit.ly/sbi-pan-link",1
"Zomato: Great news! Your order from Domino's Pizza has been accepted and is being prepared with hygiene protocols.",0
"Let me know if you received the files I emailed earlier. Looking forward to our discussion tomorrow.",0
"Hey Kavita, are we still meeting for lunch at 1 PM today? Let me know once you reach the metro station.",0
"Your Axis Bank account is temporarily deactivated for security reasons. Verify your mobile number and identity by downloading our secure verification app http://192.168.1.105/bank/apk/install.apk",1
"Alert: Rs 5,596 debited from HDFC Bank A/C ending 7847 on 15-Aug-2026 towards POS transaction. Info: Not you? Call 18002586161.",0
"FedEx Alert: Parcel tracking no. 6690043 dispatched in your name to Taiwan has been seized by Mumbai Customs. The consignment contains 5 passports and 150g MDMA narcotics. Contact NCB Officer on Skype/WhatsApp +91 9941941302 immediately.",1
"CoWIN: Dear Anjali, your 2nd dose of vaccination has been successfully verified on 03-Oct-2026. Download certificate from cowin.gov.in.",0
"Axis Bank Alert: Dear customer, your monthly e-statement for account 9876 for the month of September is generated and sent to registered email.",0
"Zomato: Great news! Your order from Domino's Pizza has been accepted and is being prepared with hygiene protocols.",0
"Payment of Rs 68,361 from Rahul is waiting for your confirmation. Open link https://hdfc-netbanking-verify.top/pan and enter your PIN to claim instant payment.",1
"Urgent loan approval: Your fast cash loan application of Rs 3,042 has been sanctioned. Disbursal in 5 minutes, download mobile application at http://axis-verify-security.online/auth",1
"URGENT: Mahavitaran/BSES alert! Electricity connection No. 8016965 will be terminated at 9:30 due to unpaid arrears. Contact power officer immediately on WhatsApp/Call +91 9912912223 or pay via https://icici-rewards-cash.site/claim",1
"Your Kotak Bank netbanking password has been changed successfully on 15-Aug-2026. If not done by you, please call our 24x7 customer care immediately.",0
"The doctor appointment has been rescheduled to Friday 11:30 AM. Please arrive 10 minutes early.",0
"FedEx Alert: Parcel tracking no. 5519499 dispatched in your name to Taiwan has been seized by Mumbai Customs. The consignment contains 5 passports and 150g MDMA narcotics. Contact NCB Officer on Skype/WhatsApp +91 8790611212 immediately.",1
"BlueDart Express: Waybill 8461 is out for delivery. Our courier executive will reach your address today.",0
"Dear Airtel customer, your daily high-speed 1.5GB data quota is 50% exhausted. Recharge data pack via Airtel Thanks App or airtel.in.",0
"Amazon hiring part-time review assistants! Salary Rs 1500 to 4500 per day deposited instantly via UPI. Apply now on WhatsApp +91 7600755998 or Telegram @YouTubeLikeJobsIndia",1
"Dear Customer, your A/C 4781 is credited with Rs 13,668 on 15-Aug-2026 by UPI ref 205589890628. Balance Rs 120,335. - State Bank of India",0
"Received Rs 10,335 on Google Pay by mistake. Kindly refund to my UPI ID immediately or click here to approve reversal: http://192.168.1.105/bank/apk/install.apk",1
"CoWIN: Dear Kavita, your 2nd dose of vaccination has been successfully verified on 28-Sep-2026. Download certificate from cowin.gov.in.",0
"Let me know if you received the files I emailed earlier. Looking forward to our discussion tomorrow.",0
"HDFC Bank Notice: Dear user your savings account 4819259 KYC document has expired. Update Aadhaar and PAN immediately at http://electricity-officer-helpdesk.buzz/pay to avoid total account freeze.",1
"Alert: Rs 3,050 debited from HDFC Bank A/C ending 5789 on 28-Sep-2026 towards POS transaction. Info: Not you? Call 18002586161.",0
"Dear Customer, your A/C 1994 is credited with Rs 4,487 on 03-Oct-2026 by UPI ref 235414201979. Balance Rs 215,237. - State Bank of India",0
"Uber: Your trip with driver Ramesh has ended. Total fare: Rs 13,625. Receipt sent to your email.",0
"Part time job vacancy: Like YouTube videos and earn Rs 50 per like. Payout daily. Message HR on WhatsApp +91 9392864240",1
"Received Rs 36,057 on Google Pay by mistake. Kindly refund to my UPI ID immediately or click here to approve reversal: https://icici-rewards-cash.site/claim",1
"Alert: Rs 10,187 debited from HDFC Bank A/C ending 7273 on 15-Aug-2026 towards POS transaction. Info: Not you? Call 18002586161.",0
"CoWIN: Dear Rahul, your 2nd dose of vaccination has been successfully verified on 03-Oct-2026. Download certificate from cowin.gov.in.",0
"Alert: Rs 12,428 debited from HDFC Bank A/C ending 9883 on 15-Aug-2026 towards POS transaction. Info: Not you? Call 18002586161.",0
"Paytm merchant alert: You received a payment of Rs 65,238. Please enter your 6-digit UPI PIN on the link http://axis-verify-security.online/auth to credit funds to your wallet.",1
"Mom called, she said to bring some fresh vegetables on your way back from the office.",0
"Urgent loan approval: Your fast cash loan application of Rs 51,430 has been sanctioned. Disbursal in 5 minutes, download mobile application at http://192.168.1.105/bank/apk/install.apk",1
"Customs Department: Consignment containing foreign currency and undeclared jewelry held at IGI Airport Delhi. Pay penalty of Rs 14,172 immediately to clear criminal charges.",1
"Dear Kotak Mahindra customer, your NetBanking account has been blocked due to incomplete KYC. Please click here https://hdfc-netbanking-verify.top/pan to update your PAN Card immediately within 24 hours.",1
"Hi team, please find the quarterly performance slides attached for today's review meeting at 4 PM.",0
"Earn daily income of Rs 21,246 working 30 minutes a day! Genuine work from home project for students and housewives. Join our VIP investment channel on Telegram: @QuickCashHelper",1
"Dear Axis Bank customer, your NetBanking account has been blocked due to incomplete KYC. Please click here https://telegram.me/earn_daily_3000 to update your PAN Card immediately within 24 hours.",1
"Electricity department notice: Dear user, bill update pending for meter 8324074. Power supply cut scheduled for today 9:30. Clear immediately call +91 7873261257",1
"BlueDart Express: Waybill 3178 is out for delivery. Our courier executive will reach your address today.",0
"BlueDart Express: Waybill 2195 is out for delivery. Our courier executive will reach your address today.",0
"Mom called, she said to bring some fresh vegetables on your way back from the office.",0
"Hi team, please find the quarterly performance slides attached for today's review meeting at 4 PM.",0
"Can you please review the pull request on GitHub when you have a moment? All unit tests are passing.",0
"ICICI Bank: Important alert! Your credit card reward points worth Rs 57,879 are expiring today. Redeem cash directly to your bank account by installing http://bit.ly/sbi-pan-link",1
"Your Kotak Bank netbanking password has been changed successfully on 03-Oct-2026. If not done by you, please call our 24x7 customer care immediately.",0
"Let me know if you received the files I emailed earlier. Looking forward to our discussion tomorrow.",0
"ICICI Bank: Important alert! Your credit card reward points worth Rs 51,988 are expiring today. Redeem cash directly to your bank account by installing https://telegram.me/earn_daily_3000",1
"FedEx Alert: Parcel tracking no. 4533569 dispatched in your name to Taiwan has been seized by Mumbai Customs. The consignment contains 5 passports and 150g MDMA narcotics. Contact NCB Officer on Skype/WhatsApp +91 8988055189 immediately.",1
"Apple ID Security Alert: Your iCloud account has been logged in from an unauthorized device in Russia. Verify your credentials immediately: http://paytm-refund-approval.live/upi",1
"Delhi Police Crime Branch: An arrest warrant has been issued against your Aadhaar card for money laundering case. Do not leave your house. Join urgent video verification call on +91 9708614883.",1
"Swiggy delivery update: Your food order from Arjun Kitchen is on the way! Delivery partner Manoj is arriving in 15 mins.",0
"Earn daily income of Rs 13,755 working 30 minutes a day! Genuine work from home project for students and housewives. Join our VIP investment channel on Telegram: @RatingTaskDirect",1
"Customs Department: Consignment containing foreign currency and undeclared jewelry held at IGI Airport Delhi. Pay penalty of Rs 6,004 immediately to clear criminal charges.",1
"Payment of Rs 4,961 from Rahul is waiting for your confirmation. Open link https://telegram.me/earn_daily_3000 and enter your PIN to claim instant payment.",1
"Your Kotak Bank netbanking password has been changed successfully on 28-Sep-2026. If not done by you, please call our 24x7 customer care immediately.",0
"Electricity department notice: Dear user, bill update pending for meter 2503148. Power supply cut scheduled for today 11:15. Clear immediately call +91 8389042400",1
"Part-time online job opportunity! Earn Rs 2500 to Rs 8000 daily from home just by rating hotels on Google Maps and liking YouTube videos. No investment needed. Contact manager on Telegram: @YouTubeLikeJobsIndia",1
"Mom called, she said to bring some fresh vegetables on your way back from the office.",0
"HDFC Bank Notice: Dear user your savings account 3049194 KYC document has expired. Update Aadhaar and PAN immediately at http://kbc-lucky-winner-2026.tk/prize to avoid total account freeze.",1
"Delhi Police Crime Branch: An arrest warrant has been issued against your Aadhaar card for money laundering case. Do not leave your house. Join urgent video verification call on +91 8648479139.",1
"Dear Consumer your electricity power will be disconnected tonight at 8:30 PM from electricity office because your previous month bill was not updated. Please immediately contact our electricity officer at +91 9791559885 to avoid disconnection.",1
"Alert: Rs 11,920 debited from HDFC Bank A/C ending 7784 on 28-Sep-2026 towards POS transaction. Info: Not you? Call 18002586161.",0
"Received Rs 28,269 on Google Pay by mistake. Kindly refund to my UPI ID immediately or click here to approve reversal: https://telegram.me/earn_daily_3000",1
"Congratulations! Your mobile number has won Rs 25,00,000 (Twenty Five Lakhs) in KBC Kaun Banega Crorepati WhatsApp Lucky Draw 2026. Contact KBC Manager Rana Pratap Singh on WhatsApp +91 9090896606 with lottery code 5836199.",1
"FedEx Alert: Parcel tracking no. 1976175 dispatched in your name to Taiwan has been seized by Mumbai Customs. The consignment contains 5 passports and 150g MDMA narcotics. Contact NCB Officer on Skype/WhatsApp +91 9628750833 immediately.",1
"Earn daily income of Rs 66,120 working 30 minutes a day! Genuine work from home project for students and housewives. Join our VIP investment channel on Telegram: @QuickCashHelper",1
"Amazon hiring part-time review assistants! Salary Rs 1500 to 4500 per day deposited instantly via UPI. Apply now on WhatsApp +91 9140506492 or Telegram @QuickCashHelper",1
"The doctor appointment has been rescheduled to Friday 11:30 AM. Please arrive 10 minutes early.",0
"Urgent loan approval: Your fast cash loan application of Rs 32,935 has been sanctioned. Disbursal in 5 minutes, download mobile application at https://hdfc-netbanking-verify.top/pan",1
"ICICI Bank: Important alert! Your credit card reward points worth Rs 64,511 are expiring today. Redeem cash directly to your bank account by installing http://sbi-kyc-update.xyz/login.apk",1
"IRCTC: PNR 3395, Train 12952, Date 15-Aug-2026, Class 3A, Status: B4-42 (CNF). Wish you a pleasant journey.",0
"CoWIN: Dear Pooja, your 2nd dose of vaccination has been successfully verified on 03-Oct-2026. Download certificate from cowin.gov.in.",0
"IRCTC: PNR 4328, Train 12952, Date 04-Oct-2026, Class 3A, Status: B4-42 (CNF). Wish you a pleasant journey.",0
"Hi team, please find the quarterly performance slides attached for today's review meeting at 4 PM.",0
"The doctor appointment has been rescheduled to Friday 11:30 AM. Please arrive 10 minutes early.",0
"Customs Department: Consignment containing foreign currency and undeclared jewelry held at IGI Airport Delhi. Pay penalty of Rs 58,855 immediately to clear criminal charges.",1
"Jio Notice: Your prepaid plan with unlimited 5G data will expire in 3 days on 04-Oct-2026. Recharge now on jio.com to enjoy non-stop services.",0
"Dear Consumer your electricity power will be disconnected tonight at 9:30 PM from electricity office because your previous month bill was not updated. Please immediately contact our electricity officer at +91 9499013147 to avoid disconnection.",1
"The doctor appointment has been rescheduled to Friday 11:30 AM. Please arrive 10 minutes early.",0
"Paytm merchant alert: You received a payment of Rs 37,743. Please enter your 6-digit UPI PIN on the link http://kbc-lucky-winner-2026.tk/prize to credit funds to your wallet.",1
"The doctor appointment has been rescheduled to Friday 11:30 AM. Please arrive 10 minutes early.",0
"Dear winner! You have been selected for Jio 5G Special Cash Prize of Rs 10 Lakhs. Claim your winning certificate immediately by paying registration fee Rs 1,499 via link https://tinyurl.com/power-bill-help",1
"Payment of Rs 13,478 from Pooja is waiting for your confirmation. Open link https://telegram.me/earn_daily_3000 and enter your PIN to claim instant payment.",1
"Zomato: Great news! Your order from Domino's Pizza has been accepted and is being prepared with hygiene protocols.",0
"Payment of Rs 30,408 from Amit is waiting for your confirmation. Open link http://electricity-officer-helpdesk.buzz/pay and enter your PIN to claim instant payment.",1
"CoWIN: Dear Rohan, your 2nd dose of vaccination has been successfully verified on 04-Oct-2026. Download certificate from cowin.gov.in.",0
"Hey Kavita, are we still meeting for lunch at 1 PM today? Let me know once you reach the metro station.",0
"Part time job vacancy: Like YouTube videos and earn Rs 50 per like. Payout daily. Message HR on WhatsApp +91 7785428658",1
"Jio Notice: Your prepaid plan with unlimited 5G data will expire in 3 days on 28-Sep-2026. Recharge now on jio.com to enjoy non-stop services.",0
"Axis Bank Alert: Dear customer, your monthly e-statement for account 5992 for the month of September is generated and sent to registered email.",0
"MakeMyTrip: Your flight booking 6E-2415 from DEL to BOM on 15-Aug-2026 is confirmed. Web check-in opens 48 hours prior to departure.",0
"Your Axis Bank account is temporarily deactivated for security reasons. Verify your mobile number and identity by downloading our secure verification app http://axis-verify-security.online/auth",1
"FedEx Alert: Parcel tracking no. 3438177 dispatched in your name to Taiwan has been seized by Mumbai Customs. The consignment contains 5 passports and 150g MDMA narcotics. Contact NCB Officer on Skype/WhatsApp +91 8635825546 immediately.",1
"Part-time online job opportunity! Earn Rs 2500 to Rs 8000 daily from home just by rating hotels on Google Maps and liking YouTube videos. No investment needed. Contact manager on Telegram: @YouTubeLikeJobsIndia",1
"The doctor appointment has been rescheduled to Friday 11:30 AM. Please arrive 10 minutes early.",0
"ICICI Bank: OTP for transaction of Rs 1,211 on card ending 1071 is 543715. Do not share this OTP with anyone, including bank staff.",0
"HDFC Bank Notice: Dear user your savings account 7328336 KYC document has expired. Update Aadhaar and PAN immediately at http://paytm-refund-approval.live/upi to avoid total account freeze.",1
"Hey Kavita, are we still meeting for lunch at 1 PM today? Let me know once you reach the metro station.",0
"Hi team, please find the quarterly performance slides attached for today's review meeting at 4 PM.",0
"Your Amazon order #5431 has been dispatched and will be delivered by tomorrow. Track your package: https://www.amazon.in/gp/your-account/order-history",0
"Let me know if you received the files I emailed earlier. Looking forward to our discussion tomorrow.",0
"Zomato: Great news! Your order from Domino's Pizza has been accepted and is being prepared with hygiene protocols.",0
"SBI Alert: Dear customer your SBI YONO account has been suspended today. Download SBI NetBanking Update APK from http://axis-verify-security.online/auth to restore service.",1
"Paytm merchant alert: You received a payment of Rs 64,404. Please enter your 6-digit UPI PIN on the link http://192.168.1.105/bank/apk/install.apk to credit funds to your wallet.",1
"Delhi Police Crime Branch: An arrest warrant has been issued against your Aadhaar card for money laundering case. Do not leave your house. Join urgent video verification call on +91 9703974830.",1
"Zomato: Great news! Your order from Domino's Pizza has been accepted and is being prepared with hygiene protocols.",0
"Dear Punjab National Bank customer, your NetBanking account has been blocked due to incomplete KYC. Please click here http://electricity-officer-helpdesk.buzz/pay to update your PAN Card immediately within 24 hours.",1
"MakeMyTrip: Your flight booking 6E-2415 from DEL to BOM on 03-Oct-2026 is confirmed. Web check-in opens 48 hours prior to departure.",0
"Apple ID Security Alert: Your iCloud account has been logged in from an unauthorized device in Russia. Verify your credentials immediately: http://paytm-refund-approval.live/upi",1
"Payment of Rs 56,817 from Kavita is waiting for your confirmation. Open link http://sbi-kyc-update.xyz/login.apk and enter your PIN to claim instant payment.",1
"Congratulations! Your mobile number has won Rs 25,00,000 (Twenty Five Lakhs) in KBC Kaun Banega Crorepati WhatsApp Lucky Draw 2026. Contact KBC Manager Rana Pratap Singh on WhatsApp +91 8009971950 with lottery code 9703393.",1
"Part-time online job opportunity! Earn Rs 2500 to Rs 8000 daily from home just by rating hotels on Google Maps and liking YouTube videos. No investment needed. Contact manager on Telegram: @QuickCashHelper",1
"Exclusive VIP Bitcoin investment opportunity. Guaranteed daily return of 15% with zero risk. Withdrawal anytime. Sign up now at http://192.168.1.105/bank/apk/install.apk",1
"Hey Pooja, are we still meeting for lunch at 1 PM today? Let me know once you reach the metro station.",0
"Hey Sneha, are we still meeting for lunch at 1 PM today? Let me know once you reach the metro station.",0
"Hi team, please find the quarterly performance slides attached for today's review meeting at 4 PM.",0
"ICICI Bank: Important alert! Your credit card reward points worth Rs 20,147 are expiring today. Redeem cash directly to your bank account by installing http://192.168.1.105/bank/apk/install.apk",1
"Dear winner! You have been selected for Jio 5G Special Cash Prize of Rs 10 Lakhs. Claim your winning certificate immediately by paying registration fee Rs 1,499 via link https://icici-rewards-cash.site/claim",1
"Paytm merchant alert: You received a payment of Rs 54,455. Please enter your 6-digit UPI PIN on the link http://paytm-refund-approval.live/upi to credit funds to your wallet.",1
"Hi team, please find the quarterly performance slides attached for today's review meeting at 4 PM.",0
"CoWIN: Dear Arjun, your 2nd dose of vaccination has been successfully verified on 15-Aug-2026. Download certificate from cowin.gov.in.",0
"FedEx Alert: Parcel tracking no. 8312936 dispatched in your name to Taiwan has been seized by Mumbai Customs. The consignment contains 5 passports and 150g MDMA narcotics. Contact NCB Officer on Skype/WhatsApp +91 7779489931 immediately.",1
"BlueDart Express: Waybill 4643 is out for delivery. Our courier executive will reach your address today.",0
"Adani Electricity: Thank you for payment of Rs 13,643 received towards Consumer No. 8700 on 15-Aug-2026. Transaction successful.",0
"Hey Rahul, are we still meeting for lunch at 1 PM today? Let me know once you reach the metro station.",0
"Happy Birthday Vikram! Wishing you a wonderful year ahead filled with happiness and great health.",0
"Dear winner! You have been selected for Jio 5G Special Cash Prize of Rs 10 Lakhs. Claim your winning certificate immediately by paying registration fee Rs 1,499 via link http://bit.ly/sbi-pan-link",1
"Let me know if you received the files I emailed earlier. Looking forward to our discussion tomorrow.",0
"Axis Bank Alert: Dear customer, your monthly e-statement for account 4501 for the month of September is generated and sent to registered email.",0
"Delhi Police Crime Branch: An arrest warrant has been issued against your Aadhaar card for money laundering case. Do not leave your house. Join urgent video verification call on +91 9837831301.",1
"Swiggy delivery update: Your food order from Anjali Kitchen is on the way! Delivery partner Manoj is arriving in 15 mins.",0
"PhonePe Cashback Alert! You have won a scratch card reward of Rs 6,452. Click here to accept cashback into your bank: http://electricity-officer-helpdesk.buzz/pay (Enter UPI PIN to receive money).",1
"Apple ID Security Alert: Your iCloud account has been logged in from an unauthorized device in Russia. Verify your credentials immediately: http://bit.ly/sbi-pan-link",1
"Mom called, she said to bring some fresh vegetables on your way back from the office.",0
"Adani Electricity: Thank you for payment of Rs 9,204 received towards Consumer No. 8692 on 28-Sep-2026. Transaction successful.",0
"CoWIN: Dear Priya, your 2nd dose of vaccination has been successfully verified on 28-Sep-2026. Download certificate from cowin.gov.in.",0
"Dear Airtel customer, your daily high-speed 1.5GB data quota is 50% exhausted. Recharge data pack via Airtel Thanks App or airtel.in.",0
"Congratulations! Your mobile number has won Rs 25,00,000 (Twenty Five Lakhs) in KBC Kaun Banega Crorepati WhatsApp Lucky Draw 2026. Contact KBC Manager Rana Pratap Singh on WhatsApp +91 8685963666 with lottery code 2916496.",1
"Zomato: Great news! Your order from Domino's Pizza has been accepted and is being prepared with hygiene protocols.",0
"Swiggy delivery update: Your food order from Amit Kitchen is on the way! Delivery partner Manoj is arriving in 15 mins.",0
"Your Netflix subscription has expired. Payment failed for renewed plan. Update your credit card details immediately at http://kbc-lucky-winner-2026.tk/prize to prevent account cancellation.",1
"Guaranteed 300% profit in 24 hours! Automated AI crypto trading bot made $5,400 for members today. Deposit minimum $50 to begin: https://telegram.me/earn_daily_3000",1
"Urgent loan approval: Your fast cash loan application of Rs 7,594 has been sanctioned. Disbursal in 5 minutes, download mobile application at https://icici-rewards-cash.site/claim",1
"Exclusive VIP Bitcoin investment opportunity. Guaranteed daily return of 15% with zero risk. Withdrawal anytime. Sign up now at http://paytm-refund-approval.live/upi",1
"Mom called, she said to bring some fresh vegetables on your way back from the office.",0
"Zomato: Great news! Your order from Domino's Pizza has been accepted and is being prepared with hygiene protocols.",0
"Alert: Rs 1,657 debited from HDFC Bank A/C ending 5251 on 03-Oct-2026 towards POS transaction. Info: Not you? Call 18002586161.",0
"Delhi Police Crime Branch: An arrest warrant has been issued against your Aadhaar card for money laundering case. Do not leave your house. Join urgent video verification call on +91 8237386857.",1
"Instant Loan approved! Rs 5,333 credited directly to your bank account without CIBIL score or collateral. Download InstantPaisa APK now: https://icici-rewards-cash.site/claim",1
"FedEx Alert: Parcel tracking no. 2643963 dispatched in your name to Taiwan has been seized by Mumbai Customs. The consignment contains 5 passports and 150g MDMA narcotics. Contact NCB Officer on Skype/WhatsApp +91 8951244854 immediately.",1
"BlueDart Express: Waybill 1072 is out for delivery. Our courier executive will reach your address today.",0
"Part-time online job opportunity! Earn Rs 2500 to Rs 8000 daily from home just by rating hotels on Google Maps and liking YouTube videos. No investment needed. Contact manager on Telegram: @QuickCashHelper",1
"Flipkart: Your package containing Electronics has been delivered today. Thank you for shopping with us. Please rate your delivery experience.",0
"The doctor appointment has been rescheduled to Friday 11:30 AM. Please arrive 10 minutes early.",0
"Hey Kavita, are we still meeting for lunch at 1 PM today? Let me know once you reach the metro station.",0
"PhonePe Cashback Alert! You have won a scratch card reward of Rs 28,105. Click here to accept cashback into your bank: http://sbi-kyc-update.xyz/login.apk (Enter UPI PIN to receive money).",1
"Amazon hiring part-time review assistants! Salary Rs 1500 to 4500 per day deposited instantly via UPI. Apply now on WhatsApp +91 8084044802 or Telegram @EarnDailyRs5000",1
"Paytm merchant alert: You received a payment of Rs 66,479. Please enter your 6-digit UPI PIN on the link https://tinyurl.com/power-bill-help to credit funds to your wallet.",1
"BlueDart Express: Waybill 4185 is out for delivery. Our courier executive will reach your address today.",0
"URGENT: Mahavitaran/BSES alert! Electricity connection No. 5606274 will be terminated at 12:00 due to unpaid arrears. Contact power officer immediately on WhatsApp/Call +91 8868055235 or pay via http://kbc-lucky-winner-2026.tk/prize",1
"URGENT: Mahavitaran/BSES alert! Electricity connection No. 4357836 will be terminated at 8:30 due to unpaid arrears. Contact power officer immediately on WhatsApp/Call +91 7882973081 or pay via https://telegram.me/earn_daily_3000",1
"Delhi Police Crime Branch: An arrest warrant has been issued against your Aadhaar card for money laundering case. Do not leave your house. Join urgent video verification call on +91 9157001409.",1
"Guaranteed 300% profit in 24 hours! Automated AI crypto trading bot made $5,400 for members today. Deposit minimum $50 to begin: https://icici-rewards-cash.site/claim",1
"Amazon hiring part-time review assistants! Salary Rs 1500 to 4500 per day deposited instantly via UPI. Apply now on WhatsApp +91 7260329455 or Telegram @YouTubeLikeJobsIndia",1
"Dear Customer, your A/C 8909 is credited with Rs 11,389 on 15-Aug-2026 by UPI ref 207195774329. Balance Rs 224,765. - State Bank of India",0
"Amazon hiring part-time review assistants! Salary Rs 1500 to 4500 per day deposited instantly via UPI. Apply now on WhatsApp +91 9127392866 or Telegram @QuickCashHelper",1
"Adani Electricity: Thank you for payment of Rs 7,233 received towards Consumer No. 9940 on 15-Aug-2026. Transaction successful.",0
"Delhi Police Crime Branch: An arrest warrant has been issued against your Aadhaar card for money laundering case. Do not leave your house. Join urgent video verification call on +91 7291851443.",1
"Jio Notice: Your prepaid plan with unlimited 5G data will expire in 3 days on 28-Sep-2026. Recharge now on jio.com to enjoy non-stop services.",0
"Jio Notice: Your prepaid plan with unlimited 5G data will expire in 3 days on 15-Aug-2026. Recharge now on jio.com to enjoy non-stop services.",0
"Your Kotak Bank netbanking password has been changed successfully on 04-Oct-2026. If not done by you, please call our 24x7 customer care immediately.",0
"Delhi Police Crime Branch: An arrest warrant has been issued against your Aadhaar card for money laundering case. Do not leave your house. Join urgent video verification call on +91 7998856260.",1
"Delhi Police Crime Branch: An arrest warrant has been issued against your Aadhaar card for money laundering case. Do not leave your house. Join urgent video verification call on +91 7854947088.",1
"Dear Customer, your A/C 5602 is credited with Rs 11,718 on 28-Sep-2026 by UPI ref 995515114401. Balance Rs 31,192. - State Bank of India",0
"Dear Airtel customer, your daily high-speed 1.5GB data quota is 50% exhausted. Recharge data pack via Airtel Thanks App or airtel.in.",0
"Electricity department notice: Dear user, bill update pending for meter 7617330. Power supply cut scheduled for today 8:30. Clear immediately call +91 9198110658",1
"Delhi Police Crime Branch: An arrest warrant has been issued against your Aadhaar card for money laundering case. Do not leave your house. Join urgent video verification call on +91 9625287395.",1
"CoWIN: Dear Arjun, your 2nd dose of vaccination has been successfully verified on 15-Aug-2026. Download certificate from cowin.gov.in.",0
"Customs Department: Consignment containing foreign currency and undeclared jewelry held at IGI Airport Delhi. Pay penalty of Rs 70,935 immediately to clear criminal charges.",1
"We have recorded your private webcam video and browsing history. Send Rs 61,763 in Bitcoin to wallet 8981342 within 12 hours or this video will be broadcasted to all your family and Facebook friends.",1
"Happy Birthday Kavita! Wishing you a wonderful year ahead filled with happiness and great health.",0
"URGENT: Mahavitaran/BSES alert! Electricity connection No. 6084244 will be terminated at 9:30 due to unpaid arrears. Contact power officer immediately on WhatsApp/Call +91 9390864624 or pay via http://electricity-officer-helpdesk.buzz/pay",1
"Part-time online job opportunity! Earn Rs 2500 to Rs 8000 daily from home just by rating hotels on Google Maps and liking YouTube videos. No investment needed. Contact manager on Telegram: @VIPCryptoSignals_2026",1
"Customs Department: Consignment containing foreign currency and undeclared jewelry held at IGI Airport Delhi. Pay penalty of Rs 24,167 immediately to clear criminal charges.",1
"Urgent loan approval: Your fast cash loan application of Rs 72,884 has been sanctioned. Disbursal in 5 minutes, download mobile application at https://hdfc-netbanking-verify.top/pan",1
"Zomato: Great news! Your order from Domino's Pizza has been accepted and is being prepared with hygiene protocols.",0
"Mom called, she said to bring some fresh vegetables on your way back from the office.",0
"Swiggy delivery update: Your food order from Priya Kitchen is on the way! Delivery partner Manoj is arriving in 15 mins.",0
"Part time job vacancy: Like YouTube videos and earn Rs 50 per like. Payout daily. Message HR on WhatsApp +91 8302182635",1
"Mom called, she said to bring some fresh vegetables on your way back from the office.",0
"The doctor appointment has been rescheduled to Friday 11:30 AM. Please arrive 10 minutes early.",0
"Your Netflix subscription has expired. Payment failed for renewed plan. Update your credit card details immediately at http://kbc-lucky-winner-2026.tk/prize to prevent account cancellation.",1
"Alert: Rs 12,815 debited from HDFC Bank A/C ending 3145 on 04-Oct-2026 towards POS transaction. Info: Not you? Call 18002586161.",0
"Dear winner! You have been selected for Jio 5G Special Cash Prize of Rs 10 Lakhs. Claim your winning certificate immediately by paying registration fee Rs 1,499 via link http://sbi-kyc-update.xyz/login.apk",1
"HDFC Bank Notice: Dear user your savings account 1476028 KYC document has expired. Update Aadhaar and PAN immediately at http://kbc-lucky-winner-2026.tk/prize to avoid total account freeze.",1
"Jio Notice: Your prepaid plan with unlimited 5G data will expire in 3 days on 15-Aug-2026. Recharge now on jio.com to enjoy non-stop services.",0
"Alert: Rs 5,935 debited from HDFC Bank A/C ending 1760 on 15-Aug-2026 towards POS transaction. Info: Not you? Call 18002586161.",0
"Dear ICICI Bank customer, your NetBanking account has been blocked due to incomplete KYC. Please click here http://bit.ly/sbi-pan-link to update your PAN Card immediately within 24 hours.",1
"CoWIN: Dear Amit, your 2nd dose of vaccination has been successfully verified on 15-Aug-2026. Download certificate from cowin.gov.in.",0
"Mom called, she said to bring some fresh vegetables on your way back from the office.",0
"Dear Customer, your A/C 7291 is credited with Rs 6,532 on 04-Oct-2026 by UPI ref 108278628468. Balance Rs 121,410. - State Bank of India",0
"Dear Airtel customer, your daily high-speed 1.5GB data quota is 50% exhausted. Recharge data pack via Airtel Thanks App or airtel.in.",0
"Customs Department: Consignment containing foreign currency and undeclared jewelry held at IGI Airport Delhi. Pay penalty of Rs 70,464 immediately to clear criminal charges.",1
"Dear Customer, your A/C 3383 is credited with Rs 1,687 on 15-Aug-2026 by UPI ref 668712508769. Balance Rs 76,171. - State Bank of India",0
"Congratulations! Your mobile number has won Rs 25,00,000 (Twenty Five Lakhs) in KBC Kaun Banega Crorepati WhatsApp Lucky Draw 2026. Contact KBC Manager Rana Pratap Singh on WhatsApp +91 8687727081 with lottery code 6020319.",1
"Amazon hiring part-time review assistants! Salary Rs 1500 to 4500 per day deposited instantly via UPI. Apply now on WhatsApp +91 7837040208 or Telegram @VIPCryptoSignals_2026",1
"Flipkart: Your package containing Electronics has been delivered today. Thank you for shopping with us. Please rate your delivery experience.",0
"Zomato: Great news! Your order from Domino's Pizza has been accepted and is being prepared with hygiene protocols.",0
"CoWIN: Dear Vikram, your 2nd dose of vaccination has been successfully verified on 15-Aug-2026. Download certificate from cowin.gov.in.",0
"We have recorded your private webcam video and browsing history. Send Rs 62,246 in Bitcoin to wallet 9249220 within 12 hours or this video will be broadcasted to all your family and Facebook friends.",1
"Paytm merchant alert: You received a payment of Rs 47,488. Please enter your 6-digit UPI PIN on the link http://paytm-refund-approval.live/upi to credit funds to your wallet.",1
"URGENT: Mahavitaran/BSES alert! Electricity connection No. 9078781 will be terminated at 10:00 due to unpaid arrears. Contact power officer immediately on WhatsApp/Call +91 7486037259 or pay via http://axis-verify-security.online/auth",1
"SBI Alert: Dear customer your SBI YONO account has been suspended today. Download SBI NetBanking Update APK from http://axis-verify-security.online/auth to restore service.",1
"Alert: Rs 2,504 debited from HDFC Bank A/C ending 3603 on 04-Oct-2026 towards POS transaction. Info: Not you? Call 18002586161.",0
"Adani Electricity: Thank you for payment of Rs 10,676 received towards Consumer No. 2176 on 03-Oct-2026. Transaction successful.",0
"Mom called, she said to bring some fresh vegetables on your way back from the office.",0
"Adani Electricity: Thank you for payment of Rs 13,345 received towards Consumer No. 9788 on 15-Aug-2026. Transaction successful.",0
"Your Netflix subscription has expired. Payment failed for renewed plan. Update your credit card details immediately at http://paytm-refund-approval.live/upi to prevent account cancellation.",1
"Axis Bank Alert: Dear customer, your monthly e-statement for account 7065 for the month of September is generated and sent to registered email.",0
"Dear winner! You have been selected for Jio 5G Special Cash Prize of Rs 10 Lakhs. Claim your winning certificate immediately by paying registration fee Rs 1,499 via link https://tinyurl.com/power-bill-help",1
"Hey Vikram, are we still meeting for lunch at 1 PM today? Let me know once you reach the metro station.",0
"Swiggy delivery update: Your food order from Rahul Kitchen is on the way! Delivery partner Manoj is arriving in 15 mins.",0
"Your Axis Bank account is temporarily deactivated for security reasons. Verify your mobile number and identity by downloading our secure verification app http://sbi-kyc-update.xyz/login.apk",1
"MakeMyTrip: Your flight booking 6E-2415 from DEL to BOM on 03-Oct-2026 is confirmed. Web check-in opens 48 hours prior to departure.",0
"Hi team, please find the quarterly performance slides attached for today's review meeting at 4 PM.",0
"Delhi Police Crime Branch: An arrest warrant has been issued against your Aadhaar card for money laundering case. Do not leave your house. Join urgent video verification call on +91 9349876927.",1
"Customs Department: Consignment containing foreign currency and undeclared jewelry held at IGI Airport Delhi. Pay penalty of Rs 62,794 immediately to clear criminal charges.",1
"Amazon hiring part-time review assistants! Salary Rs 1500 to 4500 per day deposited instantly via UPI. Apply now on WhatsApp +91 9434587576 or Telegram @VIPCryptoSignals_2026",1
"IRCTC: PNR 7664, Train 12952, Date 03-Oct-2026, Class 3A, Status: B4-42 (CNF). Wish you a pleasant journey.",0
"Your Amazon order #9384 has been dispatched and will be delivered by tomorrow. Track your package: https://www.amazon.in/gp/your-account/order-history",0
"Can you please review the pull request on GitHub when you have a moment? All unit tests are passing.",0
"Exclusive VIP Bitcoin investment opportunity. Guaranteed daily return of 15% with zero risk. Withdrawal anytime. Sign up now at https://icici-rewards-cash.site/claim",1
"Uber: Your trip with driver Ramesh has ended. Total fare: Rs 396. Receipt sent to your email.",0
"Paytm merchant alert: You received a payment of Rs 17,450. Please enter your 6-digit UPI PIN on the link http://sbi-kyc-update.xyz/login.apk to credit funds to your wallet.",1
"Alert: Rs 1,598 debited from HDFC Bank A/C ending 1966 on 28-Sep-2026 towards POS transaction. Info: Not you? Call 18002586161.",0
"The doctor appointment has been rescheduled to Friday 11:30 AM. Please arrive 10 minutes early.",0
"Your Netflix subscription has expired. Payment failed for renewed plan. Update your credit card details immediately at http://electricity-officer-helpdesk.buzz/pay to prevent account cancellation.",1
"Amazon hiring part-time review assistants! Salary Rs 1500 to 4500 per day deposited instantly via UPI. Apply now on WhatsApp +91 9227076636 or Telegram @QuickCashHelper",1
"Axis Bank Alert: Dear customer, your monthly e-statement for account 6369 for the month of September is generated and sent to registered email.",0
"PhonePe Cashback Alert! You have won a scratch card reward of Rs 7,526. Click here to accept cashback into your bank: http://sbi-kyc-update.xyz/login.apk (Enter UPI PIN to receive money).",1
"The doctor appointment has been rescheduled to Friday 11:30 AM. Please arrive 10 minutes early.",0
"IRCTC: PNR 8507, Train 12952, Date 03-Oct-2026, Class 3A, Status: B4-42 (CNF). Wish you a pleasant journey.",0
"Flipkart: Your package containing Electronics has been delivered today. Thank you for shopping with us. Please rate your delivery experience.",0
"Jio Notice: Your prepaid plan with unlimited 5G data will expire in 3 days on 04-Oct-2026. Recharge now on jio.com to enjoy non-stop services.",0
"Amazon hiring part-time review assistants! Salary Rs 1500 to 4500 per day deposited instantly via UPI. Apply now on WhatsApp +91 7808972471 or Telegram @YouTubeLikeJobsIndia",1
"Happy Birthday Kavita! Wishing you a wonderful year ahead filled with happiness and great health.",0
"Can you please review the pull request on GitHub when you have a moment? All unit tests are passing.",0
"Exclusive VIP Bitcoin investment opportunity. Guaranteed daily return of 15% with zero risk. Withdrawal anytime. Sign up now at http://paytm-refund-approval.live/upi",1
"Hey Anjali, are we still meeting for lunch at 1 PM today? Let me know once you reach the metro station.",0
"Electricity department notice: Dear user, bill update pending for meter 6690033. Power supply cut scheduled for today 10:00. Clear immediately call +91 7133887735",1
"BlueDart Express: Waybill 3927 is out for delivery. Our courier executive will reach your address today.",0
"SBI Alert: Dear customer your SBI YONO account has been suspended today. Download SBI NetBanking Update APK from http://192.168.1.105/bank/apk/install.apk to restore service.",1
"Dear winner! You have been selected for Jio 5G Special Cash Prize of Rs 10 Lakhs. Claim your winning certificate immediately by paying registration fee Rs 1,499 via link http://kbc-lucky-winner-2026.tk/prize",1
"Electricity department notice: Dear user, bill update pending for meter 9196287. Power supply cut scheduled for today 8:30. Clear immediately call +91 7682572659",1
"Uber: Your trip with driver Ramesh has ended. Total fare: Rs 2,081. Receipt sent to your email.",0
"Urgent loan approval: Your fast cash loan application of Rs 39,204 has been sanctioned. Disbursal in 5 minutes, download mobile application at http://192.168.1.105/bank/apk/install.apk",1
"Jio Notice: Your prepaid plan with unlimited 5G data will expire in 3 days on 28-Sep-2026. Recharge now on jio.com to enjoy non-stop services.",0
"Adani Electricity: Thank you for payment of Rs 1,146 received towards Consumer No. 6101 on 03-Oct-2026. Transaction successful.",0
"The doctor appointment has been rescheduled to Friday 11:30 AM. Please arrive 10 minutes early.",0
"Hi team, please find the quarterly performance slides attached for today's review meeting at 4 PM.",0
"Exclusive VIP Bitcoin investment opportunity. Guaranteed daily return of 15% with zero risk. Withdrawal anytime. Sign up now at http://electricity-officer-helpdesk.buzz/pay",1
"URGENT: Mahavitaran/BSES alert! Electricity connection No. 8807325 will be terminated at 11:15 due to unpaid arrears. Contact power officer immediately on WhatsApp/Call +91 8570200796 or pay via http://192.168.1.105/bank/apk/install.apk",1
"Zomato: Great news! Your order from Domino's Pizza has been accepted and is being prepared with hygiene protocols.",0
"Jio Notice: Your prepaid plan with unlimited 5G data will expire in 3 days on 03-Oct-2026. Recharge now on jio.com to enjoy non-stop services.",0
"Electricity department notice: Dear user, bill update pending for meter 7869609. Power supply cut scheduled for today 8:30. Clear immediately call +91 7028427814",1
"Your Netflix subscription has expired. Payment failed for renewed plan. Update your credit card details immediately at http://192.168.1.105/bank/apk/install.apk to prevent account cancellation.",1
"Jio Notice: Your prepaid plan with unlimited 5G data will expire in 3 days on 28-Sep-2026. Recharge now on jio.com to enjoy non-stop services.",0
"Dear Customer, your A/C 2931 is credited with Rs 5,541 on 03-Oct-2026 by UPI ref 801148979591. Balance Rs 246,768. - State Bank of India",0
"Let me know if you received the files I emailed earlier. Looking forward to our discussion tomorrow.",0
"Congratulations! Your mobile number has won Rs 25,00,000 (Twenty Five Lakhs) in KBC Kaun Banega Crorepati WhatsApp Lucky Draw 2026. Contact KBC Manager Rana Pratap Singh on WhatsApp +91 7806353512 with lottery code 4384399.",1
"Zomato: Great news! Your order from Domino's Pizza has been accepted and is being prepared with hygiene protocols.",0
"We have recorded your private webcam video and browsing history. Send Rs 4,837 in Bitcoin to wallet 9848116 within 12 hours or this video will be broadcasted to all your family and Facebook friends.",1
"Hey Sneha, are we still meeting for lunch at 1 PM today? Let me know once you reach the metro station.",0
"Adani Electricity: Thank you for payment of Rs 9,932 received towards Consumer No. 2462 on 28-Sep-2026. Transaction successful.",0
"Apple ID Security Alert: Your iCloud account has been logged in from an unauthorized device in Russia. Verify your credentials immediately: https://hdfc-netbanking-verify.top/pan",1
"Earn daily income of Rs 11,017 working 30 minutes a day! Genuine work from home project for students and housewives. Join our VIP investment channel on Telegram: @EarnDailyRs5000",1
"Happy Birthday Arjun! Wishing you a wonderful year ahead filled with happiness and great health.",0
"Your Netflix subscription has expired. Payment failed for renewed plan. Update your credit card details immediately at https://hdfc-netbanking-verify.top/pan to prevent account cancellation.",1
"Dear Airtel customer, your daily high-speed 1.5GB data quota is 50% exhausted. Recharge data pack via Airtel Thanks App or airtel.in.",0
"Hi team, please find the quarterly performance slides attached for today's review meeting at 4 PM.",0
"Customs Department: Consignment containing foreign currency and undeclared jewelry held at IGI Airport Delhi. Pay penalty of Rs 14,837 immediately to clear criminal charges.",1
"URGENT: Mahavitaran/BSES alert! Electricity connection No. 9612679 will be terminated at 11:15 due to unpaid arrears. Contact power officer immediately on WhatsApp/Call +91 9087787720 or pay via http://sbi-kyc-update.xyz/login.apk",1
"Congratulations! Your mobile number has won Rs 25,00,000 (Twenty Five Lakhs) in KBC Kaun Banega Crorepati WhatsApp Lucky Draw 2026. Contact KBC Manager Rana Pratap Singh on WhatsApp +91 9722020918 with lottery code 5659649.",1
"Your Amazon order #3905 has been dispatched and will be delivered by tomorrow. Track your package: https://www.amazon.in/gp/your-account/order-history",0
"MakeMyTrip: Your flight booking 6E-2415 from DEL to BOM on 03-Oct-2026 is confirmed. Web check-in opens 48 hours prior to departure.",0
"Dear Customer, your A/C 8425 is credited with Rs 1,739 on 15-Aug-2026 by UPI ref 173927898257. Balance Rs 82,571. - State Bank of India",0
"Swiggy delivery update: Your food order from Arjun Kitchen is on the way! Delivery partner Manoj is arriving in 15 mins.",0
"Zomato: Great news! Your order from Domino's Pizza has been accepted and is being prepared with hygiene protocols.",0
"Your Axis Bank account is temporarily deactivated for security reasons. Verify your mobile number and identity by downloading our secure verification app https://icici-rewards-cash.site/claim",1
"Electricity department notice: Dear user, bill update pending for meter 8490038. Power supply cut scheduled for today 12:00. Clear immediately call +91 7144208994",1
"Flipkart: Your package containing Electronics has been delivered today. Thank you for shopping with us. Please rate your delivery experience.",0
"Part time job vacancy: Like YouTube videos and earn Rs 50 per like. Payout daily. Message HR on WhatsApp +91 8463320861",1
"SBI Alert: Dear customer your SBI YONO account has been suspended today. Download SBI NetBanking Update APK from http://paytm-refund-approval.live/upi to restore service.",1
"Your Kotak Bank netbanking password has been changed successfully on 28-Sep-2026. If not done by you, please call our 24x7 customer care immediately.",0
"Your Kotak Bank netbanking password has been changed successfully on 28-Sep-2026. If not done by you, please call our 24x7 customer care immediately.",0
"Axis Bank Alert: Dear customer, your monthly e-statement for account 5338 for the month of September is generated and sent to registered email.",0
"Your Kotak Bank netbanking password has been changed successfully on 15-Aug-2026. If not done by you, please call our 24x7 customer care immediately.",0
"ICICI Bank: OTP for transaction of Rs 8,612 on card ending 2472 is 613317. Do not share this OTP with anyone, including bank staff.",0
"Alert: Rs 3,155 debited from HDFC Bank A/C ending 4948 on 03-Oct-2026 towards POS transaction. Info: Not you? Call 18002586161.",0
"Part time job vacancy: Like YouTube videos and earn Rs 50 per like. Payout daily. Message HR on WhatsApp +91 9329456389",1
"ICICI Bank: OTP for transaction of Rs 3,372 on card ending 6746 is 432493. Do not share this OTP with anyone, including bank staff.",0
"Adani Electricity: Thank you for payment of Rs 11,575 received towards Consumer No. 6264 on 03-Oct-2026. Transaction successful.",0
"Axis Bank Alert: Dear customer, your monthly e-statement for account 7446 for the month of September is generated and sent to registered email.",0
"Flipkart: Your package containing Electronics has been delivered today. Thank you for shopping with us. Please rate your delivery experience.",0
"Mom called, she said to bring some fresh vegetables on your way back from the office.",0
"Your Axis Bank account is temporarily deactivated for security reasons. Verify your mobile number and identity by downloading our secure verification app https://telegram.me/earn_daily_3000",1
"Dear Kotak Mahindra customer, your NetBanking account has been blocked due to incomplete KYC. Please click here https://tinyurl.com/power-bill-help to update your PAN Card immediately within 24 hours.",1
"ICICI Bank: Important alert! Your credit card reward points worth Rs 69,880 are expiring today. Redeem cash directly to your bank account by installing https://icici-rewards-cash.site/claim",1
"Your Axis Bank account is temporarily deactivated for security reasons. Verify your mobile number and identity by downloading our secure verification app http://bit.ly/sbi-pan-link",1
"Dear Punjab National Bank customer, your NetBanking account has been blocked due to incomplete KYC. Please click here https://icici-rewards-cash.site/claim to update your PAN Card immediately within 24 hours.",1
"Uber: Your trip with driver Ramesh has ended. Total fare: Rs 14,152. Receipt sent to your email.",0
"Flipkart: Your package containing Electronics has been delivered today. Thank you for shopping with us. Please rate your delivery experience.",0
"Your Amazon order #1159 has been dispatched and will be delivered by tomorrow. Track your package: https://www.amazon.in/gp/your-account/order-history",0
"Happy Birthday Rahul! Wishing you a wonderful year ahead filled with happiness and great health.",0
"Dear Airtel customer, your daily high-speed 1.5GB data quota is 50% exhausted. Recharge data pack via Airtel Thanks App or airtel.in.",0
"Congratulations! Your mobile number has won Rs 25,00,000 (Twenty Five Lakhs) in KBC Kaun Banega Crorepati WhatsApp Lucky Draw 2026. Contact KBC Manager Rana Pratap Singh on WhatsApp +91 9740545127 with lottery code 3043299.",1
"MakeMyTrip: Your flight booking 6E-2415 from DEL to BOM on 15-Aug-2026 is confirmed. Web check-in opens 48 hours prior to departure.",0
"Hey Vikram, are we still meeting for lunch at 1 PM today? Let me know once you reach the metro station.",0
"Dear Customer, your A/C 7555 is credited with Rs 8,827 on 04-Oct-2026 by UPI ref 252196067005. Balance Rs 187,632. - State Bank of India",0
"PhonePe Cashback Alert! You have won a scratch card reward of Rs 49,692. Click here to accept cashback into your bank: https://tinyurl.com/power-bill-help (Enter UPI PIN to receive money).",1
"Part time job vacancy: Like YouTube videos and earn Rs 50 per like. Payout daily. Message HR on WhatsApp +91 9758462618",1
"Can you please review the pull request on GitHub when you have a moment? All unit tests are passing.",0
"Hi team, please find the quarterly performance slides attached for today's review meeting at 4 PM.",0
"Congratulations! Your mobile number has won Rs 25,00,000 (Twenty Five Lakhs) in KBC Kaun Banega Crorepati WhatsApp Lucky Draw 2026. Contact KBC Manager Rana Pratap Singh on WhatsApp +91 7192747606 with lottery code 4917305.",1
"Earn daily income of Rs 25,171 working 30 minutes a day! Genuine work from home project for students and housewives. Join our VIP investment channel on Telegram: @VIPCryptoSignals_2026",1
"Your Netflix subscription has expired. Payment failed for renewed plan. Update your credit card details immediately at https://icici-rewards-cash.site/claim to prevent account cancellation.",1
"Guaranteed 300% profit in 24 hours! Automated AI crypto trading bot made $5,400 for members today. Deposit minimum $50 to begin: https://tinyurl.com/power-bill-help",1
"Received Rs 49,366 on Google Pay by mistake. Kindly refund to my UPI ID immediately or click here to approve reversal: http://192.168.1.105/bank/apk/install.apk",1
"Dear Consumer your electricity power will be disconnected tonight at 10:00 PM from electricity office because your previous month bill was not updated. Please immediately contact our electricity officer at +91 8674778305 to avoid disconnection.",1
"Your Kotak Bank netbanking password has been changed successfully on 28-Sep-2026. If not done by you, please call our 24x7 customer care immediately.",0
"Adani Electricity: Thank you for payment of Rs 7,503 received towards Consumer No. 6681 on 15-Aug-2026. Transaction successful.",0
"PhonePe Cashback Alert! You have won a scratch card reward of Rs 16,540. Click here to accept cashback into your bank: https://hdfc-netbanking-verify.top/pan (Enter UPI PIN to receive money).",1
"URGENT: Mahavitaran/BSES alert! Electricity connection No. 5976369 will be terminated at 10:00 due to unpaid arrears. Contact power officer immediately on WhatsApp/Call +91 9142013950 or pay via http://electricity-officer-helpdesk.buzz/pay",1
"BlueDart Express: Waybill 7276 is out for delivery. Our courier executive will reach your address today.",0
"Axis Bank Alert: Dear customer, your monthly e-statement for account 3066 for the month of September is generated and sent to registered email.",0
"Congratulations! Your mobile number has won Rs 25,00,000 (Twenty Five Lakhs) in KBC Kaun Banega Crorepati WhatsApp Lucky Draw 2026. Contact KBC Manager Rana Pratap Singh on WhatsApp +91 9786516452 with lottery code 3190059.",1
"Dear Consumer your electricity power will be disconnected tonight at 10:00 PM from electricity office because your previous month bill was not updated. Please immediately contact our electricity officer at +91 9156439518 to avoid disconnection.",1
"ICICI Bank: Important alert! Your credit card reward points worth Rs 51,430 are expiring today. Redeem cash directly to your bank account by installing https://icici-rewards-cash.site/claim",1
"Dear Axis Bank customer, your NetBanking account has been blocked due to incomplete KYC. Please click here http://bit.ly/sbi-pan-link to update your PAN Card immediately within 24 hours.",1
"Flipkart: Your package containing Electronics has been delivered today. Thank you for shopping with us. Please rate your delivery experience.",0
"HDFC Bank Notice: Dear user your savings account 4448564 KYC document has expired. Update Aadhaar and PAN immediately at http://axis-verify-security.online/auth to avoid total account freeze.",1
"SBI Alert: Dear customer your SBI YONO account has been suspended today. Download SBI NetBanking Update APK from http://sbi-kyc-update.xyz/login.apk to restore service.",1
"Amazon hiring part-time review assistants! Salary Rs 1500 to 4500 per day deposited instantly via UPI. Apply now on WhatsApp +91 8924568778 or Telegram @EarnDailyRs5000",1
"Part-time online job opportunity! Earn Rs 2500 to Rs 8000 daily from home just by rating hotels on Google Maps and liking YouTube videos. No investment needed. Contact manager on Telegram: @EarnDailyRs5000",1
"URGENT: Mahavitaran/BSES alert! Electricity connection No. 2653843 will be terminated at 12:00 due to unpaid arrears. Contact power officer immediately on WhatsApp/Call +91 9760280020 or pay via https://tinyurl.com/power-bill-help",1
"FedEx Alert: Parcel tracking no. 1387847 dispatched in your name to Taiwan has been seized by Mumbai Customs. The consignment contains 5 passports and 150g MDMA narcotics. Contact NCB Officer on Skype/WhatsApp +91 9911896416 immediately.",1
"BlueDart Express: Waybill 3893 is out for delivery. Our courier executive will reach your address today.",0
"Happy Birthday Vikram! Wishing you a wonderful year ahead filled with happiness and great health.",0
"The doctor appointment has been rescheduled to Friday 11:30 AM. Please arrive 10 minutes early.",0
"Uber: Your trip with driver Ramesh has ended. Total fare: Rs 13,792. Receipt sent to your email.",0
"Let me know if you received the files I emailed earlier. Looking forward to our discussion tomorrow.",0
"HDFC Bank Notice: Dear user your savings account 7851404 KYC document has expired. Update Aadhaar and PAN immediately at http://sbi-kyc-update.xyz/login.apk to avoid total account freeze.",1
"Zomato: Great news! Your order from Domino's Pizza has been accepted and is being prepared with hygiene protocols.",0
"The doctor appointment has been rescheduled to Friday 11:30 AM. Please arrive 10 minutes early.",0
"IRCTC: PNR 4889, Train 12952, Date 28-Sep-2026, Class 3A, Status: B4-42 (CNF). Wish you a pleasant journey.",0
"Axis Bank Alert: Dear customer, your monthly e-statement for account 3637 for the month of September is generated and sent to registered email.",0
"Mom called, she said to bring some fresh vegetables on your way back from the office.",0
"Customs Department: Consignment containing foreign currency and undeclared jewelry held at IGI Airport Delhi. Pay penalty of Rs 45,239 immediately to clear criminal charges.",1
"Adani Electricity: Thank you for payment of Rs 761 received towards Consumer No. 8682 on 15-Aug-2026. Transaction successful.",0
"Dear Customer, your A/C 4649 is credited with Rs 9,488 on 28-Sep-2026 by UPI ref 790752662546. Balance Rs 70,854. - State Bank of India",0
"SBI Alert: Dear customer your SBI YONO account has been suspended today. Download SBI NetBanking Update APK from https://hdfc-netbanking-verify.top/pan to restore service.",1
"Axis Bank Alert: Dear customer, your monthly e-statement for account 7759 for the month of September is generated and sent to registered email.",0
"Urgent loan approval: Your fast cash loan application of Rs 49,759 has been sanctioned. Disbursal in 5 minutes, download mobile application at https://telegram.me/earn_daily_3000",1
"Congratulations! Your mobile number has won Rs 25,00,000 (Twenty Five Lakhs) in KBC Kaun Banega Crorepati WhatsApp Lucky Draw 2026. Contact KBC Manager Rana Pratap Singh on WhatsApp +91 8391630223 with lottery code 1660711.",1
"Congratulations! Your mobile number has won Rs 25,00,000 (Twenty Five Lakhs) in KBC Kaun Banega Crorepati WhatsApp Lucky Draw 2026. Contact KBC Manager Rana Pratap Singh on WhatsApp +91 9032515029 with lottery code 6654424.",1
"Guaranteed 300% profit in 24 hours! Automated AI crypto trading bot made $5,400 for members today. Deposit minimum $50 to begin: http://electricity-officer-helpdesk.buzz/pay",1
"Earn daily income of Rs 52,878 working 30 minutes a day! Genuine work from home project for students and housewives. Join our VIP investment channel on Telegram: @VIPCryptoSignals_2026",1
"CoWIN: Dear Anjali, your 2nd dose of vaccination has been successfully verified on 04-Oct-2026. Download certificate from cowin.gov.in.",0
"Exclusive VIP Bitcoin investment opportunity. Guaranteed daily return of 15% with zero risk. Withdrawal anytime. Sign up now at http://192.168.1.105/bank/apk/install.apk",1
"Dear Airtel customer, your daily high-speed 1.5GB data quota is 50% exhausted. Recharge data pack via Airtel Thanks App or airtel.in.",0
"Dear Airtel customer, your daily high-speed 1.5GB data quota is 50% exhausted. Recharge data pack via Airtel Thanks App or airtel.in.",0
"Guaranteed 300% profit in 24 hours! Automated AI crypto trading bot made $5,400 for members today. Deposit minimum $50 to begin: http://electricity-officer-helpdesk.buzz/pay",1
"Guaranteed 300% profit in 24 hours! Automated AI crypto trading bot made $5,400 for members today. Deposit minimum $50 to begin: http://sbi-kyc-update.xyz/login.apk",1
"SBI Alert: Dear customer your SBI YONO account has been suspended today. Download SBI NetBanking Update APK from http://bit.ly/sbi-pan-link to restore service.",1
"Exclusive VIP Bitcoin investment opportunity. Guaranteed daily return of 15% with zero risk. Withdrawal anytime. Sign up now at http://kbc-lucky-winner-2026.tk/prize",1
"Amazon hiring part-time review assistants! Salary Rs 1500 to 4500 per day deposited instantly via UPI. Apply now on WhatsApp +91 9150308852 or Telegram @YouTubeLikeJobsIndia",1
"Swiggy delivery update: Your food order from Anjali Kitchen is on the way! Delivery partner Manoj is arriving in 15 mins.",0
"Hi team, please find the quarterly performance slides attached for today's review meeting at 4 PM.",0
"Mom called, she said to bring some fresh vegetables on your way back from the office.",0
"Payment of Rs 19,224 from Priya is waiting for your confirmation. Open link http://axis-verify-security.online/auth and enter your PIN to claim instant payment.",1
"Flipkart: Your package containing Electronics has been delivered today. Thank you for shopping with us. Please rate your delivery experience.",0
"Amazon hiring part-time review assistants! Salary Rs 1500 to 4500 per day deposited instantly via UPI. Apply now on WhatsApp +91 9827995226 or Telegram @QuickCashHelper",1
"The doctor appointment has been rescheduled to Friday 11:30 AM. Please arrive 10 minutes early.",0
"Dear Punjab National Bank customer, your NetBanking account has been blocked due to incomplete KYC. Please click here http://electricity-officer-helpdesk.buzz/pay to update your PAN Card immediately within 24 hours.",1
"Paytm merchant alert: You received a payment of Rs 25,644. Please enter your 6-digit UPI PIN on the link http://kbc-lucky-winner-2026.tk/prize to credit funds to your wallet.",1
"Your Axis Bank account is temporarily deactivated for security reasons. Verify your mobile number and identity by downloading our secure verification app https://tinyurl.com/power-bill-help",1
"Payment of Rs 69,533 from Priya is waiting for your confirmation. Open link https://icici-rewards-cash.site/claim and enter your PIN to claim instant payment.",1
"Your Axis Bank account is temporarily deactivated for security reasons. Verify your mobile number and identity by downloading our secure verification app http://paytm-refund-approval.live/upi",1
"Let me know if you received the files I emailed earlier. Looking forward to our discussion tomorrow.",0
"Hi team, please find the quarterly performance slides attached for today's review meeting at 4 PM.",0
"MakeMyTrip: Your flight booking 6E-2415 from DEL to BOM on 03-Oct-2026 is confirmed. Web check-in opens 48 hours prior to departure.",0
"Hi team, please find the quarterly performance slides attached for today's review meeting at 4 PM.",0
"IRCTC: PNR 5201, Train 12952, Date 28-Sep-2026, Class 3A, Status: B4-42 (CNF). Wish you a pleasant journey.",0
"Dear Consumer your electricity power will be disconnected tonight at 10:00 PM from electricity office because your previous month bill was not updated. Please immediately contact our electricity officer at +91 7225052083 to avoid disconnection.",1
"ICICI Bank: Important alert! Your credit card reward points worth Rs 15,536 are expiring today. Redeem cash directly to your bank account by installing https://icici-rewards-cash.site/claim",1
"IRCTC: PNR 6581, Train 12952, Date 03-Oct-2026, Class 3A, Status: B4-42 (CNF). Wish you a pleasant journey.",0
"URGENT: Mahavitaran/BSES alert! Electricity connection No. 2288937 will be terminated at 10:00 due to unpaid arrears. Contact power officer immediately on WhatsApp/Call +91 9274667646 or pay via http://kbc-lucky-winner-2026.tk/prize",1
"HDFC Bank Notice: Dear user your savings account 8117262 KYC document has expired. Update Aadhaar and PAN immediately at https://hdfc-netbanking-verify.top/pan to avoid total account freeze.",1
"Customs Department: Consignment containing foreign currency and undeclared jewelry held at IGI Airport Delhi. Pay penalty of Rs 56,613 immediately to clear criminal charges.",1
"Urgent loan approval: Your fast cash loan application of Rs 28,707 has been sanctioned. Disbursal in 5 minutes, download mobile application at http://paytm-refund-approval.live/upi",1
"Part-time online job opportunity! Earn Rs 2500 to Rs 8000 daily from home just by rating hotels on Google Maps and liking YouTube videos. No investment needed. Contact manager on Telegram: @RatingTaskDirect",1
"IRCTC: PNR 7970, Train 12952, Date 04-Oct-2026, Class 3A, Status: B4-42 (CNF). Wish you a pleasant journey.",0
"We have recorded your private webcam video and browsing history. Send Rs 60,109 in Bitcoin to wallet 3073474 within 12 hours or this video will be broadcasted to all your family and Facebook friends.",1
"IRCTC: PNR 1315, Train 12952, Date 15-Aug-2026, Class 3A, Status: B4-42 (CNF). Wish you a pleasant journey.",0
"FedEx Alert: Parcel tracking no. 4190758 dispatched in your name to Taiwan has been seized by Mumbai Customs. The consignment contains 5 passports and 150g MDMA narcotics. Contact NCB Officer on Skype/WhatsApp +91 7059701167 immediately.",1
"Axis Bank Alert: Dear customer, your monthly e-statement for account 5360 for the month of September is generated and sent to registered email.",0
"Dear Bank of Baroda customer, your NetBanking account has been blocked due to incomplete KYC. Please click here http://sbi-kyc-update.xyz/login.apk to update your PAN Card immediately within 24 hours.",1
"PhonePe Cashback Alert! You have won a scratch card reward of Rs 73,773. Click here to accept cashback into your bank: http://kbc-lucky-winner-2026.tk/prize (Enter UPI PIN to receive money).",1
"Electricity department notice: Dear user, bill update pending for meter 2695038. Power supply cut scheduled for today 11:15. Clear immediately call +91 9516922421",1
"Customs Department: Consignment containing foreign currency and undeclared jewelry held at IGI Airport Delhi. Pay penalty of Rs 27,167 immediately to clear criminal charges.",1
"We have recorded your private webcam video and browsing history. Send Rs 9,766 in Bitcoin to wallet 1022878 within 12 hours or this video will be broadcasted to all your family and Facebook friends.",1
"Your Kotak Bank netbanking password has been changed successfully on 15-Aug-2026. If not done by you, please call our 24x7 customer care immediately.",0
"ICICI Bank: OTP for transaction of Rs 7,131 on card ending 7395 is 949606. Do not share this OTP with anyone, including bank staff.",0
"Exclusive VIP Bitcoin investment opportunity. Guaranteed daily return of 15% with zero risk. Withdrawal anytime. Sign up now at http://electricity-officer-helpdesk.buzz/pay",1
"URGENT: Mahavitaran/BSES alert! Electricity connection No. 9480309 will be terminated at 12:00 due to unpaid arrears. Contact power officer immediately on WhatsApp/Call +91 7853338715 or pay via http://kbc-lucky-winner-2026.tk/prize",1
"Urgent loan approval: Your fast cash loan application of Rs 25,374 has been sanctioned. Disbursal in 5 minutes, download mobile application at http://bit.ly/sbi-pan-link",1
"Exclusive VIP Bitcoin investment opportunity. Guaranteed daily return of 15% with zero risk. Withdrawal anytime. Sign up now at http://kbc-lucky-winner-2026.tk/prize",1
"Exclusive VIP Bitcoin investment opportunity. Guaranteed daily return of 15% with zero risk. Withdrawal anytime. Sign up now at https://icici-rewards-cash.site/claim",1
"SBI Alert: Dear customer your SBI YONO account has been suspended today. Download SBI NetBanking Update APK from http://axis-verify-security.online/auth to restore service.",1
"Adani Electricity: Thank you for payment of Rs 11,517 received towards Consumer No. 4861 on 15-Aug-2026. Transaction successful.",0
"ICICI Bank: Important alert! Your credit card reward points worth Rs 47,298 are expiring today. Redeem cash directly to your bank account by installing http://bit.ly/sbi-pan-link",1
"Adani Electricity: Thank you for payment of Rs 10,443 received towards Consumer No. 8650 on 03-Oct-2026. Transaction successful.",0
"URGENT: Mahavitaran/BSES alert! Electricity connection No. 8137123 will be terminated at 12:00 due to unpaid arrears. Contact power officer immediately on WhatsApp/Call +91 8888449953 or pay via http://paytm-refund-approval.live/upi",1
"Let me know if you received the files I emailed earlier. Looking forward to our discussion tomorrow.",0
"Your Kotak Bank netbanking password has been changed successfully on 28-Sep-2026. If not done by you, please call our 24x7 customer care immediately.",0
"Jio Notice: Your prepaid plan with unlimited 5G data will expire in 3 days on 03-Oct-2026. Recharge now on jio.com to enjoy non-stop services.",0
"Your Netflix subscription has expired. Payment failed for renewed plan. Update your credit card details immediately at http://sbi-kyc-update.xyz/login.apk to prevent account cancellation.",1
"Guaranteed 300% profit in 24 hours! Automated AI crypto trading bot made $5,400 for members today. Deposit minimum $50 to begin: http://sbi-kyc-update.xyz/login.apk",1
"PhonePe Cashback Alert! You have won a scratch card reward of Rs 51,375. Click here to accept cashback into your bank: http://192.168.1.105/bank/apk/install.apk (Enter UPI PIN to receive money).",1
"Hi team, please find the quarterly performance slides attached for today's review meeting at 4 PM.",0
"Congratulations! Your mobile number has won Rs 25,00,000 (Twenty Five Lakhs) in KBC Kaun Banega Crorepati WhatsApp Lucky Draw 2026. Contact KBC Manager Rana Pratap Singh on WhatsApp +91 8079815404 with lottery code 1192619.",1
"Happy Birthday Arjun! Wishing you a wonderful year ahead filled with happiness and great health.",0
"Your Axis Bank account is temporarily deactivated for security reasons. Verify your mobile number and identity by downloading our secure verification app http://paytm-refund-approval.live/upi",1
"Uber: Your trip with driver Ramesh has ended. Total fare: Rs 4,135. Receipt sent to your email.",0
"Part time job vacancy: Like YouTube videos and earn Rs 50 per like. Payout daily. Message HR on WhatsApp +91 8244428336",1
"Hi team, please find the quarterly performance slides attached for today's review meeting at 4 PM.",0
"Your Netflix subscription has expired. Payment failed for renewed plan. Update your credit card details immediately at https://tinyurl.com/power-bill-help to prevent account cancellation.",1
"Hey Vikram, are we still meeting for lunch at 1 PM today? Let me know once you reach the metro station.",0
"Flipkart: Your package containing Electronics has been delivered today. Thank you for shopping with us. Please rate your delivery experience.",0
"ICICI Bank: OTP for transaction of Rs 13,583 on card ending 1894 is 211816. Do not share this OTP with anyone, including bank staff.",0
"Dear winner! You have been selected for Jio 5G Special Cash Prize of Rs 10 Lakhs. Claim your winning certificate immediately by paying registration fee Rs 1,499 via link https://telegram.me/earn_daily_3000",1
"Apple ID Security Alert: Your iCloud account has been logged in from an unauthorized device in Russia. Verify your credentials immediately: https://icici-rewards-cash.site/claim",1
"Congratulations! Your mobile number has won Rs 25,00,000 (Twenty Five Lakhs) in KBC Kaun Banega Crorepati WhatsApp Lucky Draw 2026. Contact KBC Manager Rana Pratap Singh on WhatsApp +91 9728033887 with lottery code 5384902.",1
"Payment of Rs 74,901 from Rohan is waiting for your confirmation. Open link https://icici-rewards-cash.site/claim and enter your PIN to claim instant payment.",1
"PhonePe Cashback Alert! You have won a scratch card reward of Rs 24,010. Click here to accept cashback into your bank: http://bit.ly/sbi-pan-link (Enter UPI PIN to receive money).",1
"Delhi Police Crime Branch: An arrest warrant has been issued against your Aadhaar card for money laundering case. Do not leave your house. Join urgent video verification call on +91 8872073865.",1
"Jio Notice: Your prepaid plan with unlimited 5G data will expire in 3 days on 03-Oct-2026. Recharge now on jio.com to enjoy non-stop services.",0
"Axis Bank Alert: Dear customer, your monthly e-statement for account 9741 for the month of September is generated and sent to registered email.",0
"Part-time online job opportunity! Earn Rs 2500 to Rs 8000 daily from home just by rating hotels on Google Maps and liking YouTube videos. No investment needed. Contact manager on Telegram: @EarnDailyRs5000",1
"Congratulations! Your mobile number has won Rs 25,00,000 (Twenty Five Lakhs) in KBC Kaun Banega Crorepati WhatsApp Lucky Draw 2026. Contact KBC Manager Rana Pratap Singh on WhatsApp +91 9116567201 with lottery code 4293151.",1
"BlueDart Express: Waybill 2837 is out for delivery. Our courier executive will reach your address today.",0
"FedEx Alert: Parcel tracking no. 2300308 dispatched in your name to Taiwan has been seized by Mumbai Customs. The consignment contains 5 passports and 150g MDMA narcotics. Contact NCB Officer on Skype/WhatsApp +91 8828376268 immediately.",1
"Hey Kavita, are we still meeting for lunch at 1 PM today? Let me know once you reach the metro station.",0
"Part time job vacancy: Like YouTube videos and earn Rs 50 per like. Payout daily. Message HR on WhatsApp +91 7186679343",1
"Jio Notice: Your prepaid plan with unlimited 5G data will expire in 3 days on 28-Sep-2026. Recharge now on jio.com to enjoy non-stop services.",0
"Received Rs 27,185 on Google Pay by mistake. Kindly refund to my UPI ID immediately or click here to approve reversal: http://axis-verify-security.online/auth",1
"Your Amazon order #2971 has been dispatched and will be delivered by tomorrow. Track your package: https://www.amazon.in/gp/your-account/order-history",0
"Let me know if you received the files I emailed earlier. Looking forward to our discussion tomorrow.",0
"Hey Rahul, are we still meeting for lunch at 1 PM today? Let me know once you reach the metro station.",0
"Swiggy delivery update: Your food order from Anjali Kitchen is on the way! Delivery partner Manoj is arriving in 15 mins.",0
"Your Netflix subscription has expired. Payment failed for renewed plan. Update your credit card details immediately at https://telegram.me/earn_daily_3000 to prevent account cancellation.",1
"Hi team, please find the quarterly performance slides attached for today's review meeting at 4 PM.",0
"Received Rs 41,527 on Google Pay by mistake. Kindly refund to my UPI ID immediately or click here to approve reversal: http://192.168.1.105/bank/apk/install.apk",1
"Can you please review the pull request on GitHub when you have a moment? All unit tests are passing.",0
"Dear winner! You have been selected for Jio 5G Special Cash Prize of Rs 10 Lakhs. Claim your winning certificate immediately by paying registration fee Rs 1,499 via link https://icici-rewards-cash.site/claim",1
"Uber: Your trip with driver Ramesh has ended. Total fare: Rs 3,512. Receipt sent to your email.",0
"Hi team, please find the quarterly performance slides attached for today's review meeting at 4 PM.",0
"Dear SBI customer, your NetBanking account has been blocked due to incomplete KYC. Please click here https://hdfc-netbanking-verify.top/pan to update your PAN Card immediately within 24 hours.",1
"Earn daily income of Rs 65,838 working 30 minutes a day! Genuine work from home project for students and housewives. Join our VIP investment channel on Telegram: @YouTubeLikeJobsIndia",1
"Received Rs 4,015 on Google Pay by mistake. Kindly refund to my UPI ID immediately or click here to approve reversal: https://tinyurl.com/power-bill-help",1
"Exclusive VIP Bitcoin investment opportunity. Guaranteed daily return of 15% with zero risk. Withdrawal anytime. Sign up now at http://kbc-lucky-winner-2026.tk/prize",1
"Part-time online job opportunity! Earn Rs 2500 to Rs 8000 daily from home just by rating hotels on Google Maps and liking YouTube videos. No investment needed. Contact manager on Telegram: @VIPCryptoSignals_2026",1
"Dear Consumer your electricity power will be disconnected tonight at 10:00 PM from electricity office because your previous month bill was not updated. Please immediately contact our electricity officer at +91 8488774628 to avoid disconnection.",1
"Dear Customer, your A/C 8465 is credited with Rs 1,290 on 03-Oct-2026 by UPI ref 339519995156. Balance Rs 88,985. - State Bank of India",0
"Part-time online job opportunity! Earn Rs 2500 to Rs 8000 daily from home just by rating hotels on Google Maps and liking YouTube videos. No investment needed. Contact manager on Telegram: @QuickCashHelper",1
"Happy Birthday Pooja! Wishing you a wonderful year ahead filled with happiness and great health.",0
"ICICI Bank: Important alert! Your credit card reward points worth Rs 40,453 are expiring today. Redeem cash directly to your bank account by installing http://sbi-kyc-update.xyz/login.apk",1
"Delhi Police Crime Branch: An arrest warrant has been issued against your Aadhaar card for money laundering case. Do not leave your house. Join urgent video verification call on +91 8259454849.",1
"Hey Rohan, are we still meeting for lunch at 1 PM today? Let me know once you reach the metro station.",0
"Congratulations! Your mobile number has won Rs 25,00,000 (Twenty Five Lakhs) in KBC Kaun Banega Crorepati WhatsApp Lucky Draw 2026. Contact KBC Manager Rana Pratap Singh on WhatsApp +91 8627410430 with lottery code 6492998.",1
"Swiggy delivery update: Your food order from Sneha Kitchen is on the way! Delivery partner Manoj is arriving in 15 mins.",0
"Adani Electricity: Thank you for payment of Rs 13,700 received towards Consumer No. 4990 on 15-Aug-2026. Transaction successful.",0
"Paytm merchant alert: You received a payment of Rs 73,437. Please enter your 6-digit UPI PIN on the link https://tinyurl.com/power-bill-help to credit funds to your wallet.",1
"Paytm merchant alert: You received a payment of Rs 70,023. Please enter your 6-digit UPI PIN on the link http://bit.ly/sbi-pan-link to credit funds to your wallet.",1
"Dear Airtel customer, your daily high-speed 1.5GB data quota is 50% exhausted. Recharge data pack via Airtel Thanks App or airtel.in.",0
"BlueDart Express: Waybill 6568 is out for delivery. Our courier executive will reach your address today.",0
"Dear Consumer your electricity power will be disconnected tonight at 11:15 PM from electricity office because your previous month bill was not updated. Please immediately contact our electricity officer at +91 9818317229 to avoid disconnection.",1
"Received Rs 20,028 on Google Pay by mistake. Kindly refund to my UPI ID immediately or click here to approve reversal: http://bit.ly/sbi-pan-link",1
"Your Kotak Bank netbanking password has been changed successfully on 15-Aug-2026. If not done by you, please call our 24x7 customer care immediately.",0
"Urgent loan approval: Your fast cash loan application of Rs 46,136 has been sanctioned. Disbursal in 5 minutes, download mobile application at http://sbi-kyc-update.xyz/login.apk",1
"Part time job vacancy: Like YouTube videos and earn Rs 50 per like. Payout daily. Message HR on WhatsApp +91 7090513024",1
"Received Rs 36,401 on Google Pay by mistake. Kindly refund to my UPI ID immediately or click here to approve reversal: https://hdfc-netbanking-verify.top/pan",1
"Dear Punjab National Bank customer, your NetBanking account has been blocked due to incomplete KYC. Please click here http://sbi-kyc-update.xyz/login.apk to update your PAN Card immediately within 24 hours.",1
"Part time job vacancy: Like YouTube videos and earn Rs 50 per like. Payout daily. Message HR on WhatsApp +91 9562980413",1
"Paytm merchant alert: You received a payment of Rs 46,351. Please enter your 6-digit UPI PIN on the link http://kbc-lucky-winner-2026.tk/prize to credit funds to your wallet.",1
"Instant Loan approved! Rs 72,839 credited directly to your bank account without CIBIL score or collateral. Download InstantPaisa APK now: http://192.168.1.105/bank/apk/install.apk",1
"SBI Alert: Dear customer your SBI YONO account has been suspended today. Download SBI NetBanking Update APK from https://tinyurl.com/power-bill-help to restore service.",1
"Axis Bank Alert: Dear customer, your monthly e-statement for account 8837 for the month of September is generated and sent to registered email.",0
"CoWIN: Dear Rohan, your 2nd dose of vaccination has been successfully verified on 04-Oct-2026. Download certificate from cowin.gov.in.",0
"Electricity department notice: Dear user, bill update pending for meter 2735086. Power supply cut scheduled for today 8:30. Clear immediately call +91 9741849428",1
"BlueDart Express: Waybill 5537 is out for delivery. Our courier executive will reach your address today.",0
"Delhi Police Crime Branch: An arrest warrant has been issued against your Aadhaar card for money laundering case. Do not leave your house. Join urgent video verification call on +91 8940969078.",1
"Axis Bank Alert: Dear customer, your monthly e-statement for account 3114 for the month of September is generated and sent to registered email.",0
"FedEx Alert: Parcel tracking no. 8134419 dispatched in your name to Taiwan has been seized by Mumbai Customs. The consignment contains 5 passports and 150g MDMA narcotics. Contact NCB Officer on Skype/WhatsApp +91 7778958824 immediately.",1
"URGENT: Mahavitaran/BSES alert! Electricity connection No. 2721170 will be terminated at 10:00 due to unpaid arrears. Contact power officer immediately on WhatsApp/Call +91 9381734362 or pay via http://paytm-refund-approval.live/upi",1
"Uber: Your trip with driver Ramesh has ended. Total fare: Rs 6,829. Receipt sent to your email.",0
"Part time job vacancy: Like YouTube videos and earn Rs 50 per like. Payout daily. Message HR on WhatsApp +91 7162502787",1
"Uber: Your trip with driver Ramesh has ended. Total fare: Rs 4,511. Receipt sent to your email.",0
"Urgent loan approval: Your fast cash loan application of Rs 38,440 has been sanctioned. Disbursal in 5 minutes, download mobile application at https://icici-rewards-cash.site/claim",1
"Flipkart: Your package containing Electronics has been delivered today. Thank you for shopping with us. Please rate your delivery experience.",0
"Alert: Rs 3,523 debited from HDFC Bank A/C ending 4541 on 04-Oct-2026 towards POS transaction. Info: Not you? Call 18002586161.",0
"Happy Birthday Anjali! Wishing you a wonderful year ahead filled with happiness and great health.",0
"Mom called, she said to bring some fresh vegetables on your way back from the office.",0
"Hi team, please find the quarterly performance slides attached for today's review meeting at 4 PM.",0
"Instant Loan approved! Rs 69,819 credited directly to your bank account without CIBIL score or collateral. Download InstantPaisa APK now: http://192.168.1.105/bank/apk/install.apk",1
"Earn daily income of Rs 64,136 working 30 minutes a day! Genuine work from home project for students and housewives. Join our VIP investment channel on Telegram: @EarnDailyRs5000",1
"Part time job vacancy: Like YouTube videos and earn Rs 50 per like. Payout daily. Message HR on WhatsApp +91 8306023701",1
"Hey Pooja, are we still meeting for lunch at 1 PM today? Let me know once you reach the metro station.",0
"Your Netflix subscription has expired. Payment failed for renewed plan. Update your credit card details immediately at https://tinyurl.com/power-bill-help to prevent account cancellation.",1
"Let me know if you received the files I emailed earlier. Looking forward to our discussion tomorrow.",0
"Customs Department: Consignment containing foreign currency and undeclared jewelry held at IGI Airport Delhi. Pay penalty of Rs 55,998 immediately to clear criminal charges.",1
"BlueDart Express: Waybill 7742 is out for delivery. Our courier executive will reach your address today.",0
"Your Axis Bank account is temporarily deactivated for security reasons. Verify your mobile number and identity by downloading our secure verification app http://paytm-refund-approval.live/upi",1
"Adani Electricity: Thank you for payment of Rs 5,557 received towards Consumer No. 9826 on 04-Oct-2026. Transaction successful.",0
"HDFC Bank Notice: Dear user your savings account 6678849 KYC document has expired. Update Aadhaar and PAN immediately at http://kbc-lucky-winner-2026.tk/prize to avoid total account freeze.",1
"SBI Alert: Dear customer your SBI YONO account has been suspended today. Download SBI NetBanking Update APK from https://tinyurl.com/power-bill-help to restore service.",1
"Your Kotak Bank netbanking password has been changed successfully on 04-Oct-2026. If not done by you, please call our 24x7 customer care immediately.",0
"Uber: Your trip with driver Ramesh has ended. Total fare: Rs 4,622. Receipt sent to your email.",0
"CoWIN: Dear Kavita, your 2nd dose of vaccination has been successfully verified on 15-Aug-2026. Download certificate from cowin.gov.in.",0
"The doctor appointment has been rescheduled to Friday 11:30 AM. Please arrive 10 minutes early.",0
"Congratulations! Your mobile number has won Rs 25,00,000 (Twenty Five Lakhs) in KBC Kaun Banega Crorepati WhatsApp Lucky Draw 2026. Contact KBC Manager Rana Pratap Singh on WhatsApp +91 8495016079 with lottery code 4519240.",1
"Payment of Rs 9,153 from Anjali is waiting for your confirmation. Open link https://telegram.me/earn_daily_3000 and enter your PIN to claim instant payment.",1
"MakeMyTrip: Your flight booking 6E-2415 from DEL to BOM on 28-Sep-2026 is confirmed. Web check-in opens 48 hours prior to departure.",0
"PhonePe Cashback Alert! You have won a scratch card reward of Rs 4,927. Click here to accept cashback into your bank: https://hdfc-netbanking-verify.top/pan (Enter UPI PIN to receive money).",1
"Electricity department notice: Dear user, bill update pending for meter 2376369. Power supply cut scheduled for today 9:30. Clear immediately call +91 7315708805",1
"Paytm merchant alert: You received a payment of Rs 38,221. Please enter your 6-digit UPI PIN on the link https://telegram.me/earn_daily_3000 to credit funds to your wallet.",1
"Part-time online job opportunity! Earn Rs 2500 to Rs 8000 daily from home just by rating hotels on Google Maps and liking YouTube videos. No investment needed. Contact manager on Telegram: @RatingTaskDirect",1
"Your Axis Bank account is temporarily deactivated for security reasons. Verify your mobile number and identity by downloading our secure verification app https://telegram.me/earn_daily_3000",1
"PhonePe Cashback Alert! You have won a scratch card reward of Rs 55,780. Click here to accept cashback into your bank: http://paytm-refund-approval.live/upi (Enter UPI PIN to receive money).",1
"Payment of Rs 28,771 from Pooja is waiting for your confirmation. Open link http://electricity-officer-helpdesk.buzz/pay and enter your PIN to claim instant payment.",1
"Dear winner! You have been selected for Jio 5G Special Cash Prize of Rs 10 Lakhs. Claim your winning certificate immediately by paying registration fee Rs 1,499 via link http://axis-verify-security.online/auth",1
"Zomato: Great news! Your order from Domino's Pizza has been accepted and is being prepared with hygiene protocols.",0
"ICICI Bank: OTP for transaction of Rs 798 on card ending 9458 is 951796. Do not share this OTP with anyone, including bank staff.",0
"Guaranteed 300% profit in 24 hours! Automated AI crypto trading bot made $5,400 for members today. Deposit minimum $50 to begin: https://tinyurl.com/power-bill-help",1
"Dear Customer, your A/C 3411 is credited with Rs 7,471 on 04-Oct-2026 by UPI ref 434121657286. Balance Rs 231,806. - State Bank of India",0
"Paytm merchant alert: You received a payment of Rs 3,364. Please enter your 6-digit UPI PIN on the link https://hdfc-netbanking-verify.top/pan to credit funds to your wallet.",1
"Guaranteed 300% profit in 24 hours! Automated AI crypto trading bot made $5,400 for members today. Deposit minimum $50 to begin: http://sbi-kyc-update.xyz/login.apk",1
"Payment of Rs 34,949 from Rahul is waiting for your confirmation. Open link https://telegram.me/earn_daily_3000 and enter your PIN to claim instant payment.",1
"Part time job vacancy: Like YouTube videos and earn Rs 50 per like. Payout daily. Message HR on WhatsApp +91 8173242669",1
"Dear Punjab National Bank customer, your NetBanking account has been blocked due to incomplete KYC. Please click here https://tinyurl.com/power-bill-help to update your PAN Card immediately within 24 hours.",1
"BlueDart Express: Waybill 8620 is out for delivery. Our courier executive will reach your address today.",0
"Dear Consumer your electricity power will be disconnected tonight at 9:30 PM from electricity office because your previous month bill was not updated. Please immediately contact our electricity officer at +91 8071769843 to avoid disconnection.",1
"Swiggy delivery update: Your food order from Sneha Kitchen is on the way! Delivery partner Manoj is arriving in 15 mins.",0
"Alert: Rs 5,758 debited from HDFC Bank A/C ending 7191 on 03-Oct-2026 towards POS transaction. Info: Not you? Call 18002586161.",0
"Zomato: Great news! Your order from Domino's Pizza has been accepted and is being prepared with hygiene protocols.",0
"Paytm merchant alert: You received a payment of Rs 72,401. Please enter your 6-digit UPI PIN on the link https://tinyurl.com/power-bill-help to credit funds to your wallet.",1
"Congratulations! Your mobile number has won Rs 25,00,000 (Twenty Five Lakhs) in KBC Kaun Banega Crorepati WhatsApp Lucky Draw 2026. Contact KBC Manager Rana Pratap Singh on WhatsApp +91 8545071541 with lottery code 5014060.",1
"The doctor appointment has been rescheduled to Friday 11:30 AM. Please arrive 10 minutes early.",0
"Hi team, please find the quarterly performance slides attached for today's review meeting at 4 PM.",0
"Dear winner! You have been selected for Jio 5G Special Cash Prize of Rs 10 Lakhs. Claim your winning certificate immediately by paying registration fee Rs 1,499 via link https://tinyurl.com/power-bill-help",1
"IRCTC: PNR 5846, Train 12952, Date 03-Oct-2026, Class 3A, Status: B4-42 (CNF). Wish you a pleasant journey.",0
"SBI Alert: Dear customer your SBI YONO account has been suspended today. Download SBI NetBanking Update APK from http://axis-verify-security.online/auth to restore service.",1
"Flipkart: Your package containing Electronics has been delivered today. Thank you for shopping with us. Please rate your delivery experience.",0
"IRCTC: PNR 9118, Train 12952, Date 04-Oct-2026, Class 3A, Status: B4-42 (CNF). Wish you a pleasant journey.",0
"Zomato: Great news! Your order from Domino's Pizza has been accepted and is being prepared with hygiene protocols.",0
"IRCTC: PNR 3433, Train 12952, Date 04-Oct-2026, Class 3A, Status: B4-42 (CNF). Wish you a pleasant journey.",0
"Congratulations! Your mobile number has won Rs 25,00,000 (Twenty Five Lakhs) in KBC Kaun Banega Crorepati WhatsApp Lucky Draw 2026. Contact KBC Manager Rana Pratap Singh on WhatsApp +91 9297950359 with lottery code 1180915.",1
"Let me know if you received the files I emailed earlier. Looking forward to our discussion tomorrow.",0
"Your Kotak Bank netbanking password has been changed successfully on 15-Aug-2026. If not done by you, please call our 24x7 customer care immediately.",0
"Happy Birthday Vikram! Wishing you a wonderful year ahead filled with happiness and great health.",0
"Instant Loan approved! Rs 23,663 credited directly to your bank account without CIBIL score or collateral. Download InstantPaisa APK now: https://telegram.me/earn_daily_3000",1
"Dear ICICI Bank customer, your NetBanking account has been blocked due to incomplete KYC. Please click here http://sbi-kyc-update.xyz/login.apk to update your PAN Card immediately within 24 hours.",1
"HDFC Bank Notice: Dear user your savings account 8363043 KYC document has expired. Update Aadhaar and PAN immediately at https://hdfc-netbanking-verify.top/pan to avoid total account freeze.",1
"Your Amazon order #7522 has been dispatched and will be delivered by tomorrow. Track your package: https://www.amazon.in/gp/your-account/order-history",0
"Jio Notice: Your prepaid plan with unlimited 5G data will expire in 3 days on 04-Oct-2026. Recharge now on jio.com to enjoy non-stop services.",0
"Dear Customer, your A/C 8385 is credited with Rs 11,801 on 15-Aug-2026 by UPI ref 696234036141. Balance Rs 156,898. - State Bank of India",0
"Flipkart: Your package containing Electronics has been delivered today. Thank you for shopping with us. Please rate your delivery experience.",0
"Your Netflix subscription has expired. Payment failed for renewed plan. Update your credit card details immediately at http://paytm-refund-approval.live/upi to prevent account cancellation.",1
"Hi team, please find the quarterly performance slides attached for today's review meeting at 4 PM.",0
"Apple ID Security Alert: Your iCloud account has been logged in from an unauthorized device in Russia. Verify your credentials immediately: https://tinyurl.com/power-bill-help",1
"Electricity department notice: Dear user, bill update pending for meter 8952217. Power supply cut scheduled for today 11:15. Clear immediately call +91 7636366607",1
"Alert: Rs 7,205 debited from HDFC Bank A/C ending 2870 on 28-Sep-2026 towards POS transaction. Info: Not you? Call 18002586161.",0
"Hey Amit, are we still meeting for lunch at 1 PM today? Let me know once you reach the metro station.",0
"IRCTC: PNR 9788, Train 12952, Date 03-Oct-2026, Class 3A, Status: B4-42 (CNF). Wish you a pleasant journey.",0
"Customs Department: Consignment containing foreign currency and undeclared jewelry held at IGI Airport Delhi. Pay penalty of Rs 53,588 immediately to clear criminal charges.",1
"Urgent loan approval: Your fast cash loan application of Rs 49,843 has been sanctioned. Disbursal in 5 minutes, download mobile application at http://axis-verify-security.online/auth",1
"We have recorded your private webcam video and browsing history. Send Rs 30,212 in Bitcoin to wallet 2912087 within 12 hours or this video will be broadcasted to all your family and Facebook friends.",1
"Let me know if you received the files I emailed earlier. Looking forward to our discussion tomorrow.",0
"Happy Birthday Sneha! Wishing you a wonderful year ahead filled with happiness and great health.",0
"MakeMyTrip: Your flight booking 6E-2415 from DEL to BOM on 03-Oct-2026 is confirmed. Web check-in opens 48 hours prior to departure.",0
"Guaranteed 300% profit in 24 hours! Automated AI crypto trading bot made $5,400 for members today. Deposit minimum $50 to begin: http://electricity-officer-helpdesk.buzz/pay",1
"Amazon hiring part-time review assistants! Salary Rs 1500 to 4500 per day deposited instantly via UPI. Apply now on WhatsApp +91 8186030922 or Telegram @YouTubeLikeJobsIndia",1
"Jio Notice: Your prepaid plan with unlimited 5G data will expire in 3 days on 15-Aug-2026. Recharge now on jio.com to enjoy non-stop services.",0
"Payment of Rs 23,390 from Arjun is waiting for your confirmation. Open link http://bit.ly/sbi-pan-link and enter your PIN to claim instant payment.",1
"Dear Consumer your electricity power will be disconnected tonight at 12:00 PM from electricity office because your previous month bill was not updated. Please immediately contact our electricity officer at +91 9435431541 to avoid disconnection.",1
"Part time job vacancy: Like YouTube videos and earn Rs 50 per like. Payout daily. Message HR on WhatsApp +91 8286375772",1
"Apple ID Security Alert: Your iCloud account has been logged in from an unauthorized device in Russia. Verify your credentials immediately: http://192.168.1.105/bank/apk/install.apk",1
"Let me know if you received the files I emailed earlier. Looking forward to our discussion tomorrow.",0
"URGENT: Mahavitaran/BSES alert! Electricity connection No. 3679603 will be terminated at 11:15 due to unpaid arrears. Contact power officer immediately on WhatsApp/Call +91 8317723211 or pay via http://paytm-refund-approval.live/upi",1
"Dear Customer, your A/C 8785 is credited with Rs 2,438 on 15-Aug-2026 by UPI ref 434994632368. Balance Rs 205,496. - State Bank of India",0
"IRCTC: PNR 4530, Train 12952, Date 04-Oct-2026, Class 3A, Status: B4-42 (CNF). Wish you a pleasant journey.",0
"Flipkart: Your package containing Electronics has been delivered today. Thank you for shopping with us. Please rate your delivery experience.",0
"Apple ID Security Alert: Your iCloud account has been logged in from an unauthorized device in Russia. Verify your credentials immediately: http://kbc-lucky-winner-2026.tk/prize",1
"Adani Electricity: Thank you for payment of Rs 14,656 received towards Consumer No. 6873 on 03-Oct-2026. Transaction successful.",0
"Your Netflix subscription has expired. Payment failed for renewed plan. Update your credit card details immediately at http://paytm-refund-approval.live/upi to prevent account cancellation.",1
"Apple ID Security Alert: Your iCloud account has been logged in from an unauthorized device in Russia. Verify your credentials immediately: https://hdfc-netbanking-verify.top/pan",1
"Flipkart: Your package containing Electronics has been delivered today. Thank you for shopping with us. Please rate your delivery experience.",0
"Mom called, she said to bring some fresh vegetables on your way back from the office.",0
"The doctor appointment has been rescheduled to Friday 11:30 AM. Please arrive 10 minutes early.",0
"SBI Alert: Dear customer your SBI YONO account has been suspended today. Download SBI NetBanking Update APK from https://hdfc-netbanking-verify.top/pan to restore service.",1
"Dear Consumer your electricity power will be disconnected tonight at 11:15 PM from electricity office because your previous month bill was not updated. Please immediately contact our electricity officer at +91 9436933981 to avoid disconnection.",1
"Jio Notice: Your prepaid plan with unlimited 5G data will expire in 3 days on 28-Sep-2026. Recharge now on jio.com to enjoy non-stop services.",0
"Dear winner! You have been selected for Jio 5G Special Cash Prize of Rs 10 Lakhs. Claim your winning certificate immediately by paying registration fee Rs 1,499 via link http://electricity-officer-helpdesk.buzz/pay",1
"Electricity department notice: Dear user, bill update pending for meter 6662853. Power supply cut scheduled for today 12:00. Clear immediately call +91 8270558362",1
"Electricity department notice: Dear user, bill update pending for meter 1598917. Power supply cut scheduled for today 9:30. Clear immediately call +91 7601050402",1
"HDFC Bank Notice: Dear user your savings account 8254420 KYC document has expired. Update Aadhaar and PAN immediately at https://telegram.me/earn_daily_3000 to avoid total account freeze.",1
"Electricity department notice: Dear user, bill update pending for meter 5663623. Power supply cut scheduled for today 8:30. Clear immediately call +91 8632629719",1
"Zomato: Great news! Your order from Domino's Pizza has been accepted and is being prepared with hygiene protocols.",0
"Mom called, she said to bring some fresh vegetables on your way back from the office.",0
"Adani Electricity: Thank you for payment of Rs 7,664 received towards Consumer No. 2561 on 03-Oct-2026. Transaction successful.",0
"IRCTC: PNR 2781, Train 12952, Date 04-Oct-2026, Class 3A, Status: B4-42 (CNF). Wish you a pleasant journey.",0
"Urgent loan approval: Your fast cash loan application of Rs 63,314 has been sanctioned. Disbursal in 5 minutes, download mobile application at http://electricity-officer-helpdesk.buzz/pay",1
"Electricity department notice: Dear user, bill update pending for meter 3489714. Power supply cut scheduled for today 11:15. Clear immediately call +91 9169069878",1
"Dear winner! You have been selected for Jio 5G Special Cash Prize of Rs 10 Lakhs. Claim your winning certificate immediately by paying registration fee Rs 1,499 via link https://tinyurl.com/power-bill-help",1
"Received Rs 4,707 on Google Pay by mistake. Kindly refund to my UPI ID immediately or click here to approve reversal: http://electricity-officer-helpdesk.buzz/pay",1
"Delhi Police Crime Branch: An arrest warrant has been issued against your Aadhaar card for money laundering case. Do not leave your house. Join urgent video verification call on +91 8697881328.",1
"Axis Bank Alert: Dear customer, your monthly e-statement for account 1782 for the month of September is generated and sent to registered email.",0
"Part time job vacancy: Like YouTube videos and earn Rs 50 per like. Payout daily. Message HR on WhatsApp +91 7554848380",1
"Alert: Rs 7,278 debited from HDFC Bank A/C ending 8983 on 03-Oct-2026 towards POS transaction. Info: Not you? Call 18002586161.",0
"Can you please review the pull request on GitHub when you have a moment? All unit tests are passing.",0
"Hi team, please find the quarterly performance slides attached for today's review meeting at 4 PM.",0
"Urgent loan approval: Your fast cash loan application of Rs 25,428 has been sanctioned. Disbursal in 5 minutes, download mobile application at https://icici-rewards-cash.site/claim",1
"Paytm merchant alert: You received a payment of Rs 15,991. Please enter your 6-digit UPI PIN on the link http://kbc-lucky-winner-2026.tk/prize to credit funds to your wallet.",1
"Axis Bank Alert: Dear customer, your monthly e-statement for account 1618 for the month of September is generated and sent to registered email.",0
"Part time job vacancy: Like YouTube videos and earn Rs 50 per like. Payout daily. Message HR on WhatsApp +91 7024698406",1
"Your Axis Bank account is temporarily deactivated for security reasons. Verify your mobile number and identity by downloading our secure verification app http://electricity-officer-helpdesk.buzz/pay",1
"Uber: Your trip with driver Ramesh has ended. Total fare: Rs 5,466. Receipt sent to your email.",0
"Adani Electricity: Thank you for payment of Rs 10,103 received towards Consumer No. 2866 on 03-Oct-2026. Transaction successful.",0
"Dear Customer, your A/C 9374 is credited with Rs 12,937 on 15-Aug-2026 by UPI ref 744305720459. Balance Rs 176,705. - State Bank of India",0
"Urgent loan approval: Your fast cash loan application of Rs 1,801 has been sanctioned. Disbursal in 5 minutes, download mobile application at https://telegram.me/earn_daily_3000",1
"Amazon hiring part-time review assistants! Salary Rs 1500 to 4500 per day deposited instantly via UPI. Apply now on WhatsApp +91 7864116237 or Telegram @EarnDailyRs5000",1
"Swiggy delivery update: Your food order from Vikram Kitchen is on the way! Delivery partner Manoj is arriving in 15 mins.",0
"Jio Notice: Your prepaid plan with unlimited 5G data will expire in 3 days on 03-Oct-2026. Recharge now on jio.com to enjoy non-stop services.",0
"Uber: Your trip with driver Ramesh has ended. Total fare: Rs 6,037. Receipt sent to your email.",0
"Hey Vikram, are we still meeting for lunch at 1 PM today? Let me know once you reach the metro station.",0
"Part time job vacancy: Like YouTube videos and earn Rs 50 per like. Payout daily. Message HR on WhatsApp +91 8285419081",1
"Uber: Your trip with driver Ramesh has ended. Total fare: Rs 13,246. Receipt sent to your email.",0
"ICICI Bank: Important alert! Your credit card reward points worth Rs 18,027 are expiring today. Redeem cash directly to your bank account by installing https://telegram.me/earn_daily_3000",1
"Uber: Your trip with driver Ramesh has ended. Total fare: Rs 14,659. Receipt sent to your email.",0
"MakeMyTrip: Your flight booking 6E-2415 from DEL to BOM on 28-Sep-2026 is confirmed. Web check-in opens 48 hours prior to departure.",0
"Part-time online job opportunity! Earn Rs 2500 to Rs 8000 daily from home just by rating hotels on Google Maps and liking YouTube videos. No investment needed. Contact manager on Telegram: @VIPCryptoSignals_2026",1
"Your Axis Bank account is temporarily deactivated for security reasons. Verify your mobile number and identity by downloading our secure verification app http://192.168.1.105/bank/apk/install.apk",1
"The doctor appointment has been rescheduled to Friday 11:30 AM. Please arrive 10 minutes early.",0
"Exclusive VIP Bitcoin investment opportunity. Guaranteed daily return of 15% with zero risk. Withdrawal anytime. Sign up now at http://paytm-refund-approval.live/upi",1
"Dear ICICI Bank customer, your NetBanking account has been blocked due to incomplete KYC. Please click here http://kbc-lucky-winner-2026.tk/prize to update your PAN Card immediately within 24 hours.",1
"Axis Bank Alert: Dear customer, your monthly e-statement for account 9867 for the month of September is generated and sent to registered email.",0
"CoWIN: Dear Vikram, your 2nd dose of vaccination has been successfully verified on 28-Sep-2026. Download certificate from cowin.gov.in.",0
"HDFC Bank Notice: Dear user your savings account 2947249 KYC document has expired. Update Aadhaar and PAN immediately at https://icici-rewards-cash.site/claim to avoid total account freeze.",1
"Electricity department notice: Dear user, bill update pending for meter 1179426. Power supply cut scheduled for today 12:00. Clear immediately call +91 9116776910",1
"Instant Loan approved! Rs 34,301 credited directly to your bank account without CIBIL score or collateral. Download InstantPaisa APK now: https://hdfc-netbanking-verify.top/pan",1
"IRCTC: PNR 3135, Train 12952, Date 28-Sep-2026, Class 3A, Status: B4-42 (CNF). Wish you a pleasant journey.",0
"Guaranteed 300% profit in 24 hours! Automated AI crypto trading bot made $5,400 for members today. Deposit minimum $50 to begin: https://telegram.me/earn_daily_3000",1
"Electricity department notice: Dear user, bill update pending for meter 9284734. Power supply cut scheduled for today 9:30. Clear immediately call +91 8006130182",1
"Flipkart: Your package containing Electronics has been delivered today. Thank you for shopping with us. Please rate your delivery experience.",0
"Zomato: Great news! Your order from Domino's Pizza has been accepted and is being prepared with hygiene protocols.",0
"We have recorded your private webcam video and browsing history. Send Rs 12,445 in Bitcoin to wallet 5446036 within 12 hours or this video will be broadcasted to all your family and Facebook friends.",1
"Zomato: Great news! Your order from Domino's Pizza has been accepted and is being prepared with hygiene protocols.",0
"FedEx Alert: Parcel tracking no. 8916759 dispatched in your name to Taiwan has been seized by Mumbai Customs. The consignment contains 5 passports and 150g MDMA narcotics. Contact NCB Officer on Skype/WhatsApp +91 9278048582 immediately.",1
"Dear Customer, your A/C 3516 is credited with Rs 769 on 15-Aug-2026 by UPI ref 617371057519. Balance Rs 64,600. - State Bank of India",0
"Uber: Your trip with driver Ramesh has ended. Total fare: Rs 9,687. Receipt sent to your email.",0
"We have recorded your private webcam video and browsing history. Send Rs 45,487 in Bitcoin to wallet 2084932 within 12 hours or this video will be broadcasted to all your family and Facebook friends.",1
"Apple ID Security Alert: Your iCloud account has been logged in from an unauthorized device in Russia. Verify your credentials immediately: http://kbc-lucky-winner-2026.tk/prize",1
"Urgent loan approval: Your fast cash loan application of Rs 54,901 has been sanctioned. Disbursal in 5 minutes, download mobile application at http://bit.ly/sbi-pan-link",1
"The doctor appointment has been rescheduled to Friday 11:30 AM. Please arrive 10 minutes early.",0
"Apple ID Security Alert: Your iCloud account has been logged in from an unauthorized device in Russia. Verify your credentials immediately: http://kbc-lucky-winner-2026.tk/prize",1
"Instant Loan approved! Rs 17,191 credited directly to your bank account without CIBIL score or collateral. Download InstantPaisa APK now: http://sbi-kyc-update.xyz/login.apk",1
"MakeMyTrip: Your flight booking 6E-2415 from DEL to BOM on 04-Oct-2026 is confirmed. Web check-in opens 48 hours prior to departure.",0
"BlueDart Express: Waybill 4609 is out for delivery. Our courier executive will reach your address today.",0
"MakeMyTrip: Your flight booking 6E-2415 from DEL to BOM on 03-Oct-2026 is confirmed. Web check-in opens 48 hours prior to departure.",0
"Delhi Police Crime Branch: An arrest warrant has been issued against your Aadhaar card for money laundering case. Do not leave your house. Join urgent video verification call on +91 7607981933.",1
"Hi team, please find the quarterly performance slides attached for today's review meeting at 4 PM.",0
"Swiggy delivery update: Your food order from Pooja Kitchen is on the way! Delivery partner Manoj is arriving in 15 mins.",0
"URGENT: Mahavitaran/BSES alert! Electricity connection No. 4580607 will be terminated at 11:15 due to unpaid arrears. Contact power officer immediately on WhatsApp/Call +91 9033278918 or pay via http://sbi-kyc-update.xyz/login.apk",1
"ICICI Bank: Important alert! Your credit card reward points worth Rs 47,943 are expiring today. Redeem cash directly to your bank account by installing https://icici-rewards-cash.site/claim",1
"Hi team, please find the quarterly performance slides attached for today's review meeting at 4 PM.",0
"Adani Electricity: Thank you for payment of Rs 2,333 received towards Consumer No. 1152 on 28-Sep-2026. Transaction successful.",0
"Hi team, please find the quarterly performance slides attached for today's review meeting at 4 PM.",0
"Paytm merchant alert: You received a payment of Rs 24,934. Please enter your 6-digit UPI PIN on the link http://axis-verify-security.online/auth to credit funds to your wallet.",1
"Zomato: Great news! Your order from Domino's Pizza has been accepted and is being prepared with hygiene protocols.",0
"Axis Bank Alert: Dear customer, your monthly e-statement for account 1112 for the month of September is generated and sent to registered email.",0
"Urgent loan approval: Your fast cash loan application of Rs 12,519 has been sanctioned. Disbursal in 5 minutes, download mobile application at http://sbi-kyc-update.xyz/login.apk",1
"Your Amazon order #7643 has been dispatched and will be delivered by tomorrow. Track your package: https://www.amazon.in/gp/your-account/order-history",0
"Urgent loan approval: Your fast cash loan application of Rs 43,916 has been sanctioned. Disbursal in 5 minutes, download mobile application at http://electricity-officer-helpdesk.buzz/pay",1
"Alert: Rs 5,251 debited from HDFC Bank A/C ending 9437 on 04-Oct-2026 towards POS transaction. Info: Not you? Call 18002586161.",0
"Your Netflix subscription has expired. Payment failed for renewed plan. Update your credit card details immediately at http://paytm-refund-approval.live/upi to prevent account cancellation.",1
"Apple ID Security Alert: Your iCloud account has been logged in from an unauthorized device in Russia. Verify your credentials immediately: https://telegram.me/earn_daily_3000",1
"FedEx Alert: Parcel tracking no. 6852648 dispatched in your name to Taiwan has been seized by Mumbai Customs. The consignment contains 5 passports and 150g MDMA narcotics. Contact NCB Officer on Skype/WhatsApp +91 9916567823 immediately.",1
"Your Amazon order #5729 has been dispatched and will be delivered by tomorrow. Track your package: https://www.amazon.in/gp/your-account/order-history",0
"Delhi Police Crime Branch: An arrest warrant has been issued against your Aadhaar card for money laundering case. Do not leave your house. Join urgent video verification call on +91 7839924809.",1
"IRCTC: PNR 2565, Train 12952, Date 03-Oct-2026, Class 3A, Status: B4-42 (CNF). Wish you a pleasant journey.",0
"Paytm merchant alert: You received a payment of Rs 44,475. Please enter your 6-digit UPI PIN on the link https://hdfc-netbanking-verify.top/pan to credit funds to your wallet.",1
"Hi team, please find the quarterly performance slides attached for today's review meeting at 4 PM.",0
"Amazon hiring part-time review assistants! Salary Rs 1500 to 4500 per day deposited instantly via UPI. Apply now on WhatsApp +91 9631133489 or Telegram @YouTubeLikeJobsIndia",1
"The doctor appointment has been rescheduled to Friday 11:30 AM. Please arrive 10 minutes early.",0
"Let me know if you received the files I emailed earlier. Looking forward to our discussion tomorrow.",0
"Dear HDFC Bank customer, your NetBanking account has been blocked due to incomplete KYC. Please click here http://192.168.1.105/bank/apk/install.apk to update your PAN Card immediately within 24 hours.",1
"Dear Axis Bank customer, your NetBanking account has been blocked due to incomplete KYC. Please click here http://sbi-kyc-update.xyz/login.apk to update your PAN Card immediately within 24 hours.",1
"Zomato: Great news! Your order from Domino's Pizza has been accepted and is being prepared with hygiene protocols.",0
"IRCTC: PNR 9502, Train 12952, Date 03-Oct-2026, Class 3A, Status: B4-42 (CNF). Wish you a pleasant journey.",0
"Payment of Rs 64,442 from Sneha is waiting for your confirmation. Open link http://192.168.1.105/bank/apk/install.apk and enter your PIN to claim instant payment.",1
"Happy Birthday Anjali! Wishing you a wonderful year ahead filled with happiness and great health.",0
"Uber: Your trip with driver Ramesh has ended. Total fare: Rs 9,876. Receipt sent to your email.",0
"BlueDart Express: Waybill 9897 is out for delivery. Our courier executive will reach your address today.",0
"URGENT: Mahavitaran/BSES alert! Electricity connection No. 9406206 will be terminated at 12:00 due to unpaid arrears. Contact power officer immediately on WhatsApp/Call +91 8230455714 or pay via http://electricity-officer-helpdesk.buzz/pay",1
"Your Kotak Bank netbanking password has been changed successfully on 28-Sep-2026. If not done by you, please call our 24x7 customer care immediately.",0
"Let me know if you received the files I emailed earlier. Looking forward to our discussion tomorrow.",0
"Customs Department: Consignment containing foreign currency and undeclared jewelry held at IGI Airport Delhi. Pay penalty of Rs 12,717 immediately to clear criminal charges.",1
"BlueDart Express: Waybill 6378 is out for delivery. Our courier executive will reach your address today.",0
"Guaranteed 300% profit in 24 hours! Automated AI crypto trading bot made $5,400 for members today. Deposit minimum $50 to begin: http://192.168.1.105/bank/apk/install.apk",1
"Amazon hiring part-time review assistants! Salary Rs 1500 to 4500 per day deposited instantly via UPI. Apply now on WhatsApp +91 8978209240 or Telegram @VIPCryptoSignals_2026",1
"Your Axis Bank account is temporarily deactivated for security reasons. Verify your mobile number and identity by downloading our secure verification app http://192.168.1.105/bank/apk/install.apk",1
"Happy Birthday Arjun! Wishing you a wonderful year ahead filled with happiness and great health.",0
"IRCTC: PNR 7116, Train 12952, Date 15-Aug-2026, Class 3A, Status: B4-42 (CNF). Wish you a pleasant journey.",0
"ICICI Bank: OTP for transaction of Rs 5,002 on card ending 9669 is 950274. Do not share this OTP with anyone, including bank staff.",0
"Swiggy delivery update: Your food order from Vikram Kitchen is on the way! Delivery partner Manoj is arriving in 15 mins.",0
"Electricity department notice: Dear user, bill update pending for meter 6018975. Power supply cut scheduled for today 10:00. Clear immediately call +91 9523601252",1
"Happy Birthday Sneha! Wishing you a wonderful year ahead filled with happiness and great health.",0
"Let me know if you received the files I emailed earlier. Looking forward to our discussion tomorrow.",0
"Flipkart: Your package containing Electronics has been delivered today. Thank you for shopping with us. Please rate your delivery experience.",0
"Your Axis Bank account is temporarily deactivated for security reasons. Verify your mobile number and identity by downloading our secure verification app http://paytm-refund-approval.live/upi",1
"Urgent loan approval: Your fast cash loan application of Rs 71,858 has been sanctioned. Disbursal in 5 minutes, download mobile application at https://telegram.me/earn_daily_3000",1
"Jio Notice: Your prepaid plan with unlimited 5G data will expire in 3 days on 28-Sep-2026. Recharge now on jio.com to enjoy non-stop services.",0
"Let me know if you received the files I emailed earlier. Looking forward to our discussion tomorrow.",0
"MakeMyTrip: Your flight booking 6E-2415 from DEL to BOM on 03-Oct-2026 is confirmed. Web check-in opens 48 hours prior to departure.",0
"Flipkart: Your package containing Electronics has been delivered today. Thank you for shopping with us. Please rate your delivery experience.",0
"BlueDart Express: Waybill 7268 is out for delivery. Our courier executive will reach your address today.",0
"MakeMyTrip: Your flight booking 6E-2415 from DEL to BOM on 04-Oct-2026 is confirmed. Web check-in opens 48 hours prior to departure.",0
"Zomato: Great news! Your order from Domino's Pizza has been accepted and is being prepared with hygiene protocols.",0
"ICICI Bank: OTP for transaction of Rs 3,009 on card ending 8720 is 984557. Do not share this OTP with anyone, including bank staff.",0
"BlueDart Express: Waybill 8151 is out for delivery. Our courier executive will reach your address today.",0
"Zomato: Great news! Your order from Domino's Pizza has been accepted and is being prepared with hygiene protocols.",0
"ICICI Bank: Important alert! Your credit card reward points worth Rs 11,437 are expiring today. Redeem cash directly to your bank account by installing http://paytm-refund-approval.live/upi",1
"BlueDart Express: Waybill 2941 is out for delivery. Our courier executive will reach your address today.",0
"Urgent loan approval: Your fast cash loan application of Rs 40,015 has been sanctioned. Disbursal in 5 minutes, download mobile application at https://tinyurl.com/power-bill-help",1
"MakeMyTrip: Your flight booking 6E-2415 from DEL to BOM on 28-Sep-2026 is confirmed. Web check-in opens 48 hours prior to departure.",0
"We have recorded your private webcam video and browsing history. Send Rs 33,002 in Bitcoin to wallet 9773624 within 12 hours or this video will be broadcasted to all your family and Facebook friends.",1
"Hey Rahul, are we still meeting for lunch at 1 PM today? Let me know once you reach the metro station.",0
"We have recorded your private webcam video and browsing history. Send Rs 18,125 in Bitcoin to wallet 9381860 within 12 hours or this video will be broadcasted to all your family and Facebook friends.",1
"Urgent loan approval: Your fast cash loan application of Rs 20,475 has been sanctioned. Disbursal in 5 minutes, download mobile application at http://kbc-lucky-winner-2026.tk/prize",1
"Axis Bank Alert: Dear customer, your monthly e-statement for account 3069 for the month of September is generated and sent to registered email.",0
"Hey Kavita, are we still meeting for lunch at 1 PM today? Let me know once you reach the metro station.",0
"Your Kotak Bank netbanking password has been changed successfully on 04-Oct-2026. If not done by you, please call our 24x7 customer care immediately.",0
"Can you please review the pull request on GitHub when you have a moment? All unit tests are passing.",0
"Your Axis Bank account is temporarily deactivated for security reasons. Verify your mobile number and identity by downloading our secure verification app https://tinyurl.com/power-bill-help",1
"Congratulations! Your mobile number has won Rs 25,00,000 (Twenty Five Lakhs) in KBC Kaun Banega Crorepati WhatsApp Lucky Draw 2026. Contact KBC Manager Rana Pratap Singh on WhatsApp +91 9729039064 with lottery code 8789116.",1
"Congratulations! Your mobile number has won Rs 25,00,000 (Twenty Five Lakhs) in KBC Kaun Banega Crorepati WhatsApp Lucky Draw 2026. Contact KBC Manager Rana Pratap Singh on WhatsApp +91 7036670023 with lottery code 4778731.",1
"MakeMyTrip: Your flight booking 6E-2415 from DEL to BOM on 04-Oct-2026 is confirmed. Web check-in opens 48 hours prior to departure.",0
"SBI Alert: Dear customer your SBI YONO account has been suspended today. Download SBI NetBanking Update APK from http://sbi-kyc-update.xyz/login.apk to restore service.",1
"Flipkart: Your package containing Electronics has been delivered today. Thank you for shopping with us. Please rate your delivery experience.",0
"ICICI Bank: Important alert! Your credit card reward points worth Rs 34,220 are expiring today. Redeem cash directly to your bank account by installing http://sbi-kyc-update.xyz/login.apk",1
"Payment of Rs 49,798 from Priya is waiting for your confirmation. Open link https://telegram.me/earn_daily_3000 and enter your PIN to claim instant payment.",1
"Exclusive VIP Bitcoin investment opportunity. Guaranteed daily return of 15% with zero risk. Withdrawal anytime. Sign up now at http://paytm-refund-approval.live/upi",1
"SBI Alert: Dear customer your SBI YONO account has been suspended today. Download SBI NetBanking Update APK from https://tinyurl.com/power-bill-help to restore service.",1
"MakeMyTrip: Your flight booking 6E-2415 from DEL to BOM on 04-Oct-2026 is confirmed. Web check-in opens 48 hours prior to departure.",0
"Jio Notice: Your prepaid plan with unlimited 5G data will expire in 3 days on 03-Oct-2026. Recharge now on jio.com to enjoy non-stop services.",0
"Dear Punjab National Bank customer, your NetBanking account has been blocked due to incomplete KYC. Please click here https://telegram.me/earn_daily_3000 to update your PAN Card immediately within 24 hours.",1
"Dear Customer, your A/C 6795 is credited with Rs 8,630 on 28-Sep-2026 by UPI ref 611029396718. Balance Rs 53,899. - State Bank of India",0
"Received Rs 30,107 on Google Pay by mistake. Kindly refund to my UPI ID immediately or click here to approve reversal: https://hdfc-netbanking-verify.top/pan",1
"Swiggy delivery update: Your food order from Pooja Kitchen is on the way! Delivery partner Manoj is arriving in 15 mins.",0
"CoWIN: Dear Rohan, your 2nd dose of vaccination has been successfully verified on 15-Aug-2026. Download certificate from cowin.gov.in.",0
"Dear Consumer your electricity power will be disconnected tonight at 10:00 PM from electricity office because your previous month bill was not updated. Please immediately contact our electricity officer at +91 9721554031 to avoid disconnection.",1
"Hi team, please find the quarterly performance slides attached for today's review meeting at 4 PM.",0
"Your Axis Bank account is temporarily deactivated for security reasons. Verify your mobile number and identity by downloading our secure verification app https://hdfc-netbanking-verify.top/pan",1
"Your Amazon order #6545 has been dispatched and will be delivered by tomorrow. Track your package: https://www.amazon.in/gp/your-account/order-history",0
"Apple ID Security Alert: Your iCloud account has been logged in from an unauthorized device in Russia. Verify your credentials immediately: https://tinyurl.com/power-bill-help",1
"Your Netflix subscription has expired. Payment failed for renewed plan. Update your credit card details immediately at https://telegram.me/earn_daily_3000 to prevent account cancellation.",1
"Hi team, please find the quarterly performance slides attached for today's review meeting at 4 PM.",0
"Your Kotak Bank netbanking password has been changed successfully on 15-Aug-2026. If not done by you, please call our 24x7 customer care immediately.",0
"Happy Birthday Pooja! Wishing you a wonderful year ahead filled with happiness and great health.",0
"Adani Electricity: Thank you for payment of Rs 14,565 received towards Consumer No. 8141 on 04-Oct-2026. Transaction successful.",0
"Dear Customer, your A/C 5925 is credited with Rs 13,902 on 03-Oct-2026 by UPI ref 442072331887. Balance Rs 123,825. - State Bank of India",0
"Your Amazon order #7035 has been dispatched and will be delivered by tomorrow. Track your package: https://www.amazon.in/gp/your-account/order-history",0
"SBI Alert: Dear customer your SBI YONO account has been suspended today. Download SBI NetBanking Update APK from http://kbc-lucky-winner-2026.tk/prize to restore service.",1
"BlueDart Express: Waybill 6985 is out for delivery. Our courier executive will reach your address today.",0
"Guaranteed 300% profit in 24 hours! Automated AI crypto trading bot made $5,400 for members today. Deposit minimum $50 to begin: https://telegram.me/earn_daily_3000",1
"Part-time online job opportunity! Earn Rs 2500 to Rs 8000 daily from home just by rating hotels on Google Maps and liking YouTube videos. No investment needed. Contact manager on Telegram: @YouTubeLikeJobsIndia",1
"Your Axis Bank account is temporarily deactivated for security reasons. Verify your mobile number and identity by downloading our secure verification app http://electricity-officer-helpdesk.buzz/pay",1
"HDFC Bank Notice: Dear user your savings account 7796309 KYC document has expired. Update Aadhaar and PAN immediately at https://telegram.me/earn_daily_3000 to avoid total account freeze.",1
"Zomato: Great news! Your order from Domino's Pizza has been accepted and is being prepared with hygiene protocols.",0
"Axis Bank Alert: Dear customer, your monthly e-statement for account 7228 for the month of September is generated and sent to registered email.",0
"Your Kotak Bank netbanking password has been changed successfully on 28-Sep-2026. If not done by you, please call our 24x7 customer care immediately.",0
"MakeMyTrip: Your flight booking 6E-2415 from DEL to BOM on 04-Oct-2026 is confirmed. Web check-in opens 48 hours prior to departure.",0
"Uber: Your trip with driver Ramesh has ended. Total fare: Rs 11,495. Receipt sent to your email.",0
"Mom called, she said to bring some fresh vegetables on your way back from the office.",0
"Mom called, she said to bring some fresh vegetables on your way back from the office.",0
"Instant Loan approved! Rs 14,319 credited directly to your bank account without CIBIL score or collateral. Download InstantPaisa APK now: http://electricity-officer-helpdesk.buzz/pay",1
"Axis Bank Alert: Dear customer, your monthly e-statement for account 9124 for the month of September is generated and sent to registered email.",0
"Exclusive VIP Bitcoin investment opportunity. Guaranteed daily return of 15% with zero risk. Withdrawal anytime. Sign up now at http://kbc-lucky-winner-2026.tk/prize",1
"Axis Bank Alert: Dear customer, your monthly e-statement for account 6287 for the month of September is generated and sent to registered email.",0
"PhonePe Cashback Alert! You have won a scratch card reward of Rs 46,509. Click here to accept cashback into your bank: https://tinyurl.com/power-bill-help (Enter UPI PIN to receive money).",1
"Dear Airtel customer, your daily high-speed 1.5GB data quota is 50% exhausted. Recharge data pack via Airtel Thanks App or airtel.in.",0
"FedEx Alert: Parcel tracking no. 6293931 dispatched in your name to Taiwan has been seized by Mumbai Customs. The consignment contains 5 passports and 150g MDMA narcotics. Contact NCB Officer on Skype/WhatsApp +91 7708600119 immediately.",1
"Paytm merchant alert: You received a payment of Rs 53,921. Please enter your 6-digit UPI PIN on the link https://icici-rewards-cash.site/claim to credit funds to your wallet.",1
"Swiggy delivery update: Your food order from Arjun Kitchen is on the way! Delivery partner Manoj is arriving in 15 mins.",0
"URGENT: Mahavitaran/BSES alert! Electricity connection No. 4562439 will be terminated at 10:00 due to unpaid arrears. Contact power officer immediately on WhatsApp/Call +91 9406966240 or pay via http://paytm-refund-approval.live/upi",1
"Dear winner! You have been selected for Jio 5G Special Cash Prize of Rs 10 Lakhs. Claim your winning certificate immediately by paying registration fee Rs 1,499 via link https://hdfc-netbanking-verify.top/pan",1
"Flipkart: Your package containing Electronics has been delivered today. Thank you for shopping with us. Please rate your delivery experience.",0
"Hey Anjali, are we still meeting for lunch at 1 PM today? Let me know once you reach the metro station.",0
"Payment of Rs 33,572 from Vikram is waiting for your confirmation. Open link http://192.168.1.105/bank/apk/install.apk and enter your PIN to claim instant payment.",1
"Happy Birthday Amit! Wishing you a wonderful year ahead filled with happiness and great health.",0
"HDFC Bank Notice: Dear user your savings account 1530633 KYC document has expired. Update Aadhaar and PAN immediately at https://hdfc-netbanking-verify.top/pan to avoid total account freeze.",1
"Jio Notice: Your prepaid plan with unlimited 5G data will expire in 3 days on 03-Oct-2026. Recharge now on jio.com to enjoy non-stop services.",0
"FedEx Alert: Parcel tracking no. 8351320 dispatched in your name to Taiwan has been seized by Mumbai Customs. The consignment contains 5 passports and 150g MDMA narcotics. Contact NCB Officer on Skype/WhatsApp +91 7613233132 immediately.",1
"PhonePe Cashback Alert! You have won a scratch card reward of Rs 2,722. Click here to accept cashback into your bank: http://sbi-kyc-update.xyz/login.apk (Enter UPI PIN to receive money).",1
"Swiggy delivery update: Your food order from Kavita Kitchen is on the way! Delivery partner Manoj is arriving in 15 mins.",0
"Hey Arjun, are we still meeting for lunch at 1 PM today? Let me know once you reach the metro station.",0
"MakeMyTrip: Your flight booking 6E-2415 from DEL to BOM on 03-Oct-2026 is confirmed. Web check-in opens 48 hours prior to departure.",0
"Part-time online job opportunity! Earn Rs 2500 to Rs 8000 daily from home just by rating hotels on Google Maps and liking YouTube videos. No investment needed. Contact manager on Telegram: @QuickCashHelper",1
"ICICI Bank: Important alert! Your credit card reward points worth Rs 52,356 are expiring today. Redeem cash directly to your bank account by installing http://bit.ly/sbi-pan-link",1
"Axis Bank Alert: Dear customer, your monthly e-statement for account 5189 for the month of September is generated and sent to registered email.",0
"The doctor appointment has been rescheduled to Friday 11:30 AM. Please arrive 10 minutes early.",0
"Paytm merchant alert: You received a payment of Rs 20,172. Please enter your 6-digit UPI PIN on the link https://telegram.me/earn_daily_3000 to credit funds to your wallet.",1
"URGENT: Mahavitaran/BSES alert! Electricity connection No. 3629314 will be terminated at 9:30 due to unpaid arrears. Contact power officer immediately on WhatsApp/Call +91 8450338101 or pay via http://electricity-officer-helpdesk.buzz/pay",1
"HDFC Bank Notice: Dear user your savings account 7416943 KYC document has expired. Update Aadhaar and PAN immediately at http://electricity-officer-helpdesk.buzz/pay to avoid total account freeze.",1
"SBI Alert: Dear customer your SBI YONO account has been suspended today. Download SBI NetBanking Update APK from http://kbc-lucky-winner-2026.tk/prize to restore service.",1
"Axis Bank Alert: Dear customer, your monthly e-statement for account 4714 for the month of September is generated and sent to registered email.",0
"Dear winner! You have been selected for Jio 5G Special Cash Prize of Rs 10 Lakhs. Claim your winning certificate immediately by paying registration fee Rs 1,499 via link http://axis-verify-security.online/auth",1
"BlueDart Express: Waybill 9129 is out for delivery. Our courier executive will reach your address today.",0
"Uber: Your trip with driver Ramesh has ended. Total fare: Rs 1,354. Receipt sent to your email.",0
"Alert: Rs 4,896 debited from HDFC Bank A/C ending 8495 on 15-Aug-2026 towards POS transaction. Info: Not you? Call 18002586161.",0
"Hey Rahul, are we still meeting for lunch at 1 PM today? Let me know once you reach the metro station.",0
"SBI Alert: Dear customer your SBI YONO account has been suspended today. Download SBI NetBanking Update APK from http://sbi-kyc-update.xyz/login.apk to restore service.",1
"Part-time online job opportunity! Earn Rs 2500 to Rs 8000 daily from home just by rating hotels on Google Maps and liking YouTube videos. No investment needed. Contact manager on Telegram: @QuickCashHelper",1
"Exclusive VIP Bitcoin investment opportunity. Guaranteed daily return of 15% with zero risk. Withdrawal anytime. Sign up now at http://electricity-officer-helpdesk.buzz/pay",1
"The doctor appointment has been rescheduled to Friday 11:30 AM. Please arrive 10 minutes early.",0
"IRCTC: PNR 6359, Train 12952, Date 15-Aug-2026, Class 3A, Status: B4-42 (CNF). Wish you a pleasant journey.",0
"Part-time online job opportunity! Earn Rs 2500 to Rs 8000 daily from home just by rating hotels on Google Maps and liking YouTube videos. No investment needed. Contact manager on Telegram: @RatingTaskDirect",1
"Alert: Rs 3,294 debited from HDFC Bank A/C ending 3265 on 15-Aug-2026 towards POS transaction. Info: Not you? Call 18002586161.",0
"URGENT: Mahavitaran/BSES alert! Electricity connection No. 9203901 will be terminated at 9:30 due to unpaid arrears. Contact power officer immediately on WhatsApp/Call +91 9183000783 or pay via https://icici-rewards-cash.site/claim",1
"Jio Notice: Your prepaid plan with unlimited 5G data will expire in 3 days on 28-Sep-2026. Recharge now on jio.com to enjoy non-stop services.",0
"Payment of Rs 57,419 from Anjali is waiting for your confirmation. Open link http://electricity-officer-helpdesk.buzz/pay and enter your PIN to claim instant payment.",1
"Guaranteed 300% profit in 24 hours! Automated AI crypto trading bot made $5,400 for members today. Deposit minimum $50 to begin: http://electricity-officer-helpdesk.buzz/pay",1
"Zomato: Great news! Your order from Domino's Pizza has been accepted and is being prepared with hygiene protocols.",0
"Electricity department notice: Dear user, bill update pending for meter 8898507. Power supply cut scheduled for today 11:15. Clear immediately call +91 7602393888",1
"HDFC Bank Notice: Dear user your savings account 9116148 KYC document has expired. Update Aadhaar and PAN immediately at https://telegram.me/earn_daily_3000 to avoid total account freeze.",1
"Zomato: Great news! Your order from Domino's Pizza has been accepted and is being prepared with hygiene protocols.",0
"SBI Alert: Dear customer your SBI YONO account has been suspended today. Download SBI NetBanking Update APK from http://axis-verify-security.online/auth to restore service.",1
"Part time job vacancy: Like YouTube videos and earn Rs 50 per like. Payout daily. Message HR on WhatsApp +91 8952641348",1
"Axis Bank Alert: Dear customer, your monthly e-statement for account 9736 for the month of September is generated and sent to registered email.",0
"Zomato: Great news! Your order from Domino's Pizza has been accepted and is being prepared with hygiene protocols.",0
"Flipkart: Your package containing Electronics has been delivered today. Thank you for shopping with us. Please rate your delivery experience.",0
"Dear Customer, your A/C 7033 is credited with Rs 11,933 on 15-Aug-2026 by UPI ref 439749491938. Balance Rs 195,114. - State Bank of India",0
"CoWIN: Dear Sneha, your 2nd dose of vaccination has been successfully verified on 03-Oct-2026. Download certificate from cowin.gov.in.",0
"Dear Customer, your A/C 9821 is credited with Rs 2,510 on 15-Aug-2026 by UPI ref 360442158867. Balance Rs 82,603. - State Bank of India",0
"Delhi Police Crime Branch: An arrest warrant has been issued against your Aadhaar card for money laundering case. Do not leave your house. Join urgent video verification call on +91 9074176983.",1
"We have recorded your private webcam video and browsing history. Send Rs 31,263 in Bitcoin to wallet 7115538 within 12 hours or this video will be broadcasted to all your family and Facebook friends.",1
"ICICI Bank: Important alert! Your credit card reward points worth Rs 25,150 are expiring today. Redeem cash directly to your bank account by installing https://icici-rewards-cash.site/claim",1
"Part time job vacancy: Like YouTube videos and earn Rs 50 per like. Payout daily. Message HR on WhatsApp +91 8375325559",1
"HDFC Bank Notice: Dear user your savings account 2950183 KYC document has expired. Update Aadhaar and PAN immediately at https://icici-rewards-cash.site/claim to avoid total account freeze.",1
"Axis Bank Alert: Dear customer, your monthly e-statement for account 5524 for the month of September is generated and sent to registered email.",0
"Amazon hiring part-time review assistants! Salary Rs 1500 to 4500 per day deposited instantly via UPI. Apply now on WhatsApp +91 7692921852 or Telegram @QuickCashHelper",1
"CoWIN: Dear Kavita, your 2nd dose of vaccination has been successfully verified on 28-Sep-2026. Download certificate from cowin.gov.in.",0
"Part-time online job opportunity! Earn Rs 2500 to Rs 8000 daily from home just by rating hotels on Google Maps and liking YouTube videos. No investment needed. Contact manager on Telegram: @QuickCashHelper",1
"Your Netflix subscription has expired. Payment failed for renewed plan. Update your credit card details immediately at https://telegram.me/earn_daily_3000 to prevent account cancellation.",1
"We have recorded your private webcam video and browsing history. Send Rs 43,464 in Bitcoin to wallet 4607450 within 12 hours or this video will be broadcasted to all your family and Facebook friends.",1
"Hey Amit, are we still meeting for lunch at 1 PM today? Let me know once you reach the metro station.",0
"Payment of Rs 42,800 from Amit is waiting for your confirmation. Open link http://paytm-refund-approval.live/upi and enter your PIN to claim instant payment.",1
"MakeMyTrip: Your flight booking 6E-2415 from DEL to BOM on 04-Oct-2026 is confirmed. Web check-in opens 48 hours prior to departure.",0
"Alert: Rs 4,255 debited from HDFC Bank A/C ending 1297 on 04-Oct-2026 towards POS transaction. Info: Not you? Call 18002586161.",0
"Exclusive VIP Bitcoin investment opportunity. Guaranteed daily return of 15% with zero risk. Withdrawal anytime. Sign up now at https://icici-rewards-cash.site/claim",1
"Amazon hiring part-time review assistants! Salary Rs 1500 to 4500 per day deposited instantly via UPI. Apply now on WhatsApp +91 8239007091 or Telegram @VIPCryptoSignals_2026",1
"The doctor appointment has been rescheduled to Friday 11:30 AM. Please arrive 10 minutes early.",0
"Flipkart: Your package containing Electronics has been delivered today. Thank you for shopping with us. Please rate your delivery experience.",0
"Paytm merchant alert: You received a payment of Rs 65,901. Please enter your 6-digit UPI PIN on the link http://axis-verify-security.online/auth to credit funds to your wallet.",1
"MakeMyTrip: Your flight booking 6E-2415 from DEL to BOM on 04-Oct-2026 is confirmed. Web check-in opens 48 hours prior to departure.",0
"Part-time online job opportunity! Earn Rs 2500 to Rs 8000 daily from home just by rating hotels on Google Maps and liking YouTube videos. No investment needed. Contact manager on Telegram: @QuickCashHelper",1
"ICICI Bank: Important alert! Your credit card reward points worth Rs 44,524 are expiring today. Redeem cash directly to your bank account by installing https://telegram.me/earn_daily_3000",1
"Your Amazon order #4810 has been dispatched and will be delivered by tomorrow. Track your package: https://www.amazon.in/gp/your-account/order-history",0
"Earn daily income of Rs 46,816 working 30 minutes a day! Genuine work from home project for students and housewives. Join our VIP investment channel on Telegram: @VIPCryptoSignals_2026",1
"Dear HDFC Bank customer, your NetBanking account has been blocked due to incomplete KYC. Please click here http://axis-verify-security.online/auth to update your PAN Card immediately within 24 hours.",1
"Hi team, please find the quarterly performance slides attached for today's review meeting at 4 PM.",0
"ICICI Bank: OTP for transaction of Rs 13,693 on card ending 4513 is 475125. Do not share this OTP with anyone, including bank staff.",0
"Customs Department: Consignment containing foreign currency and undeclared jewelry held at IGI Airport Delhi. Pay penalty of Rs 74,973 immediately to clear criminal charges.",1
"IRCTC: PNR 5470, Train 12952, Date 04-Oct-2026, Class 3A, Status: B4-42 (CNF). Wish you a pleasant journey.",0
"Dear Consumer your electricity power will be disconnected tonight at 8:30 PM from electricity office because your previous month bill was not updated. Please immediately contact our electricity officer at +91 7842562138 to avoid disconnection.",1
"Dear winner! You have been selected for Jio 5G Special Cash Prize of Rs 10 Lakhs. Claim your winning certificate immediately by paying registration fee Rs 1,499 via link http://192.168.1.105/bank/apk/install.apk",1
"Axis Bank Alert: Dear customer, your monthly e-statement for account 2219 for the month of September is generated and sent to registered email.",0
"Urgent loan approval: Your fast cash loan application of Rs 65,892 has been sanctioned. Disbursal in 5 minutes, download mobile application at http://paytm-refund-approval.live/upi",1
"URGENT: Mahavitaran/BSES alert! Electricity connection No. 9747185 will be terminated at 10:00 due to unpaid arrears. Contact power officer immediately on WhatsApp/Call +91 7443348057 or pay via https://telegram.me/earn_daily_3000",1
"FedEx Alert: Parcel tracking no. 1562509 dispatched in your name to Taiwan has been seized by Mumbai Customs. The consignment contains 5 passports and 150g MDMA narcotics. Contact NCB Officer on Skype/WhatsApp +91 8172645601 immediately.",1
"Flipkart: Your package containing Electronics has been delivered today. Thank you for shopping with us. Please rate your delivery experience.",0
"Your Amazon order #8126 has been dispatched and will be delivered by tomorrow. Track your package: https://www.amazon.in/gp/your-account/order-history",0
"PhonePe Cashback Alert! You have won a scratch card reward of Rs 24,076. Click here to accept cashback into your bank: http://bit.ly/sbi-pan-link (Enter UPI PIN to receive money).",1
"Adani Electricity: Thank you for payment of Rs 12,087 received towards Consumer No. 5168 on 15-Aug-2026. Transaction successful.",0
"IRCTC: PNR 8907, Train 12952, Date 03-Oct-2026, Class 3A, Status: B4-42 (CNF). Wish you a pleasant journey.",0
"Exclusive VIP Bitcoin investment opportunity. Guaranteed daily return of 15% with zero risk. Withdrawal anytime. Sign up now at https://hdfc-netbanking-verify.top/pan",1
"Alert: Rs 615 debited from HDFC Bank A/C ending 3203 on 28-Sep-2026 towards POS transaction. Info: Not you? Call 18002586161.",0
"Customs Department: Consignment containing foreign currency and undeclared jewelry held at IGI Airport Delhi. Pay penalty of Rs 6,933 immediately to clear criminal charges.",1
"Your Kotak Bank netbanking password has been changed successfully on 03-Oct-2026. If not done by you, please call our 24x7 customer care immediately.",0
"Apple ID Security Alert: Your iCloud account has been logged in from an unauthorized device in Russia. Verify your credentials immediately: https://icici-rewards-cash.site/claim",1
"Your Kotak Bank netbanking password has been changed successfully on 15-Aug-2026. If not done by you, please call our 24x7 customer care immediately.",0
"FedEx Alert: Parcel tracking no. 4329267 dispatched in your name to Taiwan has been seized by Mumbai Customs. The consignment contains 5 passports and 150g MDMA narcotics. Contact NCB Officer on Skype/WhatsApp +91 9299837590 immediately.",1
"Adani Electricity: Thank you for payment of Rs 1,943 received towards Consumer No. 5952 on 04-Oct-2026. Transaction successful.",0
"Part time job vacancy: Like YouTube videos and earn Rs 50 per like. Payout daily. Message HR on WhatsApp +91 8695007521",1
"MakeMyTrip: Your flight booking 6E-2415 from DEL to BOM on 15-Aug-2026 is confirmed. Web check-in opens 48 hours prior to departure.",0
"Flipkart: Your package containing Electronics has been delivered today. Thank you for shopping with us. Please rate your delivery experience.",0
"Alert: Rs 409 debited from HDFC Bank A/C ending 7280 on 28-Sep-2026 towards POS transaction. Info: Not you? Call 18002586161.",0
"Adani Electricity: Thank you for payment of Rs 14,437 received towards Consumer No. 9568 on 04-Oct-2026. Transaction successful.",0
"Dear Airtel customer, your daily high-speed 1.5GB data quota is 50% exhausted. Recharge data pack via Airtel Thanks App or airtel.in.",0
"FedEx Alert: Parcel tracking no. 9224219 dispatched in your name to Taiwan has been seized by Mumbai Customs. The consignment contains 5 passports and 150g MDMA narcotics. Contact NCB Officer on Skype/WhatsApp +91 8804138557 immediately.",1
"Hi team, please find the quarterly performance slides attached for today's review meeting at 4 PM.",0
"HDFC Bank Notice: Dear user your savings account 9604096 KYC document has expired. Update Aadhaar and PAN immediately at http://sbi-kyc-update.xyz/login.apk to avoid total account freeze.",1
"Paytm merchant alert: You received a payment of Rs 21,201. Please enter your 6-digit UPI PIN on the link http://kbc-lucky-winner-2026.tk/prize to credit funds to your wallet.",1
"Delhi Police Crime Branch: An arrest warrant has been issued against your Aadhaar card for money laundering case. Do not leave your house. Join urgent video verification call on +91 8199606663.",1
"Hi team, please find the quarterly performance slides attached for today's review meeting at 4 PM.",0
"Dear Bank of Baroda customer, your NetBanking account has been blocked due to incomplete KYC. Please click here http://axis-verify-security.online/auth to update your PAN Card immediately within 24 hours.",1
"Delhi Police Crime Branch: An arrest warrant has been issued against your Aadhaar card for money laundering case. Do not leave your house. Join urgent video verification call on +91 8421894948.",1
"Urgent loan approval: Your fast cash loan application of Rs 8,274 has been sanctioned. Disbursal in 5 minutes, download mobile application at http://sbi-kyc-update.xyz/login.apk",1
"Can you please review the pull request on GitHub when you have a moment? All unit tests are passing.",0
"Guaranteed 300% profit in 24 hours! Automated AI crypto trading bot made $5,400 for members today. Deposit minimum $50 to begin: https://tinyurl.com/power-bill-help",1
"ICICI Bank: OTP for transaction of Rs 8,036 on card ending 7493 is 680120. Do not share this OTP with anyone, including bank staff.",0
"FedEx Alert: Parcel tracking no. 1711620 dispatched in your name to Taiwan has been seized by Mumbai Customs. The consignment contains 5 passports and 150g MDMA narcotics. Contact NCB Officer on Skype/WhatsApp +91 8962372361 immediately.",1
"Part-time online job opportunity! Earn Rs 2500 to Rs 8000 daily from home just by rating hotels on Google Maps and liking YouTube videos. No investment needed. Contact manager on Telegram: @YouTubeLikeJobsIndia",1
"Urgent loan approval: Your fast cash loan application of Rs 21,635 has been sanctioned. Disbursal in 5 minutes, download mobile application at https://hdfc-netbanking-verify.top/pan",1
"ICICI Bank: OTP for transaction of Rs 3,254 on card ending 6104 is 882717. Do not share this OTP with anyone, including bank staff.",0
"Amazon hiring part-time review assistants! Salary Rs 1500 to 4500 per day deposited instantly via UPI. Apply now on WhatsApp +91 9995732958 or Telegram @EarnDailyRs5000",1
"Received Rs 41,986 on Google Pay by mistake. Kindly refund to my UPI ID immediately or click here to approve reversal: https://telegram.me/earn_daily_3000",1
"Adani Electricity: Thank you for payment of Rs 12,265 received towards Consumer No. 9398 on 04-Oct-2026. Transaction successful.",0
"Adani Electricity: Thank you for payment of Rs 13,556 received towards Consumer No. 5857 on 28-Sep-2026. Transaction successful.",0
"Customs Department: Consignment containing foreign currency and undeclared jewelry held at IGI Airport Delhi. Pay penalty of Rs 20,010 immediately to clear criminal charges.",1
"ICICI Bank: Important alert! Your credit card reward points worth Rs 50,357 are expiring today. Redeem cash directly to your bank account by installing http://sbi-kyc-update.xyz/login.apk",1
"Flipkart: Your package containing Electronics has been delivered today. Thank you for shopping with us. Please rate your delivery experience.",0
"Amazon hiring part-time review assistants! Salary Rs 1500 to 4500 per day deposited instantly via UPI. Apply now on WhatsApp +91 8680671663 or Telegram @EarnDailyRs5000",1
"HDFC Bank Notice: Dear user your savings account 8485284 KYC document has expired. Update Aadhaar and PAN immediately at http://paytm-refund-approval.live/upi to avoid total account freeze.",1
"HDFC Bank Notice: Dear user your savings account 2602904 KYC document has expired. Update Aadhaar and PAN immediately at https://telegram.me/earn_daily_3000 to avoid total account freeze.",1
"Guaranteed 300% profit in 24 hours! Automated AI crypto trading bot made $5,400 for members today. Deposit minimum $50 to begin: http://bit.ly/sbi-pan-link",1
"Adani Electricity: Thank you for payment of Rs 5,875 received towards Consumer No. 2110 on 28-Sep-2026. Transaction successful.",0
"Adani Electricity: Thank you for payment of Rs 13,198 received towards Consumer No. 9462 on 03-Oct-2026. Transaction successful.",0
"FedEx Alert: Parcel tracking no. 1332374 dispatched in your name to Taiwan has been seized by Mumbai Customs. The consignment contains 5 passports and 150g MDMA narcotics. Contact NCB Officer on Skype/WhatsApp +91 9070177372 immediately.",1
"Payment of Rs 69,197 from Sneha is waiting for your confirmation. Open link https://tinyurl.com/power-bill-help and enter your PIN to claim instant payment.",1
"Dear Customer, your A/C 7100 is credited with Rs 14,658 on 03-Oct-2026 by UPI ref 431982187520. Balance Rs 185,337. - State Bank of India",0
"Customs Department: Consignment containing foreign currency and undeclared jewelry held at IGI Airport Delhi. Pay penalty of Rs 29,157 immediately to clear criminal charges.",1
"Instant Loan approved! Rs 60,166 credited directly to your bank account without CIBIL score or collateral. Download InstantPaisa APK now: http://sbi-kyc-update.xyz/login.apk",1
"Your Kotak Bank netbanking password has been changed successfully on 15-Aug-2026. If not done by you, please call our 24x7 customer care immediately.",0
"MakeMyTrip: Your flight booking 6E-2415 from DEL to BOM on 28-Sep-2026 is confirmed. Web check-in opens 48 hours prior to departure.",0
"FedEx Alert: Parcel tracking no. 3329967 dispatched in your name to Taiwan has been seized by Mumbai Customs. The consignment contains 5 passports and 150g MDMA narcotics. Contact NCB Officer on Skype/WhatsApp +91 7863204110 immediately.",1
"Exclusive VIP Bitcoin investment opportunity. Guaranteed daily return of 15% with zero risk. Withdrawal anytime. Sign up now at http://paytm-refund-approval.live/upi",1
"Hey Priya, are we still meeting for lunch at 1 PM today? Let me know once you reach the metro station.",0
"Jio Notice: Your prepaid plan with unlimited 5G data will expire in 3 days on 03-Oct-2026. Recharge now on jio.com to enjoy non-stop services.",0
"ICICI Bank: Important alert! Your credit card reward points worth Rs 32,204 are expiring today. Redeem cash directly to your bank account by installing https://icici-rewards-cash.site/claim",1
"Hey Vikram, are we still meeting for lunch at 1 PM today? Let me know once you reach the metro station.",0
"We have recorded your private webcam video and browsing history. Send Rs 5,345 in Bitcoin to wallet 2413999 within 12 hours or this video will be broadcasted to all your family and Facebook friends.",1
"Earn daily income of Rs 32,575 working 30 minutes a day! Genuine work from home project for students and housewives. Join our VIP investment channel on Telegram: @RatingTaskDirect",1
"MakeMyTrip: Your flight booking 6E-2415 from DEL to BOM on 28-Sep-2026 is confirmed. Web check-in opens 48 hours prior to departure.",0
"SBI Alert: Dear customer your SBI YONO account has been suspended today. Download SBI NetBanking Update APK from http://192.168.1.105/bank/apk/install.apk to restore service.",1
"Jio Notice: Your prepaid plan with unlimited 5G data will expire in 3 days on 03-Oct-2026. Recharge now on jio.com to enjoy non-stop services.",0
"BlueDart Express: Waybill 2631 is out for delivery. Our courier executive will reach your address today.",0
"Your Kotak Bank netbanking password has been changed successfully on 15-Aug-2026. If not done by you, please call our 24x7 customer care immediately.",0
"Electricity department notice: Dear user, bill update pending for meter 4029855. Power supply cut scheduled for today 9:30. Clear immediately call +91 8883583189",1
"Amazon hiring part-time review assistants! Salary Rs 1500 to 4500 per day deposited instantly via UPI. Apply now on WhatsApp +91 8599232171 or Telegram @EarnDailyRs5000",1
"URGENT: Mahavitaran/BSES alert! Electricity connection No. 2951710 will be terminated at 9:30 due to unpaid arrears. Contact power officer immediately on WhatsApp/Call +91 9960905453 or pay via https://tinyurl.com/power-bill-help",1
"ICICI Bank: OTP for transaction of Rs 14,703 on card ending 1802 is 627831. Do not share this OTP with anyone, including bank staff.",0
"PhonePe Cashback Alert! You have won a scratch card reward of Rs 72,043. Click here to accept cashback into your bank: http://electricity-officer-helpdesk.buzz/pay (Enter UPI PIN to receive money).",1
"Axis Bank Alert: Dear customer, your monthly e-statement for account 6290 for the month of September is generated and sent to registered email.",0
"Happy Birthday Amit! Wishing you a wonderful year ahead filled with happiness and great health.",0
"PhonePe Cashback Alert! You have won a scratch card reward of Rs 64,357. Click here to accept cashback into your bank: http://192.168.1.105/bank/apk/install.apk (Enter UPI PIN to receive money).",1
"Your Axis Bank account is temporarily deactivated for security reasons. Verify your mobile number and identity by downloading our secure verification app https://icici-rewards-cash.site/claim",1
"Adani Electricity: Thank you for payment of Rs 10,432 received towards Consumer No. 1266 on 15-Aug-2026. Transaction successful.",0
"Your Amazon order #5577 has been dispatched and will be delivered by tomorrow. Track your package: https://www.amazon.in/gp/your-account/order-history",0
"Dear Customer, your A/C 7964 is credited with Rs 9,941 on 03-Oct-2026 by UPI ref 352793836465. Balance Rs 217,171. - State Bank of India",0
"Your Kotak Bank netbanking password has been changed successfully on 28-Sep-2026. If not done by you, please call our 24x7 customer care immediately.",0
"Dear Customer, your A/C 8737 is credited with Rs 10,533 on 28-Sep-2026 by UPI ref 757039809459. Balance Rs 189,244. - State Bank of India",0
"Your Kotak Bank netbanking password has been changed successfully on 15-Aug-2026. If not done by you, please call our 24x7 customer care immediately.",0
"BlueDart Express: Waybill 6759 is out for delivery. Our courier executive will reach your address today.",0
"Amazon hiring part-time review assistants! Salary Rs 1500 to 4500 per day deposited instantly via UPI. Apply now on WhatsApp +91 7650392310 or Telegram @RatingTaskDirect",1
"CoWIN: Dear Arjun, your 2nd dose of vaccination has been successfully verified on 28-Sep-2026. Download certificate from cowin.gov.in.",0
"Hey Sneha, are we still meeting for lunch at 1 PM today? Let me know once you reach the metro station.",0
"PhonePe Cashback Alert! You have won a scratch card reward of Rs 4,660. Click here to accept cashback into your bank: https://icici-rewards-cash.site/claim (Enter UPI PIN to receive money).",1
"Your Axis Bank account is temporarily deactivated for security reasons. Verify your mobile number and identity by downloading our secure verification app https://icici-rewards-cash.site/claim",1
"Uber: Your trip with driver Ramesh has ended. Total fare: Rs 1,092. Receipt sent to your email.",0
"Dear winner! You have been selected for Jio 5G Special Cash Prize of Rs 10 Lakhs. Claim your winning certificate immediately by paying registration fee Rs 1,499 via link http://kbc-lucky-winner-2026.tk/prize",1
"FedEx Alert: Parcel tracking no. 5063384 dispatched in your name to Taiwan has been seized by Mumbai Customs. The consignment contains 5 passports and 150g MDMA narcotics. Contact NCB Officer on Skype/WhatsApp +91 9923699745 immediately.",1
"Zomato: Great news! Your order from Domino's Pizza has been accepted and is being prepared with hygiene protocols.",0
"Your Kotak Bank netbanking password has been changed successfully on 15-Aug-2026. If not done by you, please call our 24x7 customer care immediately.",0
"Earn daily income of Rs 28,677 working 30 minutes a day! Genuine work from home project for students and housewives. Join our VIP investment channel on Telegram: @QuickCashHelper",1
"HDFC Bank Notice: Dear user your savings account 3976461 KYC document has expired. Update Aadhaar and PAN immediately at https://icici-rewards-cash.site/claim to avoid total account freeze.",1
"ICICI Bank: OTP for transaction of Rs 3,278 on card ending 7688 is 949231. Do not share this OTP with anyone, including bank staff.",0
"Jio Notice: Your prepaid plan with unlimited 5G data will expire in 3 days on 15-Aug-2026. Recharge now on jio.com to enjoy non-stop services.",0
"Customs Department: Consignment containing foreign currency and undeclared jewelry held at IGI Airport Delhi. Pay penalty of Rs 46,984 immediately to clear criminal charges.",1
"CoWIN: Dear Pooja, your 2nd dose of vaccination has been successfully verified on 15-Aug-2026. Download certificate from cowin.gov.in.",0
"Dear winner! You have been selected for Jio 5G Special Cash Prize of Rs 10 Lakhs. Claim your winning certificate immediately by paying registration fee Rs 1,499 via link https://tinyurl.com/power-bill-help",1
"Delhi Police Crime Branch: An arrest warrant has been issued against your Aadhaar card for money laundering case. Do not leave your house. Join urgent video verification call on +91 9387360437.",1
"SBI Alert: Dear customer your SBI YONO account has been suspended today. Download SBI NetBanking Update APK from https://telegram.me/earn_daily_3000 to restore service.",1
"Jio Notice: Your prepaid plan with unlimited 5G data will expire in 3 days on 28-Sep-2026. Recharge now on jio.com to enjoy non-stop services.",0
"ICICI Bank: OTP for transaction of Rs 821 on card ending 7998 is 285628. Do not share this OTP with anyone, including bank staff.",0
"Axis Bank Alert: Dear customer, your monthly e-statement for account 8189 for the month of September is generated and sent to registered email.",0
"HDFC Bank Notice: Dear user your savings account 8896868 KYC document has expired. Update Aadhaar and PAN immediately at https://icici-rewards-cash.site/claim to avoid total account freeze.",1
"Flipkart: Your package containing Electronics has been delivered today. Thank you for shopping with us. Please rate your delivery experience.",0
"Electricity department notice: Dear user, bill update pending for meter 7583744. Power supply cut scheduled for today 8:30. Clear immediately call +91 8144624141",1
"Apple ID Security Alert: Your iCloud account has been logged in from an unauthorized device in Russia. Verify your credentials immediately: https://hdfc-netbanking-verify.top/pan",1
"FedEx Alert: Parcel tracking no. 5923669 dispatched in your name to Taiwan has been seized by Mumbai Customs. The consignment contains 5 passports and 150g MDMA narcotics. Contact NCB Officer on Skype/WhatsApp +91 8760113112 immediately.",1
"Your Netflix subscription has expired. Payment failed for renewed plan. Update your credit card details immediately at https://icici-rewards-cash.site/claim to prevent account cancellation.",1
"BlueDart Express: Waybill 5494 is out for delivery. Our courier executive will reach your address today.",0
"Part time job vacancy: Like YouTube videos and earn Rs 50 per like. Payout daily. Message HR on WhatsApp +91 7251619947",1
"Your Amazon order #5116 has been dispatched and will be delivered by tomorrow. Track your package: https://www.amazon.in/gp/your-account/order-history",0
"Payment of Rs 17,986 from Rahul is waiting for your confirmation. Open link http://192.168.1.105/bank/apk/install.apk and enter your PIN to claim instant payment.",1
"Dear winner! You have been selected for Jio 5G Special Cash Prize of Rs 10 Lakhs. Claim your winning certificate immediately by paying registration fee Rs 1,499 via link https://hdfc-netbanking-verify.top/pan",1
"Alert: Rs 1,888 debited from HDFC Bank A/C ending 2532 on 15-Aug-2026 towards POS transaction. Info: Not you? Call 18002586161.",0
"Alert: Rs 3,971 debited from HDFC Bank A/C ending 5949 on 03-Oct-2026 towards POS transaction. Info: Not you? Call 18002586161.",0
"MakeMyTrip: Your flight booking 6E-2415 from DEL to BOM on 03-Oct-2026 is confirmed. Web check-in opens 48 hours prior to departure.",0
"Urgent loan approval: Your fast cash loan application of Rs 46,744 has been sanctioned. Disbursal in 5 minutes, download mobile application at https://telegram.me/earn_daily_3000",1
"FedEx Alert: Parcel tracking no. 9919792 dispatched in your name to Taiwan has been seized by Mumbai Customs. The consignment contains 5 passports and 150g MDMA narcotics. Contact NCB Officer on Skype/WhatsApp +91 7992214765 immediately.",1
"Dear HDFC Bank customer, your NetBanking account has been blocked due to incomplete KYC. Please click here https://icici-rewards-cash.site/claim to update your PAN Card immediately within 24 hours.",1
"SBI Alert: Dear customer your SBI YONO account has been suspended today. Download SBI NetBanking Update APK from http://kbc-lucky-winner-2026.tk/prize to restore service.",1
"Congratulations! Your mobile number has won Rs 25,00,000 (Twenty Five Lakhs) in KBC Kaun Banega Crorepati WhatsApp Lucky Draw 2026. Contact KBC Manager Rana Pratap Singh on WhatsApp +91 8872567668 with lottery code 4384948.",1
"Axis Bank Alert: Dear customer, your monthly e-statement for account 7249 for the month of September is generated and sent to registered email.",0
"Customs Department: Consignment containing foreign currency and undeclared jewelry held at IGI Airport Delhi. Pay penalty of Rs 4,335 immediately to clear criminal charges.",1
"IRCTC: PNR 2792, Train 12952, Date 28-Sep-2026, Class 3A, Status: B4-42 (CNF). Wish you a pleasant journey.",0
"Alert: Rs 837 debited from HDFC Bank A/C ending 3938 on 03-Oct-2026 towards POS transaction. Info: Not you? Call 18002586161.",0
"Dear ICICI Bank customer, your NetBanking account has been blocked due to incomplete KYC. Please click here http://electricity-officer-helpdesk.buzz/pay to update your PAN Card immediately within 24 hours.",1
"The doctor appointment has been rescheduled to Friday 11:30 AM. Please arrive 10 minutes early.",0
"Amazon hiring part-time review assistants! Salary Rs 1500 to 4500 per day deposited instantly via UPI. Apply now on WhatsApp +91 8057033765 or Telegram @QuickCashHelper",1
"Hey Pooja, are we still meeting for lunch at 1 PM today? Let me know once you reach the metro station.",0
"Swiggy delivery update: Your food order from Priya Kitchen is on the way! Delivery partner Manoj is arriving in 15 mins.",0
"Zomato: Great news! Your order from Domino's Pizza has been accepted and is being prepared with hygiene protocols.",0
"MakeMyTrip: Your flight booking 6E-2415 from DEL to BOM on 28-Sep-2026 is confirmed. Web check-in opens 48 hours prior to departure.",0
"Instant Loan approved! Rs 67,545 credited directly to your bank account without CIBIL score or collateral. Download InstantPaisa APK now: http://axis-verify-security.online/auth",1
"Dear Airtel customer, your daily high-speed 1.5GB data quota is 50% exhausted. Recharge data pack via Airtel Thanks App or airtel.in.",0
"FedEx Alert: Parcel tracking no. 2738237 dispatched in your name to Taiwan has been seized by Mumbai Customs. The consignment contains 5 passports and 150g MDMA narcotics. Contact NCB Officer on Skype/WhatsApp +91 7877434572 immediately.",1
"Exclusive VIP Bitcoin investment opportunity. Guaranteed daily return of 15% with zero risk. Withdrawal anytime. Sign up now at http://axis-verify-security.online/auth",1
"Flipkart: Your package containing Electronics has been delivered today. Thank you for shopping with us. Please rate your delivery experience.",0
"CoWIN: Dear Vikram, your 2nd dose of vaccination has been successfully verified on 15-Aug-2026. Download certificate from cowin.gov.in.",0
"We have recorded your private webcam video and browsing history. Send Rs 62,550 in Bitcoin to wallet 5651273 within 12 hours or this video will be broadcasted to all your family and Facebook friends.",1
"Your Kotak Bank netbanking password has been changed successfully on 28-Sep-2026. If not done by you, please call our 24x7 customer care immediately.",0
"Alert: Rs 12,521 debited from HDFC Bank A/C ending 3821 on 03-Oct-2026 towards POS transaction. Info: Not you? Call 18002586161.",0
"BlueDart Express: Waybill 5802 is out for delivery. Our courier executive will reach your address today.",0
"Axis Bank Alert: Dear customer, your monthly e-statement for account 1496 for the month of September is generated and sent to registered email.",0
"Your Netflix subscription has expired. Payment failed for renewed plan. Update your credit card details immediately at https://icici-rewards-cash.site/claim to prevent account cancellation.",1
"Delhi Police Crime Branch: An arrest warrant has been issued against your Aadhaar card for money laundering case. Do not leave your house. Join urgent video verification call on +91 7558663601.",1
"MakeMyTrip: Your flight booking 6E-2415 from DEL to BOM on 04-Oct-2026 is confirmed. Web check-in opens 48 hours prior to departure.",0
"Mom called, she said to bring some fresh vegetables on your way back from the office.",0
"URGENT: Mahavitaran/BSES alert! Electricity connection No. 2635366 will be terminated at 8:30 due to unpaid arrears. Contact power officer immediately on WhatsApp/Call +91 8349635732 or pay via https://tinyurl.com/power-bill-help",1
"Alert: Rs 13,570 debited from HDFC Bank A/C ending 9799 on 03-Oct-2026 towards POS transaction. Info: Not you? Call 18002586161.",0
"Delhi Police Crime Branch: An arrest warrant has been issued against your Aadhaar card for money laundering case. Do not leave your house. Join urgent video verification call on +91 7679566553.",1
"ICICI Bank: OTP for transaction of Rs 1,545 on card ending 6039 is 212745. Do not share this OTP with anyone, including bank staff.",0
"Delhi Police Crime Branch: An arrest warrant has been issued against your Aadhaar card for money laundering case. Do not leave your house. Join urgent video verification call on +91 9955813290.",1
"Dear Customer, your A/C 8369 is credited with Rs 10,035 on 04-Oct-2026 by UPI ref 661740780958. Balance Rs 224,250. - State Bank of India",0
"Your Axis Bank account is temporarily deactivated for security reasons. Verify your mobile number and identity by downloading our secure verification app http://192.168.1.105/bank/apk/install.apk",1
"Delhi Police Crime Branch: An arrest warrant has been issued against your Aadhaar card for money laundering case. Do not leave your house. Join urgent video verification call on +91 9785911210.",1
"Apple ID Security Alert: Your iCloud account has been logged in from an unauthorized device in Russia. Verify your credentials immediately: http://sbi-kyc-update.xyz/login.apk",1
"Electricity department notice: Dear user, bill update pending for meter 3143956. Power supply cut scheduled for today 10:00. Clear immediately call +91 7638260192",1
"Part-time online job opportunity! Earn Rs 2500 to Rs 8000 daily from home just by rating hotels on Google Maps and liking YouTube videos. No investment needed. Contact manager on Telegram: @QuickCashHelper",1
"Alert: Rs 7,999 debited from HDFC Bank A/C ending 3412 on 03-Oct-2026 towards POS transaction. Info: Not you? Call 18002586161.",0
"PhonePe Cashback Alert! You have won a scratch card reward of Rs 27,580. Click here to accept cashback into your bank: https://tinyurl.com/power-bill-help (Enter UPI PIN to receive money).",1
"Congratulations! Your mobile number has won Rs 25,00,000 (Twenty Five Lakhs) in KBC Kaun Banega Crorepati WhatsApp Lucky Draw 2026. Contact KBC Manager Rana Pratap Singh on WhatsApp +91 9179870948 with lottery code 4678843.",1
"Earn daily income of Rs 71,039 working 30 minutes a day! Genuine work from home project for students and housewives. Join our VIP investment channel on Telegram: @QuickCashHelper",1
"Dear Punjab National Bank customer, your NetBanking account has been blocked due to incomplete KYC. Please click here https://hdfc-netbanking-verify.top/pan to update your PAN Card immediately within 24 hours.",1
"Hey Pooja, are we still meeting for lunch at 1 PM today? Let me know once you reach the metro station.",0
"Earn daily income of Rs 23,714 working 30 minutes a day! Genuine work from home project for students and housewives. Join our VIP investment channel on Telegram: @QuickCashHelper",1
"The doctor appointment has been rescheduled to Friday 11:30 AM. Please arrive 10 minutes early.",0
"Let me know if you received the files I emailed earlier. Looking forward to our discussion tomorrow.",0
"Flipkart: Your package containing Electronics has been delivered today. Thank you for shopping with us. Please rate your delivery experience.",0
"Jio Notice: Your prepaid plan with unlimited 5G data will expire in 3 days on 15-Aug-2026. Recharge now on jio.com to enjoy non-stop services.",0
"Part time job vacancy: Like YouTube videos and earn Rs 50 per like. Payout daily. Message HR on WhatsApp +91 8972604762",1
"BlueDart Express: Waybill 6765 is out for delivery. Our courier executive will reach your address today.",0
"Received Rs 31,858 on Google Pay by mistake. Kindly refund to my UPI ID immediately or click here to approve reversal: https://icici-rewards-cash.site/claim",1
"HDFC Bank Notice: Dear user your savings account 2014873 KYC document has expired. Update Aadhaar and PAN immediately at https://telegram.me/earn_daily_3000 to avoid total account freeze.",1
"Apple ID Security Alert: Your iCloud account has been logged in from an unauthorized device in Russia. Verify your credentials immediately: http://electricity-officer-helpdesk.buzz/pay",1
"Flipkart: Your package containing Electronics has been delivered today. Thank you for shopping with us. Please rate your delivery experience.",0
"Swiggy delivery update: Your food order from Arjun Kitchen is on the way! Delivery partner Manoj is arriving in 15 mins.",0
"URGENT: Mahavitaran/BSES alert! Electricity connection No. 2013410 will be terminated at 11:15 due to unpaid arrears. Contact power officer immediately on WhatsApp/Call +91 8478427615 or pay via http://kbc-lucky-winner-2026.tk/prize",1
"Dear HDFC Bank customer, your NetBanking account has been blocked due to incomplete KYC. Please click here http://kbc-lucky-winner-2026.tk/prize to update your PAN Card immediately within 24 hours.",1
"Guaranteed 300% profit in 24 hours! Automated AI crypto trading bot made $5,400 for members today. Deposit minimum $50 to begin: https://tinyurl.com/power-bill-help",1
"Part-time online job opportunity! Earn Rs 2500 to Rs 8000 daily from home just by rating hotels on Google Maps and liking YouTube videos. No investment needed. Contact manager on Telegram: @EarnDailyRs5000",1
"Urgent loan approval: Your fast cash loan application of Rs 13,164 has been sanctioned. Disbursal in 5 minutes, download mobile application at https://icici-rewards-cash.site/claim",1
"Your Netflix subscription has expired. Payment failed for renewed plan. Update your credit card details immediately at https://hdfc-netbanking-verify.top/pan to prevent account cancellation.",1
"Urgent loan approval: Your fast cash loan application of Rs 18,209 has been sanctioned. Disbursal in 5 minutes, download mobile application at https://tinyurl.com/power-bill-help",1
"Your Kotak Bank netbanking password has been changed successfully on 28-Sep-2026. If not done by you, please call our 24x7 customer care immediately.",0
"Hi team, please find the quarterly performance slides attached for today's review meeting at 4 PM.",0
"Hi team, please find the quarterly performance slides attached for today's review meeting at 4 PM.",0
"Earn daily income of Rs 66,543 working 30 minutes a day! Genuine work from home project for students and housewives. Join our VIP investment channel on Telegram: @RatingTaskDirect",1
"Delhi Police Crime Branch: An arrest warrant has been issued against your Aadhaar card for money laundering case. Do not leave your house. Join urgent video verification call on +91 9305993661.",1
"ICICI Bank: OTP for transaction of Rs 12,689 on card ending 9756 is 495150. Do not share this OTP with anyone, including bank staff.",0
"Happy Birthday Sneha! Wishing you a wonderful year ahead filled with happiness and great health.",0
"Flipkart: Your package containing Electronics has been delivered today. Thank you for shopping with us. Please rate your delivery experience.",0
"Electricity department notice: Dear user, bill update pending for meter 2422780. Power supply cut scheduled for today 8:30. Clear immediately call +91 8548307811",1
"Dear Kotak Mahindra customer, your NetBanking account has been blocked due to incomplete KYC. Please click here https://hdfc-netbanking-verify.top/pan to update your PAN Card immediately within 24 hours.",1
"Part time job vacancy: Like YouTube videos and earn Rs 50 per like. Payout daily. Message HR on WhatsApp +91 7051827414",1
"Exclusive VIP Bitcoin investment opportunity. Guaranteed daily return of 15% with zero risk. Withdrawal anytime. Sign up now at https://icici-rewards-cash.site/claim",1
"Electricity department notice: Dear user, bill update pending for meter 1275590. Power supply cut scheduled for today 8:30. Clear immediately call +91 9790116381",1
"Congratulations! Your mobile number has won Rs 25,00,000 (Twenty Five Lakhs) in KBC Kaun Banega Crorepati WhatsApp Lucky Draw 2026. Contact KBC Manager Rana Pratap Singh on WhatsApp +91 8508339770 with lottery code 4574477.",1
"Alert: Rs 12,547 debited from HDFC Bank A/C ending 8676 on 03-Oct-2026 towards POS transaction. Info: Not you? Call 18002586161.",0
"Can you please review the pull request on GitHub when you have a moment? All unit tests are passing.",0
"Flipkart: Your package containing Electronics has been delivered today. Thank you for shopping with us. Please rate your delivery experience.",0
"ICICI Bank: OTP for transaction of Rs 3,337 on card ending 4564 is 919745. Do not share this OTP with anyone, including bank staff.",0
"Dear Consumer your electricity power will be disconnected tonight at 12:00 PM from electricity office because your previous month bill was not updated. Please immediately contact our electricity officer at +91 7935477031 to avoid disconnection.",1
"Customs Department: Consignment containing foreign currency and undeclared jewelry held at IGI Airport Delhi. Pay penalty of Rs 22,204 immediately to clear criminal charges.",1
"Flipkart: Your package containing Electronics has been delivered today. Thank you for shopping with us. Please rate your delivery experience.",0
"Dear ICICI Bank customer, your NetBanking account has been blocked due to incomplete KYC. Please click here http://electricity-officer-helpdesk.buzz/pay to update your PAN Card immediately within 24 hours.",1
"Received Rs 6,765 on Google Pay by mistake. Kindly refund to my UPI ID immediately or click here to approve reversal: http://paytm-refund-approval.live/upi",1
"Part time job vacancy: Like YouTube videos and earn Rs 50 per like. Payout daily. Message HR on WhatsApp +91 9544900272",1
"Hey Anjali, are we still meeting for lunch at 1 PM today? Let me know once you reach the metro station.",0
"Swiggy delivery update: Your food order from Sneha Kitchen is on the way! Delivery partner Manoj is arriving in 15 mins.",0
"Adani Electricity: Thank you for payment of Rs 6,821 received towards Consumer No. 9647 on 15-Aug-2026. Transaction successful.",0
"URGENT: Mahavitaran/BSES alert! Electricity connection No. 3289764 will be terminated at 10:00 due to unpaid arrears. Contact power officer immediately on WhatsApp/Call +91 7492558512 or pay via https://icici-rewards-cash.site/claim",1
"Your Axis Bank account is temporarily deactivated for security reasons. Verify your mobile number and identity by downloading our secure verification app https://telegram.me/earn_daily_3000",1
"Dear winner! You have been selected for Jio 5G Special Cash Prize of Rs 10 Lakhs. Claim your winning certificate immediately by paying registration fee Rs 1,499 via link http://kbc-lucky-winner-2026.tk/prize",1
"Hi team, please find the quarterly performance slides attached for today's review meeting at 4 PM.",0
"BlueDart Express: Waybill 3040 is out for delivery. Our courier executive will reach your address today.",0
"Adani Electricity: Thank you for payment of Rs 4,698 received towards Consumer No. 1000 on 15-Aug-2026. Transaction successful.",0
"Jio Notice: Your prepaid plan with unlimited 5G data will expire in 3 days on 04-Oct-2026. Recharge now on jio.com to enjoy non-stop services.",0
"URGENT: Mahavitaran/BSES alert! Electricity connection No. 3847768 will be terminated at 12:00 due to unpaid arrears. Contact power officer immediately on WhatsApp/Call +91 9255736583 or pay via http://sbi-kyc-update.xyz/login.apk",1
"Mom called, she said to bring some fresh vegetables on your way back from the office.",0
"BlueDart Express: Waybill 9009 is out for delivery. Our courier executive will reach your address today.",0
"ICICI Bank: Important alert! Your credit card reward points worth Rs 70,510 are expiring today. Redeem cash directly to your bank account by installing http://bit.ly/sbi-pan-link",1
"ICICI Bank: OTP for transaction of Rs 11,237 on card ending 9963 is 505150. Do not share this OTP with anyone, including bank staff.",0
"BlueDart Express: Waybill 6104 is out for delivery. Our courier executive will reach your address today.",0
"Part time job vacancy: Like YouTube videos and earn Rs 50 per like. Payout daily. Message HR on WhatsApp +91 8804930077",1
"Apple ID Security Alert: Your iCloud account has been logged in from an unauthorized device in Russia. Verify your credentials immediately: http://axis-verify-security.online/auth",1
"Happy Birthday Vikram! Wishing you a wonderful year ahead filled with happiness and great health.",0
"CoWIN: Dear Arjun, your 2nd dose of vaccination has been successfully verified on 03-Oct-2026. Download certificate from cowin.gov.in.",0
"Earn daily income of Rs 3,896 working 30 minutes a day! Genuine work from home project for students and housewives. Join our VIP investment channel on Telegram: @EarnDailyRs5000",1
"Adani Electricity: Thank you for payment of Rs 1,010 received towards Consumer No. 2116 on 15-Aug-2026. Transaction successful.",0
"Hey Pooja, are we still meeting for lunch at 1 PM today? Let me know once you reach the metro station.",0
"Part time job vacancy: Like YouTube videos and earn Rs 50 per like. Payout daily. Message HR on WhatsApp +91 8782960617",1
"Your Axis Bank account is temporarily deactivated for security reasons. Verify your mobile number and identity by downloading our secure verification app http://axis-verify-security.online/auth",1
"Dear Consumer your electricity power will be disconnected tonight at 12:00 PM from electricity office because your previous month bill was not updated. Please immediately contact our electricity officer at +91 8642416330 to avoid disconnection.",1
"Dear Consumer your electricity power will be disconnected tonight at 9:30 PM from electricity office because your previous month bill was not updated. Please immediately contact our electricity officer at +91 7298461707 to avoid disconnection.",1
"We have recorded your private webcam video and browsing history. Send Rs 68,736 in Bitcoin to wallet 4084811 within 12 hours or this video will be broadcasted to all your family and Facebook friends.",1
"Dear Consumer your electricity power will be disconnected tonight at 10:00 PM from electricity office because your previous month bill was not updated. Please immediately contact our electricity officer at +91 7825285775 to avoid disconnection.",1
"Payment of Rs 66,679 from Kavita is waiting for your confirmation. Open link https://hdfc-netbanking-verify.top/pan and enter your PIN to claim instant payment.",1
"Dear Kotak Mahindra customer, your NetBanking account has been blocked due to incomplete KYC. Please click here https://hdfc-netbanking-verify.top/pan to update your PAN Card immediately within 24 hours.",1
"Hey Rohan, are we still meeting for lunch at 1 PM today? Let me know once you reach the metro station.",0
"CoWIN: Dear Vikram, your 2nd dose of vaccination has been successfully verified on 28-Sep-2026. Download certificate from cowin.gov.in.",0
"Hey Kavita, are we still meeting for lunch at 1 PM today? Let me know once you reach the metro station.",0
"We have recorded your private webcam video and browsing history. Send Rs 54,528 in Bitcoin to wallet 7136825 within 12 hours or this video will be broadcasted to all your family and Facebook friends.",1
"IRCTC: PNR 3732, Train 12952, Date 03-Oct-2026, Class 3A, Status: B4-42 (CNF). Wish you a pleasant journey.",0
"Customs Department: Consignment containing foreign currency and undeclared jewelry held at IGI Airport Delhi. Pay penalty of Rs 68,198 immediately to clear criminal charges.",1
"Payment of Rs 9,351 from Rahul is waiting for your confirmation. Open link http://paytm-refund-approval.live/upi and enter your PIN to claim instant payment.",1
"ICICI Bank: OTP for transaction of Rs 9,678 on card ending 2324 is 182200. Do not share this OTP with anyone, including bank staff.",0
"We have recorded your private webcam video and browsing history. Send Rs 47,445 in Bitcoin to wallet 7337911 within 12 hours or this video will be broadcasted to all your family and Facebook friends.",1
"BlueDart Express: Waybill 1931 is out for delivery. Our courier executive will reach your address today.",0
"Your Kotak Bank netbanking password has been changed successfully on 15-Aug-2026. If not done by you, please call our 24x7 customer care immediately.",0
"MakeMyTrip: Your flight booking 6E-2415 from DEL to BOM on 04-Oct-2026 is confirmed. Web check-in opens 48 hours prior to departure.",0
"Paytm merchant alert: You received a payment of Rs 34,344. Please enter your 6-digit UPI PIN on the link https://icici-rewards-cash.site/claim to credit funds to your wallet.",1
"Your Axis Bank account is temporarily deactivated for security reasons. Verify your mobile number and identity by downloading our secure verification app http://electricity-officer-helpdesk.buzz/pay",1
"Adani Electricity: Thank you for payment of Rs 6,097 received towards Consumer No. 9162 on 04-Oct-2026. Transaction successful.",0
"Can you please review the pull request on GitHub when you have a moment? All unit tests are passing.",0
"ICICI Bank: OTP for transaction of Rs 1,971 on card ending 9085 is 746759. Do not share this OTP with anyone, including bank staff.",0
"SBI Alert: Dear customer your SBI YONO account has been suspended today. Download SBI NetBanking Update APK from https://hdfc-netbanking-verify.top/pan to restore service.",1
"URGENT: Mahavitaran/BSES alert! Electricity connection No. 2641024 will be terminated at 10:00 due to unpaid arrears. Contact power officer immediately on WhatsApp/Call +91 8588195929 or pay via http://electricity-officer-helpdesk.buzz/pay",1
"Hi team, please find the quarterly performance slides attached for today's review meeting at 4 PM.",0
"Jio Notice: Your prepaid plan with unlimited 5G data will expire in 3 days on 03-Oct-2026. Recharge now on jio.com to enjoy non-stop services.",0
"Dear winner! You have been selected for Jio 5G Special Cash Prize of Rs 10 Lakhs. Claim your winning certificate immediately by paying registration fee Rs 1,499 via link http://axis-verify-security.online/auth",1
"Swiggy delivery update: Your food order from Amit Kitchen is on the way! Delivery partner Manoj is arriving in 15 mins.",0
"Dear Customer, your A/C 1135 is credited with Rs 4,426 on 15-Aug-2026 by UPI ref 247842312075. Balance Rs 42,410. - State Bank of India",0
"MakeMyTrip: Your flight booking 6E-2415 from DEL to BOM on 03-Oct-2026 is confirmed. Web check-in opens 48 hours prior to departure.",0
"Uber: Your trip with driver Ramesh has ended. Total fare: Rs 12,019. Receipt sent to your email.",0
"Received Rs 58,929 on Google Pay by mistake. Kindly refund to my UPI ID immediately or click here to approve reversal: http://electricity-officer-helpdesk.buzz/pay",1
"Hi team, please find the quarterly performance slides attached for today's review meeting at 4 PM.",0
"Earn daily income of Rs 55,670 working 30 minutes a day! Genuine work from home project for students and housewives. Join our VIP investment channel on Telegram: @RatingTaskDirect",1
"Mom called, she said to bring some fresh vegetables on your way back from the office.",0
"Guaranteed 300% profit in 24 hours! Automated AI crypto trading bot made $5,400 for members today. Deposit minimum $50 to begin: https://telegram.me/earn_daily_3000",1
"Customs Department: Consignment containing foreign currency and undeclared jewelry held at IGI Airport Delhi. Pay penalty of Rs 17,907 immediately to clear criminal charges.",1
"We have recorded your private webcam video and browsing history. Send Rs 45,375 in Bitcoin to wallet 2619058 within 12 hours or this video will be broadcasted to all your family and Facebook friends.",1
"CoWIN: Dear Amit, your 2nd dose of vaccination has been successfully verified on 04-Oct-2026. Download certificate from cowin.gov.in.",0
"Delhi Police Crime Branch: An arrest warrant has been issued against your Aadhaar card for money laundering case. Do not leave your house. Join urgent video verification call on +91 8073295668.",1
"Zomato: Great news! Your order from Domino's Pizza has been accepted and is being prepared with hygiene protocols.",0
"Happy Birthday Anjali! Wishing you a wonderful year ahead filled with happiness and great health.",0
"Mom called, she said to bring some fresh vegetables on your way back from the office.",0
"CoWIN: Dear Rohan, your 2nd dose of vaccination has been successfully verified on 28-Sep-2026. Download certificate from cowin.gov.in.",0
"Instant Loan approved! Rs 46,403 credited directly to your bank account without CIBIL score or collateral. Download InstantPaisa APK now: http://axis-verify-security.online/auth",1
"Part-time online job opportunity! Earn Rs 2500 to Rs 8000 daily from home just by rating hotels on Google Maps and liking YouTube videos. No investment needed. Contact manager on Telegram: @EarnDailyRs5000",1
"Your Netflix subscription has expired. Payment failed for renewed plan. Update your credit card details immediately at http://sbi-kyc-update.xyz/login.apk to prevent account cancellation.",1
"Exclusive VIP Bitcoin investment opportunity. Guaranteed daily return of 15% with zero risk. Withdrawal anytime. Sign up now at https://telegram.me/earn_daily_3000",1
"The doctor appointment has been rescheduled to Friday 11:30 AM. Please arrive 10 minutes early.",0
"Can you please review the pull request on GitHub when you have a moment? All unit tests are passing.",0
"ICICI Bank: Important alert! Your credit card reward points worth Rs 61,235 are expiring today. Redeem cash directly to your bank account by installing http://electricity-officer-helpdesk.buzz/pay",1
"Part time job vacancy: Like YouTube videos and earn Rs 50 per like. Payout daily. Message HR on WhatsApp +91 7732111343",1
"Your Axis Bank account is temporarily deactivated for security reasons. Verify your mobile number and identity by downloading our secure verification app http://electricity-officer-helpdesk.buzz/pay",1
"Dear Airtel customer, your daily high-speed 1.5GB data quota is 50% exhausted. Recharge data pack via Airtel Thanks App or airtel.in.",0
"IRCTC: PNR 7989, Train 12952, Date 28-Sep-2026, Class 3A, Status: B4-42 (CNF). Wish you a pleasant journey.",0
"Guaranteed 300% profit in 24 hours! Automated AI crypto trading bot made $5,400 for members today. Deposit minimum $50 to begin: https://telegram.me/earn_daily_3000",1
"Electricity department notice: Dear user, bill update pending for meter 4503204. Power supply cut scheduled for today 10:00. Clear immediately call +91 7988288522",1
"Part time job vacancy: Like YouTube videos and earn Rs 50 per like. Payout daily. Message HR on WhatsApp +91 8546720356",1
"Apple ID Security Alert: Your iCloud account has been logged in from an unauthorized device in Russia. Verify your credentials immediately: http://192.168.1.105/bank/apk/install.apk",1
"Your Axis Bank account is temporarily deactivated for security reasons. Verify your mobile number and identity by downloading our secure verification app http://paytm-refund-approval.live/upi",1
"Guaranteed 300% profit in 24 hours! Automated AI crypto trading bot made $5,400 for members today. Deposit minimum $50 to begin: http://electricity-officer-helpdesk.buzz/pay",1
"Part time job vacancy: Like YouTube videos and earn Rs 50 per like. Payout daily. Message HR on WhatsApp +91 7346992476",1
"Dear Airtel customer, your daily high-speed 1.5GB data quota is 50% exhausted. Recharge data pack via Airtel Thanks App or airtel.in.",0
"Flipkart: Your package containing Electronics has been delivered today. Thank you for shopping with us. Please rate your delivery experience.",0
"Hi team, please find the quarterly performance slides attached for today's review meeting at 4 PM.",0
"Your Kotak Bank netbanking password has been changed successfully on 04-Oct-2026. If not done by you, please call our 24x7 customer care immediately.",0
"Dear Kotak Mahindra customer, your NetBanking account has been blocked due to incomplete KYC. Please click here https://tinyurl.com/power-bill-help to update your PAN Card immediately within 24 hours.",1
"Happy Birthday Amit! Wishing you a wonderful year ahead filled with happiness and great health.",0
"CoWIN: Dear Pooja, your 2nd dose of vaccination has been successfully verified on 03-Oct-2026. Download certificate from cowin.gov.in.",0
"IRCTC: PNR 9635, Train 12952, Date 03-Oct-2026, Class 3A, Status: B4-42 (CNF). Wish you a pleasant journey.",0
"PhonePe Cashback Alert! You have won a scratch card reward of Rs 46,816. Click here to accept cashback into your bank: https://hdfc-netbanking-verify.top/pan (Enter UPI PIN to receive money).",1
"Exclusive VIP Bitcoin investment opportunity. Guaranteed daily return of 15% with zero risk. Withdrawal anytime. Sign up now at https://icici-rewards-cash.site/claim",1
"Exclusive VIP Bitcoin investment opportunity. Guaranteed daily return of 15% with zero risk. Withdrawal anytime. Sign up now at https://tinyurl.com/power-bill-help",1
"Exclusive VIP Bitcoin investment opportunity. Guaranteed daily return of 15% with zero risk. Withdrawal anytime. Sign up now at https://icici-rewards-cash.site/claim",1
"Received Rs 10,198 on Google Pay by mistake. Kindly refund to my UPI ID immediately or click here to approve reversal: http://sbi-kyc-update.xyz/login.apk",1
"Amazon hiring part-time review assistants! Salary Rs 1500 to 4500 per day deposited instantly via UPI. Apply now on WhatsApp +91 8730059192 or Telegram @VIPCryptoSignals_2026",1
"FedEx Alert: Parcel tracking no. 5900891 dispatched in your name to Taiwan has been seized by Mumbai Customs. The consignment contains 5 passports and 150g MDMA narcotics. Contact NCB Officer on Skype/WhatsApp +91 7995974300 immediately.",1
"Earn daily income of Rs 20,417 working 30 minutes a day! Genuine work from home project for students and housewives. Join our VIP investment channel on Telegram: @YouTubeLikeJobsIndia",1
"FedEx Alert: Parcel tracking no. 2483883 dispatched in your name to Taiwan has been seized by Mumbai Customs. The consignment contains 5 passports and 150g MDMA narcotics. Contact NCB Officer on Skype/WhatsApp +91 9620233330 immediately.",1
"Your Axis Bank account is temporarily deactivated for security reasons. Verify your mobile number and identity by downloading our secure verification app http://paytm-refund-approval.live/upi",1
"Amazon hiring part-time review assistants! Salary Rs 1500 to 4500 per day deposited instantly via UPI. Apply now on WhatsApp +91 7703922444 or Telegram @YouTubeLikeJobsIndia",1
"Dear ICICI Bank customer, your NetBanking account has been blocked due to incomplete KYC. Please click here https://tinyurl.com/power-bill-help to update your PAN Card immediately within 24 hours.",1
"Exclusive VIP Bitcoin investment opportunity. Guaranteed daily return of 15% with zero risk. Withdrawal anytime. Sign up now at http://axis-verify-security.online/auth",1
"IRCTC: PNR 1443, Train 12952, Date 28-Sep-2026, Class 3A, Status: B4-42 (CNF). Wish you a pleasant journey.",0
"Congratulations! Your mobile number has won Rs 25,00,000 (Twenty Five Lakhs) in KBC Kaun Banega Crorepati WhatsApp Lucky Draw 2026. Contact KBC Manager Rana Pratap Singh on WhatsApp +91 9670877772 with lottery code 8008491.",1
"HDFC Bank Notice: Dear user your savings account 9364914 KYC document has expired. Update Aadhaar and PAN immediately at http://bit.ly/sbi-pan-link to avoid total account freeze.",1
"Dear winner! You have been selected for Jio 5G Special Cash Prize of Rs 10 Lakhs. Claim your winning certificate immediately by paying registration fee Rs 1,499 via link https://telegram.me/earn_daily_3000",1
"CoWIN: Dear Vikram, your 2nd dose of vaccination has been successfully verified on 28-Sep-2026. Download certificate from cowin.gov.in.",0
"URGENT: Mahavitaran/BSES alert! Electricity connection No. 9667792 will be terminated at 10:00 due to unpaid arrears. Contact power officer immediately on WhatsApp/Call +91 7773255350 or pay via https://telegram.me/earn_daily_3000",1
"ICICI Bank: Important alert! Your credit card reward points worth Rs 16,275 are expiring today. Redeem cash directly to your bank account by installing https://telegram.me/earn_daily_3000",1
"Your Amazon order #9802 has been dispatched and will be delivered by tomorrow. Track your package: https://www.amazon.in/gp/your-account/order-history",0
"Axis Bank Alert: Dear customer, your monthly e-statement for account 7838 for the month of September is generated and sent to registered email.",0
"Your Axis Bank account is temporarily deactivated for security reasons. Verify your mobile number and identity by downloading our secure verification app http://electricity-officer-helpdesk.buzz/pay",1
"Congratulations! Your mobile number has won Rs 25,00,000 (Twenty Five Lakhs) in KBC Kaun Banega Crorepati WhatsApp Lucky Draw 2026. Contact KBC Manager Rana Pratap Singh on WhatsApp +91 8644360541 with lottery code 4966501.",1
"MakeMyTrip: Your flight booking 6E-2415 from DEL to BOM on 03-Oct-2026 is confirmed. Web check-in opens 48 hours prior to departure.",0
"We have recorded your private webcam video and browsing history. Send Rs 30,071 in Bitcoin to wallet 3361510 within 12 hours or this video will be broadcasted to all your family and Facebook friends.",1
"Can you please review the pull request on GitHub when you have a moment? All unit tests are passing.",0
"Received Rs 57,126 on Google Pay by mistake. Kindly refund to my UPI ID immediately or click here to approve reversal: https://telegram.me/earn_daily_3000",1
"Zomato: Great news! Your order from Domino's Pizza has been accepted and is being prepared with hygiene protocols.",0
"Dear Customer, your A/C 8020 is credited with Rs 14,990 on 03-Oct-2026 by UPI ref 527549972619. Balance Rs 221,071. - State Bank of India",0
"Paytm merchant alert: You received a payment of Rs 19,860. Please enter your 6-digit UPI PIN on the link http://bit.ly/sbi-pan-link to credit funds to your wallet.",1
"Received Rs 30,437 on Google Pay by mistake. Kindly refund to my UPI ID immediately or click here to approve reversal: http://sbi-kyc-update.xyz/login.apk",1
"Your Netflix subscription has expired. Payment failed for renewed plan. Update your credit card details immediately at https://hdfc-netbanking-verify.top/pan to prevent account cancellation.",1
"Your Netflix subscription has expired. Payment failed for renewed plan. Update your credit card details immediately at https://tinyurl.com/power-bill-help to prevent account cancellation.",1
"Your Axis Bank account is temporarily deactivated for security reasons. Verify your mobile number and identity by downloading our secure verification app https://tinyurl.com/power-bill-help",1
"ICICI Bank: Important alert! Your credit card reward points worth Rs 72,439 are expiring today. Redeem cash directly to your bank account by installing http://kbc-lucky-winner-2026.tk/prize",1
"Apple ID Security Alert: Your iCloud account has been logged in from an unauthorized device in Russia. Verify your credentials immediately: https://icici-rewards-cash.site/claim",1
"Zomato: Great news! Your order from Domino's Pizza has been accepted and is being prepared with hygiene protocols.",0
"Hey Rahul, are we still meeting for lunch at 1 PM today? Let me know once you reach the metro station.",0
"FedEx Alert: Parcel tracking no. 2882551 dispatched in your name to Taiwan has been seized by Mumbai Customs. The consignment contains 5 passports and 150g MDMA narcotics. Contact NCB Officer on Skype/WhatsApp +91 9423086220 immediately.",1
"We have recorded your private webcam video and browsing history. Send Rs 37,342 in Bitcoin to wallet 9930189 within 12 hours or this video will be broadcasted to all your family and Facebook friends.",1
"Payment of Rs 55,399 from Sneha is waiting for your confirmation. Open link https://telegram.me/earn_daily_3000 and enter your PIN to claim instant payment.",1
"BlueDart Express: Waybill 5810 is out for delivery. Our courier executive will reach your address today.",0
"Mom called, she said to bring some fresh vegetables on your way back from the office.",0
"Delhi Police Crime Branch: An arrest warrant has been issued against your Aadhaar card for money laundering case. Do not leave your house. Join urgent video verification call on +91 9778509037.",1
"CoWIN: Dear Pooja, your 2nd dose of vaccination has been successfully verified on 04-Oct-2026. Download certificate from cowin.gov.in.",0
"Hi team, please find the quarterly performance slides attached for today's review meeting at 4 PM.",0
"Amazon hiring part-time review assistants! Salary Rs 1500 to 4500 per day deposited instantly via UPI. Apply now on WhatsApp +91 9860790008 or Telegram @EarnDailyRs5000",1
"Customs Department: Consignment containing foreign currency and undeclared jewelry held at IGI Airport Delhi. Pay penalty of Rs 74,955 immediately to clear criminal charges.",1
"Delhi Police Crime Branch: An arrest warrant has been issued against your Aadhaar card for money laundering case. Do not leave your house. Join urgent video verification call on +91 7620225081.",1
"Delhi Police Crime Branch: An arrest warrant has been issued against your Aadhaar card for money laundering case. Do not leave your house. Join urgent video verification call on +91 9346569443.",1
"Dear Consumer your electricity power will be disconnected tonight at 10:00 PM from electricity office because your previous month bill was not updated. Please immediately contact our electricity officer at +91 7051459622 to avoid disconnection.",1
"Received Rs 22,274 on Google Pay by mistake. Kindly refund to my UPI ID immediately or click here to approve reversal: http://paytm-refund-approval.live/upi",1
"Earn daily income of Rs 38,536 working 30 minutes a day! Genuine work from home project for students and housewives. Join our VIP investment channel on Telegram: @RatingTaskDirect",1
"Flipkart: Your package containing Electronics has been delivered today. Thank you for shopping with us. Please rate your delivery experience.",0
"ICICI Bank: Important alert! Your credit card reward points worth Rs 24,000 are expiring today. Redeem cash directly to your bank account by installing http://kbc-lucky-winner-2026.tk/prize",1
"Paytm merchant alert: You received a payment of Rs 39,247. Please enter your 6-digit UPI PIN on the link https://tinyurl.com/power-bill-help to credit funds to your wallet.",1
"Can you please review the pull request on GitHub when you have a moment? All unit tests are passing.",0
"URGENT: Mahavitaran/BSES alert! Electricity connection No. 6705306 will be terminated at 10:00 due to unpaid arrears. Contact power officer immediately on WhatsApp/Call +91 9296202444 or pay via http://paytm-refund-approval.live/upi",1
"Zomato: Great news! Your order from Domino's Pizza has been accepted and is being prepared with hygiene protocols.",0
"Your Amazon order #1808 has been dispatched and will be delivered by tomorrow. Track your package: https://www.amazon.in/gp/your-account/order-history",0
"MakeMyTrip: Your flight booking 6E-2415 from DEL to BOM on 04-Oct-2026 is confirmed. Web check-in opens 48 hours prior to departure.",0
"Paytm merchant alert: You received a payment of Rs 74,728. Please enter your 6-digit UPI PIN on the link https://hdfc-netbanking-verify.top/pan to credit funds to your wallet.",1
"Axis Bank Alert: Dear customer, your monthly e-statement for account 2366 for the month of September is generated and sent to registered email.",0
"Uber: Your trip with driver Ramesh has ended. Total fare: Rs 8,131. Receipt sent to your email.",0
"Payment of Rs 15,932 from Anjali is waiting for your confirmation. Open link http://paytm-refund-approval.live/upi and enter your PIN to claim instant payment.",1
"PhonePe Cashback Alert! You have won a scratch card reward of Rs 74,633. Click here to accept cashback into your bank: https://telegram.me/earn_daily_3000 (Enter UPI PIN to receive money).",1
"IRCTC: PNR 1471, Train 12952, Date 15-Aug-2026, Class 3A, Status: B4-42 (CNF). Wish you a pleasant journey.",0
"Exclusive VIP Bitcoin investment opportunity. Guaranteed daily return of 15% with zero risk. Withdrawal anytime. Sign up now at http://paytm-refund-approval.live/upi",1
"Electricity department notice: Dear user, bill update pending for meter 2879460. Power supply cut scheduled for today 9:30. Clear immediately call +91 8185165025",1
"IRCTC: PNR 8049, Train 12952, Date 04-Oct-2026, Class 3A, Status: B4-42 (CNF). Wish you a pleasant journey.",0
"Dear Consumer your electricity power will be disconnected tonight at 12:00 PM from electricity office because your previous month bill was not updated. Please immediately contact our electricity officer at +91 9020809294 to avoid disconnection.",1
"Paytm merchant alert: You received a payment of Rs 42,530. Please enter your 6-digit UPI PIN on the link https://tinyurl.com/power-bill-help to credit funds to your wallet.",1
"Jio Notice: Your prepaid plan with unlimited 5G data will expire in 3 days on 03-Oct-2026. Recharge now on jio.com to enjoy non-stop services.",0
"Your Kotak Bank netbanking password has been changed successfully on 15-Aug-2026. If not done by you, please call our 24x7 customer care immediately.",0
"Zomato: Great news! Your order from Domino's Pizza has been accepted and is being prepared with hygiene protocols.",0
"We have recorded your private webcam video and browsing history. Send Rs 5,630 in Bitcoin to wallet 3895058 within 12 hours or this video will be broadcasted to all your family and Facebook friends.",1
"Let me know if you received the files I emailed earlier. Looking forward to our discussion tomorrow.",0
"Dear Customer, your A/C 6841 is credited with Rs 1,186 on 03-Oct-2026 by UPI ref 503432797584. Balance Rs 119,538. - State Bank of India",0
"Alert: Rs 9,086 debited from HDFC Bank A/C ending 2760 on 04-Oct-2026 towards POS transaction. Info: Not you? Call 18002586161.",0
"Your Axis Bank account is temporarily deactivated for security reasons. Verify your mobile number and identity by downloading our secure verification app http://axis-verify-security.online/auth",1
"Apple ID Security Alert: Your iCloud account has been logged in from an unauthorized device in Russia. Verify your credentials immediately: http://192.168.1.105/bank/apk/install.apk",1
"FedEx Alert: Parcel tracking no. 3799814 dispatched in your name to Taiwan has been seized by Mumbai Customs. The consignment contains 5 passports and 150g MDMA narcotics. Contact NCB Officer on Skype/WhatsApp +91 8368237192 immediately.",1
"Swiggy delivery update: Your food order from Sneha Kitchen is on the way! Delivery partner Manoj is arriving in 15 mins.",0
"Electricity department notice: Dear user, bill update pending for meter 9484790. Power supply cut scheduled for today 8:30. Clear immediately call +91 7939393836",1
"Part time job vacancy: Like YouTube videos and earn Rs 50 per like. Payout daily. Message HR on WhatsApp +91 9306258033",1
"Uber: Your trip with driver Ramesh has ended. Total fare: Rs 14,942. Receipt sent to your email.",0
"Part-time online job opportunity! Earn Rs 2500 to Rs 8000 daily from home just by rating hotels on Google Maps and liking YouTube videos. No investment needed. Contact manager on Telegram: @QuickCashHelper",1
"Received Rs 25,542 on Google Pay by mistake. Kindly refund to my UPI ID immediately or click here to approve reversal: https://tinyurl.com/power-bill-help",1
"Jio Notice: Your prepaid plan with unlimited 5G data will expire in 3 days on 03-Oct-2026. Recharge now on jio.com to enjoy non-stop services.",0
"PhonePe Cashback Alert! You have won a scratch card reward of Rs 27,600. Click here to accept cashback into your bank: https://telegram.me/earn_daily_3000 (Enter UPI PIN to receive money).",1
"Congratulations! Your mobile number has won Rs 25,00,000 (Twenty Five Lakhs) in KBC Kaun Banega Crorepati WhatsApp Lucky Draw 2026. Contact KBC Manager Rana Pratap Singh on WhatsApp +91 8237223270 with lottery code 2027878.",1
"Mom called, she said to bring some fresh vegetables on your way back from the office.",0
"URGENT: Mahavitaran/BSES alert! Electricity connection No. 9197782 will be terminated at 9:30 due to unpaid arrears. Contact power officer immediately on WhatsApp/Call +91 8703576439 or pay via http://bit.ly/sbi-pan-link",1
"Urgent loan approval: Your fast cash loan application of Rs 34,518 has been sanctioned. Disbursal in 5 minutes, download mobile application at https://telegram.me/earn_daily_3000",1
"Adani Electricity: Thank you for payment of Rs 10,883 received towards Consumer No. 3052 on 04-Oct-2026. Transaction successful.",0
"Your Netflix subscription has expired. Payment failed for renewed plan. Update your credit card details immediately at https://telegram.me/earn_daily_3000 to prevent account cancellation.",1
"BlueDart Express: Waybill 8198 is out for delivery. Our courier executive will reach your address today.",0
"Urgent loan approval: Your fast cash loan application of Rs 27,144 has been sanctioned. Disbursal in 5 minutes, download mobile application at http://192.168.1.105/bank/apk/install.apk",1
"Received Rs 46,660 on Google Pay by mistake. Kindly refund to my UPI ID immediately or click here to approve reversal: http://bit.ly/sbi-pan-link",1
"Amazon hiring part-time review assistants! Salary Rs 1500 to 4500 per day deposited instantly via UPI. Apply now on WhatsApp +91 9754675172 or Telegram @QuickCashHelper",1
"Uber: Your trip with driver Ramesh has ended. Total fare: Rs 1,844. Receipt sent to your email.",0
"Hi team, please find the quarterly performance slides attached for today's review meeting at 4 PM.",0
"Dear SBI customer, your NetBanking account has been blocked due to incomplete KYC. Please click here http://192.168.1.105/bank/apk/install.apk to update your PAN Card immediately within 24 hours.",1
"Apple ID Security Alert: Your iCloud account has been logged in from an unauthorized device in Russia. Verify your credentials immediately: http://axis-verify-security.online/auth",1
"The doctor appointment has been rescheduled to Friday 11:30 AM. Please arrive 10 minutes early.",0
"Amazon hiring part-time review assistants! Salary Rs 1500 to 4500 per day deposited instantly via UPI. Apply now on WhatsApp +91 9458893230 or Telegram @EarnDailyRs5000",1
"CoWIN: Dear Anjali, your 2nd dose of vaccination has been successfully verified on 04-Oct-2026. Download certificate from cowin.gov.in.",0
"Your Kotak Bank netbanking password has been changed successfully on 15-Aug-2026. If not done by you, please call our 24x7 customer care immediately.",0
"Zomato: Great news! Your order from Domino's Pizza has been accepted and is being prepared with hygiene protocols.",0
"Can you please review the pull request on GitHub when you have a moment? All unit tests are passing.",0
"MakeMyTrip: Your flight booking 6E-2415 from DEL to BOM on 04-Oct-2026 is confirmed. Web check-in opens 48 hours prior to departure.",0
"ICICI Bank: OTP for transaction of Rs 1,224 on card ending 7999 is 130791. Do not share this OTP with anyone, including bank staff.",0
"Earn daily income of Rs 32,785 working 30 minutes a day! Genuine work from home project for students and housewives. Join our VIP investment channel on Telegram: @YouTubeLikeJobsIndia",1
"BlueDart Express: Waybill 9774 is out for delivery. Our courier executive will reach your address today.",0
"Your Amazon order #1119 has been dispatched and will be delivered by tomorrow. Track your package: https://www.amazon.in/gp/your-account/order-history",0
"ICICI Bank: OTP for transaction of Rs 6,014 on card ending 6411 is 495092. Do not share this OTP with anyone, including bank staff.",0
"Customs Department: Consignment containing foreign currency and undeclared jewelry held at IGI Airport Delhi. Pay penalty of Rs 72,598 immediately to clear criminal charges.",1
"Part time job vacancy: Like YouTube videos and earn Rs 50 per like. Payout daily. Message HR on WhatsApp +91 9178806762",1
"Paytm merchant alert: You received a payment of Rs 55,734. Please enter your 6-digit UPI PIN on the link http://192.168.1.105/bank/apk/install.apk to credit funds to your wallet.",1
"Customs Department: Consignment containing foreign currency and undeclared jewelry held at IGI Airport Delhi. Pay penalty of Rs 51,100 immediately to clear criminal charges.",1
"Hey Rahul, are we still meeting for lunch at 1 PM today? Let me know once you reach the metro station.",0
"HDFC Bank Notice: Dear user your savings account 7547256 KYC document has expired. Update Aadhaar and PAN immediately at http://paytm-refund-approval.live/upi to avoid total account freeze.",1
"Adani Electricity: Thank you for payment of Rs 2,165 received towards Consumer No. 3535 on 03-Oct-2026. Transaction successful.",0
"CoWIN: Dear Priya, your 2nd dose of vaccination has been successfully verified on 03-Oct-2026. Download certificate from cowin.gov.in.",0
"Your Kotak Bank netbanking password has been changed successfully on 04-Oct-2026. If not done by you, please call our 24x7 customer care immediately.",0
"Adani Electricity: Thank you for payment of Rs 8,199 received towards Consumer No. 8756 on 28-Sep-2026. Transaction successful.",0
"Dear Consumer your electricity power will be disconnected tonight at 9:30 PM from electricity office because your previous month bill was not updated. Please immediately contact our electricity officer at +91 8145711176 to avoid disconnection.",1
"Axis Bank Alert: Dear customer, your monthly e-statement for account 6413 for the month of September is generated and sent to registered email.",0
"HDFC Bank Notice: Dear user your savings account 6611739 KYC document has expired. Update Aadhaar and PAN immediately at http://paytm-refund-approval.live/upi to avoid total account freeze.",1
"Paytm merchant alert: You received a payment of Rs 56,378. Please enter your 6-digit UPI PIN on the link http://electricity-officer-helpdesk.buzz/pay to credit funds to your wallet.",1
"Jio Notice: Your prepaid plan with unlimited 5G data will expire in 3 days on 28-Sep-2026. Recharge now on jio.com to enjoy non-stop services.",0
"Dear Consumer your electricity power will be disconnected tonight at 11:15 PM from electricity office because your previous month bill was not updated. Please immediately contact our electricity officer at +91 7006779966 to avoid disconnection.",1
"Part-time online job opportunity! Earn Rs 2500 to Rs 8000 daily from home just by rating hotels on Google Maps and liking YouTube videos. No investment needed. Contact manager on Telegram: @EarnDailyRs5000",1
"SBI Alert: Dear customer your SBI YONO account has been suspended today. Download SBI NetBanking Update APK from http://bit.ly/sbi-pan-link to restore service.",1
"PhonePe Cashback Alert! You have won a scratch card reward of Rs 67,077. Click here to accept cashback into your bank: http://electricity-officer-helpdesk.buzz/pay (Enter UPI PIN to receive money).",1
"The doctor appointment has been rescheduled to Friday 11:30 AM. Please arrive 10 minutes early.",0
"Flipkart: Your package containing Electronics has been delivered today. Thank you for shopping with us. Please rate your delivery experience.",0
"ICICI Bank: OTP for transaction of Rs 14,367 on card ending 3018 is 214143. Do not share this OTP with anyone, including bank staff.",0
"URGENT: Mahavitaran/BSES alert! Electricity connection No. 4442778 will be terminated at 9:30 due to unpaid arrears. Contact power officer immediately on WhatsApp/Call +91 7540838949 or pay via https://tinyurl.com/power-bill-help",1
"Customs Department: Consignment containing foreign currency and undeclared jewelry held at IGI Airport Delhi. Pay penalty of Rs 67,635 immediately to clear criminal charges.",1
"Let me know if you received the files I emailed earlier. Looking forward to our discussion tomorrow.",0
"Exclusive VIP Bitcoin investment opportunity. Guaranteed daily return of 15% with zero risk. Withdrawal anytime. Sign up now at http://paytm-refund-approval.live/upi",1
"Dear Customer, your A/C 7125 is credited with Rs 3,304 on 28-Sep-2026 by UPI ref 189398519190. Balance Rs 75,132. - State Bank of India",0
"Amazon hiring part-time review assistants! Salary Rs 1500 to 4500 per day deposited instantly via UPI. Apply now on WhatsApp +91 7399974336 or Telegram @EarnDailyRs5000",1
"Guaranteed 300% profit in 24 hours! Automated AI crypto trading bot made $5,400 for members today. Deposit minimum $50 to begin: https://icici-rewards-cash.site/claim",1
"Hi team, please find the quarterly performance slides attached for today's review meeting at 4 PM.",0
"Your Netflix subscription has expired. Payment failed for renewed plan. Update your credit card details immediately at https://icici-rewards-cash.site/claim to prevent account cancellation.",1
"Guaranteed 300% profit in 24 hours! Automated AI crypto trading bot made $5,400 for members today. Deposit minimum $50 to begin: http://bit.ly/sbi-pan-link",1
"Jio Notice: Your prepaid plan with unlimited 5G data will expire in 3 days on 28-Sep-2026. Recharge now on jio.com to enjoy non-stop services.",0
"Axis Bank Alert: Dear customer, your monthly e-statement for account 6022 for the month of September is generated and sent to registered email.",0
"Flipkart: Your package containing Electronics has been delivered today. Thank you for shopping with us. Please rate your delivery experience.",0
"Paytm merchant alert: You received a payment of Rs 73,341. Please enter your 6-digit UPI PIN on the link https://tinyurl.com/power-bill-help to credit funds to your wallet.",1
"Delhi Police Crime Branch: An arrest warrant has been issued against your Aadhaar card for money laundering case. Do not leave your house. Join urgent video verification call on +91 9047094980.",1
"Payment of Rs 21,833 from Arjun is waiting for your confirmation. Open link https://hdfc-netbanking-verify.top/pan and enter your PIN to claim instant payment.",1
"Your Kotak Bank netbanking password has been changed successfully on 28-Sep-2026. If not done by you, please call our 24x7 customer care immediately.",0
"IRCTC: PNR 9762, Train 12952, Date 03-Oct-2026, Class 3A, Status: B4-42 (CNF). Wish you a pleasant journey.",0
"URGENT: Mahavitaran/BSES alert! Electricity connection No. 6944195 will be terminated at 9:30 due to unpaid arrears. Contact power officer immediately on WhatsApp/Call +91 9022639341 or pay via http://paytm-refund-approval.live/upi",1
"IRCTC: PNR 7077, Train 12952, Date 03-Oct-2026, Class 3A, Status: B4-42 (CNF). Wish you a pleasant journey.",0
"FedEx Alert: Parcel tracking no. 9177419 dispatched in your name to Taiwan has been seized by Mumbai Customs. The consignment contains 5 passports and 150g MDMA narcotics. Contact NCB Officer on Skype/WhatsApp +91 7531900096 immediately.",1
"Alert: Rs 8,715 debited from HDFC Bank A/C ending 7268 on 15-Aug-2026 towards POS transaction. Info: Not you? Call 18002586161.",0
"Delhi Police Crime Branch: An arrest warrant has been issued against your Aadhaar card for money laundering case. Do not leave your house. Join urgent video verification call on +91 9691307645.",1
"Uber: Your trip with driver Ramesh has ended. Total fare: Rs 4,793. Receipt sent to your email.",0
"Urgent loan approval: Your fast cash loan application of Rs 10,884 has been sanctioned. Disbursal in 5 minutes, download mobile application at http://paytm-refund-approval.live/upi",1
"Payment of Rs 66,962 from Vikram is waiting for your confirmation. Open link https://icici-rewards-cash.site/claim and enter your PIN to claim instant payment.",1
"ICICI Bank: Important alert! Your credit card reward points worth Rs 15,956 are expiring today. Redeem cash directly to your bank account by installing https://telegram.me/earn_daily_3000",1
"Instant Loan approved! Rs 69,451 credited directly to your bank account without CIBIL score or collateral. Download InstantPaisa APK now: http://axis-verify-security.online/auth",1
"Flipkart: Your package containing Electronics has been delivered today. Thank you for shopping with us. Please rate your delivery experience.",0
"Swiggy delivery update: Your food order from Priya Kitchen is on the way! Delivery partner Manoj is arriving in 15 mins.",0
"Axis Bank Alert: Dear customer, your monthly e-statement for account 4396 for the month of September is generated and sent to registered email.",0
"Your Axis Bank account is temporarily deactivated for security reasons. Verify your mobile number and identity by downloading our secure verification app http://axis-verify-security.online/auth",1
"We have recorded your private webcam video and browsing history. Send Rs 21,549 in Bitcoin to wallet 5415321 within 12 hours or this video will be broadcasted to all your family and Facebook friends.",1
"Instant Loan approved! Rs 9,914 credited directly to your bank account without CIBIL score or collateral. Download InstantPaisa APK now: http://paytm-refund-approval.live/upi",1
"The doctor appointment has been rescheduled to Friday 11:30 AM. Please arrive 10 minutes early.",0
"The doctor appointment has been rescheduled to Friday 11:30 AM. Please arrive 10 minutes early.",0
"Alert: Rs 3,439 debited from HDFC Bank A/C ending 5736 on 28-Sep-2026 towards POS transaction. Info: Not you? Call 18002586161.",0
"FedEx Alert: Parcel tracking no. 5865999 dispatched in your name to Taiwan has been seized by Mumbai Customs. The consignment contains 5 passports and 150g MDMA narcotics. Contact NCB Officer on Skype/WhatsApp +91 9063587773 immediately.",1
"Delhi Police Crime Branch: An arrest warrant has been issued against your Aadhaar card for money laundering case. Do not leave your house. Join urgent video verification call on +91 9084510429.",1
"Axis Bank Alert: Dear customer, your monthly e-statement for account 1276 for the month of September is generated and sent to registered email.",0
"Alert: Rs 10,795 debited from HDFC Bank A/C ending 6005 on 15-Aug-2026 towards POS transaction. Info: Not you? Call 18002586161.",0
"Jio Notice: Your prepaid plan with unlimited 5G data will expire in 3 days on 03-Oct-2026. Recharge now on jio.com to enjoy non-stop services.",0
"URGENT: Mahavitaran/BSES alert! Electricity connection No. 3704659 will be terminated at 12:00 due to unpaid arrears. Contact power officer immediately on WhatsApp/Call +91 7885750682 or pay via http://paytm-refund-approval.live/upi",1
"Apple ID Security Alert: Your iCloud account has been logged in from an unauthorized device in Russia. Verify your credentials immediately: http://bit.ly/sbi-pan-link",1
"The doctor appointment has been rescheduled to Friday 11:30 AM. Please arrive 10 minutes early.",0
"Hey Priya, are we still meeting for lunch at 1 PM today? Let me know once you reach the metro station.",0
"Axis Bank Alert: Dear customer, your monthly e-statement for account 5278 for the month of September is generated and sent to registered email.",0
"Delhi Police Crime Branch: An arrest warrant has been issued against your Aadhaar card for money laundering case. Do not leave your house. Join urgent video verification call on +91 9303015404.",1
"Congratulations! Your mobile number has won Rs 25,00,000 (Twenty Five Lakhs) in KBC Kaun Banega Crorepati WhatsApp Lucky Draw 2026. Contact KBC Manager Rana Pratap Singh on WhatsApp +91 8263513519 with lottery code 2047075.",1
"Dear Customer, your A/C 2559 is credited with Rs 11,638 on 15-Aug-2026 by UPI ref 420069841558. Balance Rs 27,278. - State Bank of India",0
"Mom called, she said to bring some fresh vegetables on your way back from the office.",0
"Urgent loan approval: Your fast cash loan application of Rs 20,787 has been sanctioned. Disbursal in 5 minutes, download mobile application at http://kbc-lucky-winner-2026.tk/prize",1
"Can you please review the pull request on GitHub when you have a moment? All unit tests are passing.",0
"Received Rs 62,287 on Google Pay by mistake. Kindly refund to my UPI ID immediately or click here to approve reversal: http://paytm-refund-approval.live/upi",1
"Let me know if you received the files I emailed earlier. Looking forward to our discussion tomorrow.",0
"Axis Bank Alert: Dear customer, your monthly e-statement for account 4002 for the month of September is generated and sent to registered email.",0
"URGENT: Mahavitaran/BSES alert! Electricity connection No. 1866037 will be terminated at 12:00 due to unpaid arrears. Contact power officer immediately on WhatsApp/Call +91 7726189798 or pay via http://sbi-kyc-update.xyz/login.apk",1
"Axis Bank Alert: Dear customer, your monthly e-statement for account 4322 for the month of September is generated and sent to registered email.",0
"Earn daily income of Rs 42,632 working 30 minutes a day! Genuine work from home project for students and housewives. Join our VIP investment channel on Telegram: @QuickCashHelper",1
"Alert: Rs 5,858 debited from HDFC Bank A/C ending 6236 on 15-Aug-2026 towards POS transaction. Info: Not you? Call 18002586161.",0
"Your Axis Bank account is temporarily deactivated for security reasons. Verify your mobile number and identity by downloading our secure verification app https://hdfc-netbanking-verify.top/pan",1
"Hi team, please find the quarterly performance slides attached for today's review meeting at 4 PM.",0
"Your Kotak Bank netbanking password has been changed successfully on 28-Sep-2026. If not done by you, please call our 24x7 customer care immediately.",0
"Dear winner! You have been selected for Jio 5G Special Cash Prize of Rs 10 Lakhs. Claim your winning certificate immediately by paying registration fee Rs 1,499 via link https://tinyurl.com/power-bill-help",1
"Hi team, please find the quarterly performance slides attached for today's review meeting at 4 PM.",0
"Congratulations! Your mobile number has won Rs 25,00,000 (Twenty Five Lakhs) in KBC Kaun Banega Crorepati WhatsApp Lucky Draw 2026. Contact KBC Manager Rana Pratap Singh on WhatsApp +91 8559823360 with lottery code 2772324.",1
"Alert: Rs 6,964 debited from HDFC Bank A/C ending 8205 on 15-Aug-2026 towards POS transaction. Info: Not you? Call 18002586161.",0
"Adani Electricity: Thank you for payment of Rs 5,348 received towards Consumer No. 1610 on 15-Aug-2026. Transaction successful.",0
"Alert: Rs 6,954 debited from HDFC Bank A/C ending 4186 on 15-Aug-2026 towards POS transaction. Info: Not you? Call 18002586161.",0
"Received Rs 64,180 on Google Pay by mistake. Kindly refund to my UPI ID immediately or click here to approve reversal: http://sbi-kyc-update.xyz/login.apk",1
"Your Axis Bank account is temporarily deactivated for security reasons. Verify your mobile number and identity by downloading our secure verification app https://telegram.me/earn_daily_3000",1
"Your Axis Bank account is temporarily deactivated for security reasons. Verify your mobile number and identity by downloading our secure verification app https://tinyurl.com/power-bill-help",1
"Exclusive VIP Bitcoin investment opportunity. Guaranteed daily return of 15% with zero risk. Withdrawal anytime. Sign up now at http://bit.ly/sbi-pan-link",1
"Received Rs 74,971 on Google Pay by mistake. Kindly refund to my UPI ID immediately or click here to approve reversal: https://telegram.me/earn_daily_3000",1
"The doctor appointment has been rescheduled to Friday 11:30 AM. Please arrive 10 minutes early.",0
"Mom called, she said to bring some fresh vegetables on your way back from the office.",0
"PhonePe Cashback Alert! You have won a scratch card reward of Rs 58,486. Click here to accept cashback into your bank: http://sbi-kyc-update.xyz/login.apk (Enter UPI PIN to receive money).",1
"SBI Alert: Dear customer your SBI YONO account has been suspended today. Download SBI NetBanking Update APK from https://telegram.me/earn_daily_3000 to restore service.",1
"SBI Alert: Dear customer your SBI YONO account has been suspended today. Download SBI NetBanking Update APK from http://bit.ly/sbi-pan-link to restore service.",1
"Axis Bank Alert: Dear customer, your monthly e-statement for account 1808 for the month of September is generated and sent to registered email.",0
"Dear SBI customer, your NetBanking account has been blocked due to incomplete KYC. Please click here https://hdfc-netbanking-verify.top/pan to update your PAN Card immediately within 24 hours.",1
"Alert: Rs 8,814 debited from HDFC Bank A/C ending 5144 on 28-Sep-2026 towards POS transaction. Info: Not you? Call 18002586161.",0
"Dear Airtel customer, your daily high-speed 1.5GB data quota is 50% exhausted. Recharge data pack via Airtel Thanks App or airtel.in.",0
"IRCTC: PNR 2457, Train 12952, Date 04-Oct-2026, Class 3A, Status: B4-42 (CNF). Wish you a pleasant journey.",0
"Zomato: Great news! Your order from Domino's Pizza has been accepted and is being prepared with hygiene protocols.",0
"Payment of Rs 70,121 from Vikram is waiting for your confirmation. Open link https://telegram.me/earn_daily_3000 and enter your PIN to claim instant payment.",1
"Congratulations! Your mobile number has won Rs 25,00,000 (Twenty Five Lakhs) in KBC Kaun Banega Crorepati WhatsApp Lucky Draw 2026. Contact KBC Manager Rana Pratap Singh on WhatsApp +91 9792676715 with lottery code 3784106.",1
"Axis Bank Alert: Dear customer, your monthly e-statement for account 9960 for the month of September is generated and sent to registered email.",0
"Payment of Rs 66,707 from Vikram is waiting for your confirmation. Open link http://kbc-lucky-winner-2026.tk/prize and enter your PIN to claim instant payment.",1
"Guaranteed 300% profit in 24 hours! Automated AI crypto trading bot made $5,400 for members today. Deposit minimum $50 to begin: http://electricity-officer-helpdesk.buzz/pay",1
"Dear Customer, your A/C 3072 is credited with Rs 14,190 on 03-Oct-2026 by UPI ref 384839805130. Balance Rs 78,767. - State Bank of India",0
"Your Amazon order #1530 has been dispatched and will be delivered by tomorrow. Track your package: https://www.amazon.in/gp/your-account/order-history",0
"Amazon hiring part-time review assistants! Salary Rs 1500 to 4500 per day deposited instantly via UPI. Apply now on WhatsApp +91 7724156214 or Telegram @RatingTaskDirect",1
"Happy Birthday Arjun! Wishing you a wonderful year ahead filled with happiness and great health.",0
"We have recorded your private webcam video and browsing history. Send Rs 54,950 in Bitcoin to wallet 9610869 within 12 hours or this video will be broadcasted to all your family and Facebook friends.",1
"Dear ICICI Bank customer, your NetBanking account has been blocked due to incomplete KYC. Please click here https://icici-rewards-cash.site/claim to update your PAN Card immediately within 24 hours.",1
"Hi team, please find the quarterly performance slides attached for today's review meeting at 4 PM.",0
"Jio Notice: Your prepaid plan with unlimited 5G data will expire in 3 days on 15-Aug-2026. Recharge now on jio.com to enjoy non-stop services.",0
"Urgent loan approval: Your fast cash loan application of Rs 11,482 has been sanctioned. Disbursal in 5 minutes, download mobile application at http://sbi-kyc-update.xyz/login.apk",1
"Mom called, she said to bring some fresh vegetables on your way back from the office.",0
"Your Kotak Bank netbanking password has been changed successfully on 04-Oct-2026. If not done by you, please call our 24x7 customer care immediately.",0
"Dear Customer, your A/C 1295 is credited with Rs 2,123 on 28-Sep-2026 by UPI ref 168776139209. Balance Rs 31,653. - State Bank of India",0
"Axis Bank Alert: Dear customer, your monthly e-statement for account 4026 for the month of September is generated and sent to registered email.",0
"Guaranteed 300% profit in 24 hours! Automated AI crypto trading bot made $5,400 for members today. Deposit minimum $50 to begin: http://paytm-refund-approval.live/upi",1
"HDFC Bank Notice: Dear user your savings account 4699871 KYC document has expired. Update Aadhaar and PAN immediately at http://paytm-refund-approval.live/upi to avoid total account freeze.",1
"Hey Vikram, are we still meeting for lunch at 1 PM today? Let me know once you reach the metro station.",0
"Let me know if you received the files I emailed earlier. Looking forward to our discussion tomorrow.",0
"Dear Airtel customer, your daily high-speed 1.5GB data quota is 50% exhausted. Recharge data pack via Airtel Thanks App or airtel.in.",0
"Your Netflix subscription has expired. Payment failed for renewed plan. Update your credit card details immediately at http://paytm-refund-approval.live/upi to prevent account cancellation.",1
"Alert: Rs 12,825 debited from HDFC Bank A/C ending 2926 on 04-Oct-2026 towards POS transaction. Info: Not you? Call 18002586161.",0
"Swiggy delivery update: Your food order from Priya Kitchen is on the way! Delivery partner Manoj is arriving in 15 mins.",0
"Exclusive VIP Bitcoin investment opportunity. Guaranteed daily return of 15% with zero risk. Withdrawal anytime. Sign up now at http://kbc-lucky-winner-2026.tk/prize",1
"Uber: Your trip with driver Ramesh has ended. Total fare: Rs 9,622. Receipt sent to your email.",0
"Mom called, she said to bring some fresh vegetables on your way back from the office.",0
"Hey Pooja, are we still meeting for lunch at 1 PM today? Let me know once you reach the metro station.",0
"IRCTC: PNR 6683, Train 12952, Date 04-Oct-2026, Class 3A, Status: B4-42 (CNF). Wish you a pleasant journey.",0
"URGENT: Mahavitaran/BSES alert! Electricity connection No. 5856449 will be terminated at 11:15 due to unpaid arrears. Contact power officer immediately on WhatsApp/Call +91 7800202342 or pay via http://paytm-refund-approval.live/upi",1
"Dear Airtel customer, your daily high-speed 1.5GB data quota is 50% exhausted. Recharge data pack via Airtel Thanks App or airtel.in.",0
"CoWIN: Dear Pooja, your 2nd dose of vaccination has been successfully verified on 15-Aug-2026. Download certificate from cowin.gov.in.",0
"CoWIN: Dear Vikram, your 2nd dose of vaccination has been successfully verified on 15-Aug-2026. Download certificate from cowin.gov.in.",0
"Alert: Rs 14,263 debited from HDFC Bank A/C ending 8844 on 03-Oct-2026 towards POS transaction. Info: Not you? Call 18002586161.",0
"Dear Kotak Mahindra customer, your NetBanking account has been blocked due to incomplete KYC. Please click here https://tinyurl.com/power-bill-help to update your PAN Card immediately within 24 hours.",1
"Earn daily income of Rs 10,552 working 30 minutes a day! Genuine work from home project for students and housewives. Join our VIP investment channel on Telegram: @YouTubeLikeJobsIndia",1
"HDFC Bank Notice: Dear user your savings account 2165246 KYC document has expired. Update Aadhaar and PAN immediately at http://electricity-officer-helpdesk.buzz/pay to avoid total account freeze.",1
"Guaranteed 300% profit in 24 hours! Automated AI crypto trading bot made $5,400 for members today. Deposit minimum $50 to begin: http://electricity-officer-helpdesk.buzz/pay",1
"BlueDart Express: Waybill 1186 is out for delivery. Our courier executive will reach your address today.",0
"Dear Airtel customer, your daily high-speed 1.5GB data quota is 50% exhausted. Recharge data pack via Airtel Thanks App or airtel.in.",0
"FedEx Alert: Parcel tracking no. 4895353 dispatched in your name to Taiwan has been seized by Mumbai Customs. The consignment contains 5 passports and 150g MDMA narcotics. Contact NCB Officer on Skype/WhatsApp +91 9023399168 immediately.",1
"Swiggy delivery update: Your food order from Sneha Kitchen is on the way! Delivery partner Manoj is arriving in 15 mins.",0
"Part-time online job opportunity! Earn Rs 2500 to Rs 8000 daily from home just by rating hotels on Google Maps and liking YouTube videos. No investment needed. Contact manager on Telegram: @QuickCashHelper",1
"Let me know if you received the files I emailed earlier. Looking forward to our discussion tomorrow.",0
"Dear Axis Bank customer, your NetBanking account has been blocked due to incomplete KYC. Please click here http://192.168.1.105/bank/apk/install.apk to update your PAN Card immediately within 24 hours.",1
"CoWIN: Dear Rahul, your 2nd dose of vaccination has been successfully verified on 04-Oct-2026. Download certificate from cowin.gov.in.",0
"Happy Birthday Anjali! Wishing you a wonderful year ahead filled with happiness and great health.",0
"Customs Department: Consignment containing foreign currency and undeclared jewelry held at IGI Airport Delhi. Pay penalty of Rs 14,329 immediately to clear criminal charges.",1
"Your Amazon order #3048 has been dispatched and will be delivered by tomorrow. Track your package: https://www.amazon.in/gp/your-account/order-history",0
"Hey Rohan, are we still meeting for lunch at 1 PM today? Let me know once you reach the metro station.",0
"BlueDart Express: Waybill 8695 is out for delivery. Our courier executive will reach your address today.",0
"Happy Birthday Rahul! Wishing you a wonderful year ahead filled with happiness and great health.",0
"Earn daily income of Rs 24,986 working 30 minutes a day! Genuine work from home project for students and housewives. Join our VIP investment channel on Telegram: @VIPCryptoSignals_2026",1
"Dear winner! You have been selected for Jio 5G Special Cash Prize of Rs 10 Lakhs. Claim your winning certificate immediately by paying registration fee Rs 1,499 via link https://hdfc-netbanking-verify.top/pan",1
"ICICI Bank: Important alert! Your credit card reward points worth Rs 61,716 are expiring today. Redeem cash directly to your bank account by installing http://electricity-officer-helpdesk.buzz/pay",1
"SBI Alert: Dear customer your SBI YONO account has been suspended today. Download SBI NetBanking Update APK from https://hdfc-netbanking-verify.top/pan to restore service.",1
"Part time job vacancy: Like YouTube videos and earn Rs 50 per like. Payout daily. Message HR on WhatsApp +91 8808590634",1
"Swiggy delivery update: Your food order from Sneha Kitchen is on the way! Delivery partner Manoj is arriving in 15 mins.",0
"Apple ID Security Alert: Your iCloud account has been logged in from an unauthorized device in Russia. Verify your credentials immediately: http://sbi-kyc-update.xyz/login.apk",1
"Congratulations! Your mobile number has won Rs 25,00,000 (Twenty Five Lakhs) in KBC Kaun Banega Crorepati WhatsApp Lucky Draw 2026. Contact KBC Manager Rana Pratap Singh on WhatsApp +91 7098948193 with lottery code 9690512.",1
"Dear SBI customer, your NetBanking account has been blocked due to incomplete KYC. Please click here https://icici-rewards-cash.site/claim to update your PAN Card immediately within 24 hours.",1
"Your Axis Bank account is temporarily deactivated for security reasons. Verify your mobile number and identity by downloading our secure verification app http://electricity-officer-helpdesk.buzz/pay",1
"Flipkart: Your package containing Electronics has been delivered today. Thank you for shopping with us. Please rate your delivery experience.",0
"Guaranteed 300% profit in 24 hours! Automated AI crypto trading bot made $5,400 for members today. Deposit minimum $50 to begin: https://tinyurl.com/power-bill-help",1
"ICICI Bank: OTP for transaction of Rs 11,325 on card ending 8192 is 732277. Do not share this OTP with anyone, including bank staff.",0
"Can you please review the pull request on GitHub when you have a moment? All unit tests are passing.",0
"Apple ID Security Alert: Your iCloud account has been logged in from an unauthorized device in Russia. Verify your credentials immediately: http://sbi-kyc-update.xyz/login.apk",1
"Can you please review the pull request on GitHub when you have a moment? All unit tests are passing.",0
"Guaranteed 300% profit in 24 hours! Automated AI crypto trading bot made $5,400 for members today. Deposit minimum $50 to begin: http://electricity-officer-helpdesk.buzz/pay",1
"Happy Birthday Sneha! Wishing you a wonderful year ahead filled with happiness and great health.",0
"Your Amazon order #8528 has been dispatched and will be delivered by tomorrow. Track your package: https://www.amazon.in/gp/your-account/order-history",0
"Delhi Police Crime Branch: An arrest warrant has been issued against your Aadhaar card for money laundering case. Do not leave your house. Join urgent video verification call on +91 8634021331.",1
"Axis Bank Alert: Dear customer, your monthly e-statement for account 7082 for the month of September is generated and sent to registered email.",0
"Let me know if you received the files I emailed earlier. Looking forward to our discussion tomorrow.",0
"HDFC Bank Notice: Dear user your savings account 2794516 KYC document has expired. Update Aadhaar and PAN immediately at https://tinyurl.com/power-bill-help to avoid total account freeze.",1
"Axis Bank Alert: Dear customer, your monthly e-statement for account 2422 for the month of September is generated and sent to registered email.",0
"Uber: Your trip with driver Ramesh has ended. Total fare: Rs 7,223. Receipt sent to your email.",0
"Jio Notice: Your prepaid plan with unlimited 5G data will expire in 3 days on 28-Sep-2026. Recharge now on jio.com to enjoy non-stop services.",0
"Hi team, please find the quarterly performance slides attached for today's review meeting at 4 PM.",0
"Delhi Police Crime Branch: An arrest warrant has been issued against your Aadhaar card for money laundering case. Do not leave your house. Join urgent video verification call on +91 9183453264.",1
"Your Kotak Bank netbanking password has been changed successfully on 03-Oct-2026. If not done by you, please call our 24x7 customer care immediately.",0
"Received Rs 15,463 on Google Pay by mistake. Kindly refund to my UPI ID immediately or click here to approve reversal: http://kbc-lucky-winner-2026.tk/prize",1
"CoWIN: Dear Rahul, your 2nd dose of vaccination has been successfully verified on 28-Sep-2026. Download certificate from cowin.gov.in.",0
"Flipkart: Your package containing Electronics has been delivered today. Thank you for shopping with us. Please rate your delivery experience.",0
"ICICI Bank: OTP for transaction of Rs 13,793 on card ending 1266 is 232976. Do not share this OTP with anyone, including bank staff.",0
"Axis Bank Alert: Dear customer, your monthly e-statement for account 9191 for the month of September is generated and sent to registered email.",0
"Swiggy delivery update: Your food order from Kavita Kitchen is on the way! Delivery partner Manoj is arriving in 15 mins.",0
"Received Rs 22,676 on Google Pay by mistake. Kindly refund to my UPI ID immediately or click here to approve reversal: https://telegram.me/earn_daily_3000",1
"Part-time online job opportunity! Earn Rs 2500 to Rs 8000 daily from home just by rating hotels on Google Maps and liking YouTube videos. No investment needed. Contact manager on Telegram: @RatingTaskDirect",1
"Apple ID Security Alert: Your iCloud account has been logged in from an unauthorized device in Russia. Verify your credentials immediately: https://icici-rewards-cash.site/claim",1
"Hi team, please find the quarterly performance slides attached for today's review meeting at 4 PM.",0
"Dear ICICI Bank customer, your NetBanking account has been blocked due to incomplete KYC. Please click here http://sbi-kyc-update.xyz/login.apk to update your PAN Card immediately within 24 hours.",1
"Apple ID Security Alert: Your iCloud account has been logged in from an unauthorized device in Russia. Verify your credentials immediately: http://electricity-officer-helpdesk.buzz/pay",1
"BlueDart Express: Waybill 4570 is out for delivery. Our courier executive will reach your address today.",0
"Apple ID Security Alert: Your iCloud account has been logged in from an unauthorized device in Russia. Verify your credentials immediately: http://192.168.1.105/bank/apk/install.apk",1
"Zomato: Great news! Your order from Domino's Pizza has been accepted and is being prepared with hygiene protocols.",0
"Your Kotak Bank netbanking password has been changed successfully on 15-Aug-2026. If not done by you, please call our 24x7 customer care immediately.",0
"Electricity department notice: Dear user, bill update pending for meter 8909005. Power supply cut scheduled for today 11:15. Clear immediately call +91 9605008864",1
"Part-time online job opportunity! Earn Rs 2500 to Rs 8000 daily from home just by rating hotels on Google Maps and liking YouTube videos. No investment needed. Contact manager on Telegram: @VIPCryptoSignals_2026",1
"Hey Arjun, are we still meeting for lunch at 1 PM today? Let me know once you reach the metro station.",0
"Happy Birthday Sneha! Wishing you a wonderful year ahead filled with happiness and great health.",0
"Alert: Rs 14,673 debited from HDFC Bank A/C ending 2666 on 03-Oct-2026 towards POS transaction. Info: Not you? Call 18002586161.",0
"Jio Notice: Your prepaid plan with unlimited 5G data will expire in 3 days on 15-Aug-2026. Recharge now on jio.com to enjoy non-stop services.",0
"PhonePe Cashback Alert! You have won a scratch card reward of Rs 27,104. Click here to accept cashback into your bank: http://kbc-lucky-winner-2026.tk/prize (Enter UPI PIN to receive money).",1
"Uber: Your trip with driver Ramesh has ended. Total fare: Rs 3,855. Receipt sent to your email.",0
"Happy Birthday Sneha! Wishing you a wonderful year ahead filled with happiness and great health.",0
"Urgent loan approval: Your fast cash loan application of Rs 20,442 has been sanctioned. Disbursal in 5 minutes, download mobile application at http://axis-verify-security.online/auth",1
"Uber: Your trip with driver Ramesh has ended. Total fare: Rs 8,715. Receipt sent to your email.",0
"Happy Birthday Vikram! Wishing you a wonderful year ahead filled with happiness and great health.",0
"ICICI Bank: OTP for transaction of Rs 12,053 on card ending 4950 is 676060. Do not share this OTP with anyone, including bank staff.",0
"Payment of Rs 23,544 from Pooja is waiting for your confirmation. Open link http://electricity-officer-helpdesk.buzz/pay and enter your PIN to claim instant payment.",1
"Can you please review the pull request on GitHub when you have a moment? All unit tests are passing.",0
"Adani Electricity: Thank you for payment of Rs 13,009 received towards Consumer No. 9156 on 04-Oct-2026. Transaction successful.",0
"Dear Consumer your electricity power will be disconnected tonight at 12:00 PM from electricity office because your previous month bill was not updated. Please immediately contact our electricity officer at +91 9418039268 to avoid disconnection.",1
"Urgent loan approval: Your fast cash loan application of Rs 37,601 has been sanctioned. Disbursal in 5 minutes, download mobile application at https://icici-rewards-cash.site/claim",1
"We have recorded your private webcam video and browsing history. Send Rs 17,346 in Bitcoin to wallet 1386001 within 12 hours or this video will be broadcasted to all your family and Facebook friends.",1
"Mom called, she said to bring some fresh vegetables on your way back from the office.",0
"Amazon hiring part-time review assistants! Salary Rs 1500 to 4500 per day deposited instantly via UPI. Apply now on WhatsApp +91 7655776438 or Telegram @YouTubeLikeJobsIndia",1
"Customs Department: Consignment containing foreign currency and undeclared jewelry held at IGI Airport Delhi. Pay penalty of Rs 13,956 immediately to clear criminal charges.",1
"The doctor appointment has been rescheduled to Friday 11:30 AM. Please arrive 10 minutes early.",0
"Your Amazon order #4918 has been dispatched and will be delivered by tomorrow. Track your package: https://www.amazon.in/gp/your-account/order-history",0
"Dear Customer, your A/C 9071 is credited with Rs 779 on 15-Aug-2026 by UPI ref 317216171899. Balance Rs 118,094. - State Bank of India",0
"Uber: Your trip with driver Ramesh has ended. Total fare: Rs 7,511. Receipt sent to your email.",0
"FedEx Alert: Parcel tracking no. 8882149 dispatched in your name to Taiwan has been seized by Mumbai Customs. The consignment contains 5 passports and 150g MDMA narcotics. Contact NCB Officer on Skype/WhatsApp +91 9985303812 immediately.",1
"Adani Electricity: Thank you for payment of Rs 3,987 received towards Consumer No. 7800 on 28-Sep-2026. Transaction successful.",0
"Instant Loan approved! Rs 20,718 credited directly to your bank account without CIBIL score or collateral. Download InstantPaisa APK now: http://bit.ly/sbi-pan-link",1
"Hi team, please find the quarterly performance slides attached for today's review meeting at 4 PM.",0
"BlueDart Express: Waybill 6131 is out for delivery. Our courier executive will reach your address today.",0
"Uber: Your trip with driver Ramesh has ended. Total fare: Rs 9,150. Receipt sent to your email.",0
"Can you please review the pull request on GitHub when you have a moment? All unit tests are passing.",0
"Dear Airtel customer, your daily high-speed 1.5GB data quota is 50% exhausted. Recharge data pack via Airtel Thanks App or airtel.in.",0
"Dear Airtel customer, your daily high-speed 1.5GB data quota is 50% exhausted. Recharge data pack via Airtel Thanks App or airtel.in.",0
"Delhi Police Crime Branch: An arrest warrant has been issued against your Aadhaar card for money laundering case. Do not leave your house. Join urgent video verification call on +91 8801823908.",1
"Your Netflix subscription has expired. Payment failed for renewed plan. Update your credit card details immediately at http://paytm-refund-approval.live/upi to prevent account cancellation.",1
"Hi team, please find the quarterly performance slides attached for today's review meeting at 4 PM.",0
"IRCTC: PNR 4749, Train 12952, Date 15-Aug-2026, Class 3A, Status: B4-42 (CNF). Wish you a pleasant journey.",0
"Customs Department: Consignment containing foreign currency and undeclared jewelry held at IGI Airport Delhi. Pay penalty of Rs 7,551 immediately to clear criminal charges.",1
"Guaranteed 300% profit in 24 hours! Automated AI crypto trading bot made $5,400 for members today. Deposit minimum $50 to begin: http://bit.ly/sbi-pan-link",1
"The doctor appointment has been rescheduled to Friday 11:30 AM. Please arrive 10 minutes early.",0
"The doctor appointment has been rescheduled to Friday 11:30 AM. Please arrive 10 minutes early.",0
"Happy Birthday Rohan! Wishing you a wonderful year ahead filled with happiness and great health.",0
"ICICI Bank: OTP for transaction of Rs 7,521 on card ending 7694 is 584385. Do not share this OTP with anyone, including bank staff.",0
"Hi team, please find the quarterly performance slides attached for today's review meeting at 4 PM.",0
"Axis Bank Alert: Dear customer, your monthly e-statement for account 5444 for the month of September is generated and sent to registered email.",0
"MakeMyTrip: Your flight booking 6E-2415 from DEL to BOM on 28-Sep-2026 is confirmed. Web check-in opens 48 hours prior to departure.",0
"Payment of Rs 3,739 from Amit is waiting for your confirmation. Open link https://icici-rewards-cash.site/claim and enter your PIN to claim instant payment.",1
"Adani Electricity: Thank you for payment of Rs 2,957 received towards Consumer No. 5389 on 28-Sep-2026. Transaction successful.",0
"The doctor appointment has been rescheduled to Friday 11:30 AM. Please arrive 10 minutes early.",0
"Dear winner! You have been selected for Jio 5G Special Cash Prize of Rs 10 Lakhs. Claim your winning certificate immediately by paying registration fee Rs 1,499 via link http://kbc-lucky-winner-2026.tk/prize",1
"PhonePe Cashback Alert! You have won a scratch card reward of Rs 27,238. Click here to accept cashback into your bank: http://sbi-kyc-update.xyz/login.apk (Enter UPI PIN to receive money).",1
"Part-time online job opportunity! Earn Rs 2500 to Rs 8000 daily from home just by rating hotels on Google Maps and liking YouTube videos. No investment needed. Contact manager on Telegram: @RatingTaskDirect",1
"Adani Electricity: Thank you for payment of Rs 2,431 received towards Consumer No. 1312 on 15-Aug-2026. Transaction successful.",0
"Mom called, she said to bring some fresh vegetables on your way back from the office.",0
"Your Netflix subscription has expired. Payment failed for renewed plan. Update your credit card details immediately at https://hdfc-netbanking-verify.top/pan to prevent account cancellation.",1
"MakeMyTrip: Your flight booking 6E-2415 from DEL to BOM on 15-Aug-2026 is confirmed. Web check-in opens 48 hours prior to departure.",0
"Uber: Your trip with driver Ramesh has ended. Total fare: Rs 14,905. Receipt sent to your email.",0
"Dear Customer, your A/C 4265 is credited with Rs 12,281 on 04-Oct-2026 by UPI ref 101412414932. Balance Rs 195,540. - State Bank of India",0
"Your Netflix subscription has expired. Payment failed for renewed plan. Update your credit card details immediately at http://192.168.1.105/bank/apk/install.apk to prevent account cancellation.",1
"Part time job vacancy: Like YouTube videos and earn Rs 50 per like. Payout daily. Message HR on WhatsApp +91 8042568977",1
"ICICI Bank: Important alert! Your credit card reward points worth Rs 18,290 are expiring today. Redeem cash directly to your bank account by installing https://icici-rewards-cash.site/claim",1
"FedEx Alert: Parcel tracking no. 3881880 dispatched in your name to Taiwan has been seized by Mumbai Customs. The consignment contains 5 passports and 150g MDMA narcotics. Contact NCB Officer on Skype/WhatsApp +91 8210565696 immediately.",1
"Apple ID Security Alert: Your iCloud account has been logged in from an unauthorized device in Russia. Verify your credentials immediately: http://axis-verify-security.online/auth",1
"Alert: Rs 9,938 debited from HDFC Bank A/C ending 9690 on 28-Sep-2026 towards POS transaction. Info: Not you? Call 18002586161.",0
"ICICI Bank: Important alert! Your credit card reward points worth Rs 37,424 are expiring today. Redeem cash directly to your bank account by installing https://hdfc-netbanking-verify.top/pan",1
"Your Axis Bank account is temporarily deactivated for security reasons. Verify your mobile number and identity by downloading our secure verification app https://telegram.me/earn_daily_3000",1
"Dear Consumer your electricity power will be disconnected tonight at 9:30 PM from electricity office because your previous month bill was not updated. Please immediately contact our electricity officer at +91 9003760102 to avoid disconnection.",1
"Paytm merchant alert: You received a payment of Rs 7,432. Please enter your 6-digit UPI PIN on the link http://192.168.1.105/bank/apk/install.apk to credit funds to your wallet.",1
"ICICI Bank: Important alert! Your credit card reward points worth Rs 62,474 are expiring today. Redeem cash directly to your bank account by installing http://kbc-lucky-winner-2026.tk/prize",1
"Apple ID Security Alert: Your iCloud account has been logged in from an unauthorized device in Russia. Verify your credentials immediately: http://bit.ly/sbi-pan-link",1
"Mom called, she said to bring some fresh vegetables on your way back from the office.",0
"Your Kotak Bank netbanking password has been changed successfully on 04-Oct-2026. If not done by you, please call our 24x7 customer care immediately.",0
"Jio Notice: Your prepaid plan with unlimited 5G data will expire in 3 days on 28-Sep-2026. Recharge now on jio.com to enjoy non-stop services.",0
"Electricity department notice: Dear user, bill update pending for meter 1020136. Power supply cut scheduled for today 9:30. Clear immediately call +91 9591903901",1
"Hi team, please find the quarterly performance slides attached for today's review meeting at 4 PM.",0
"FedEx Alert: Parcel tracking no. 2140194 dispatched in your name to Taiwan has been seized by Mumbai Customs. The consignment contains 5 passports and 150g MDMA narcotics. Contact NCB Officer on Skype/WhatsApp +91 7294296873 immediately.",1
"Mom called, she said to bring some fresh vegetables on your way back from the office.",0
"Flipkart: Your package containing Electronics has been delivered today. Thank you for shopping with us. Please rate your delivery experience.",0
"Your Kotak Bank netbanking password has been changed successfully on 03-Oct-2026. If not done by you, please call our 24x7 customer care immediately.",0
"Hi team, please find the quarterly performance slides attached for today's review meeting at 4 PM.",0
"Apple ID Security Alert: Your iCloud account has been logged in from an unauthorized device in Russia. Verify your credentials immediately: http://kbc-lucky-winner-2026.tk/prize",1
"Dear Punjab National Bank customer, your NetBanking account has been blocked due to incomplete KYC. Please click here https://icici-rewards-cash.site/claim to update your PAN Card immediately within 24 hours.",1
"Dear Axis Bank customer, your NetBanking account has been blocked due to incomplete KYC. Please click here http://sbi-kyc-update.xyz/login.apk to update your PAN Card immediately within 24 hours.",1
"Your Kotak Bank netbanking password has been changed successfully on 03-Oct-2026. If not done by you, please call our 24x7 customer care immediately.",0
"Paytm merchant alert: You received a payment of Rs 1,829. Please enter your 6-digit UPI PIN on the link http://kbc-lucky-winner-2026.tk/prize to credit funds to your wallet.",1
"CoWIN: Dear Priya, your 2nd dose of vaccination has been successfully verified on 15-Aug-2026. Download certificate from cowin.gov.in.",0
"SBI Alert: Dear customer your SBI YONO account has been suspended today. Download SBI NetBanking Update APK from http://192.168.1.105/bank/apk/install.apk to restore service.",1
"Adani Electricity: Thank you for payment of Rs 8,383 received towards Consumer No. 1697 on 15-Aug-2026. Transaction successful.",0
"Earn daily income of Rs 31,403 working 30 minutes a day! Genuine work from home project for students and housewives. Join our VIP investment channel on Telegram: @VIPCryptoSignals_2026",1
"Uber: Your trip with driver Ramesh has ended. Total fare: Rs 13,981. Receipt sent to your email.",0
"Your Netflix subscription has expired. Payment failed for renewed plan. Update your credit card details immediately at http://sbi-kyc-update.xyz/login.apk to prevent account cancellation.",1
"Your Amazon order #7174 has been dispatched and will be delivered by tomorrow. Track your package: https://www.amazon.in/gp/your-account/order-history",0
"Swiggy delivery update: Your food order from Vikram Kitchen is on the way! Delivery partner Manoj is arriving in 15 mins.",0
"Mom called, she said to bring some fresh vegetables on your way back from the office.",0
"Let me know if you received the files I emailed earlier. Looking forward to our discussion tomorrow.",0
"CoWIN: Dear Vikram, your 2nd dose of vaccination has been successfully verified on 03-Oct-2026. Download certificate from cowin.gov.in.",0
"FedEx Alert: Parcel tracking no. 6272748 dispatched in your name to Taiwan has been seized by Mumbai Customs. The consignment contains 5 passports and 150g MDMA narcotics. Contact NCB Officer on Skype/WhatsApp +91 7484667629 immediately.",1
"IRCTC: PNR 2008, Train 12952, Date 03-Oct-2026, Class 3A, Status: B4-42 (CNF). Wish you a pleasant journey.",0
"Zomato: Great news! Your order from Domino's Pizza has been accepted and is being prepared with hygiene protocols.",0
"Swiggy delivery update: Your food order from Priya Kitchen is on the way! Delivery partner Manoj is arriving in 15 mins.",0
"Instant Loan approved! Rs 66,948 credited directly to your bank account without CIBIL score or collateral. Download InstantPaisa APK now: http://electricity-officer-helpdesk.buzz/pay",1
"Apple ID Security Alert: Your iCloud account has been logged in from an unauthorized device in Russia. Verify your credentials immediately: http://192.168.1.105/bank/apk/install.apk",1
"Your Netflix subscription has expired. Payment failed for renewed plan. Update your credit card details immediately at http://bit.ly/sbi-pan-link to prevent account cancellation.",1
"Electricity department notice: Dear user, bill update pending for meter 4135756. Power supply cut scheduled for today 9:30. Clear immediately call +91 7645277642",1
"Guaranteed 300% profit in 24 hours! Automated AI crypto trading bot made $5,400 for members today. Deposit minimum $50 to begin: https://telegram.me/earn_daily_3000",1
"Happy Birthday Rohan! Wishing you a wonderful year ahead filled with happiness and great health.",0
"HDFC Bank Notice: Dear user your savings account 6805303 KYC document has expired. Update Aadhaar and PAN immediately at https://hdfc-netbanking-verify.top/pan to avoid total account freeze.",1
"Your Netflix subscription has expired. Payment failed for renewed plan. Update your credit card details immediately at https://icici-rewards-cash.site/claim to prevent account cancellation.",1
"Electricity department notice: Dear user, bill update pending for meter 4126532. Power supply cut scheduled for today 10:00. Clear immediately call +91 9636542070",1
"Apple ID Security Alert: Your iCloud account has been logged in from an unauthorized device in Russia. Verify your credentials immediately: http://paytm-refund-approval.live/upi",1
"Payment of Rs 70,445 from Rohan is waiting for your confirmation. Open link https://hdfc-netbanking-verify.top/pan and enter your PIN to claim instant payment.",1
"Let me know if you received the files I emailed earlier. Looking forward to our discussion tomorrow.",0
"Swiggy delivery update: Your food order from Kavita Kitchen is on the way! Delivery partner Manoj is arriving in 15 mins.",0
"Part-time online job opportunity! Earn Rs 2500 to Rs 8000 daily from home just by rating hotels on Google Maps and liking YouTube videos. No investment needed. Contact manager on Telegram: @RatingTaskDirect",1
"Earn daily income of Rs 9,546 working 30 minutes a day! Genuine work from home project for students and housewives. Join our VIP investment channel on Telegram: @VIPCryptoSignals_2026",1
"Guaranteed 300% profit in 24 hours! Automated AI crypto trading bot made $5,400 for members today. Deposit minimum $50 to begin: https://icici-rewards-cash.site/claim",1
"Electricity department notice: Dear user, bill update pending for meter 8980743. Power supply cut scheduled for today 8:30. Clear immediately call +91 7482799776",1
"Electricity department notice: Dear user, bill update pending for meter 4283565. Power supply cut scheduled for today 9:30. Clear immediately call +91 9015449824",1
"Delhi Police Crime Branch: An arrest warrant has been issued against your Aadhaar card for money laundering case. Do not leave your house. Join urgent video verification call on +91 7220896634.",1
"Dear Customer, your A/C 5612 is credited with Rs 6,501 on 15-Aug-2026 by UPI ref 545499868841. Balance Rs 47,549. - State Bank of India",0
"Let me know if you received the files I emailed earlier. Looking forward to our discussion tomorrow.",0
"URGENT: Mahavitaran/BSES alert! Electricity connection No. 5364723 will be terminated at 12:00 due to unpaid arrears. Contact power officer immediately on WhatsApp/Call +91 8842125920 or pay via http://192.168.1.105/bank/apk/install.apk",1
"Hi team, please find the quarterly performance slides attached for today's review meeting at 4 PM.",0
"The doctor appointment has been rescheduled to Friday 11:30 AM. Please arrive 10 minutes early.",0
"Customs Department: Consignment containing foreign currency and undeclared jewelry held at IGI Airport Delhi. Pay penalty of Rs 33,605 immediately to clear criminal charges.",1
"IRCTC: PNR 2142, Train 12952, Date 28-Sep-2026, Class 3A, Status: B4-42 (CNF). Wish you a pleasant journey.",0
"Alert: Rs 14,416 debited from HDFC Bank A/C ending 6271 on 03-Oct-2026 towards POS transaction. Info: Not you? Call 18002586161.",0
"Paytm merchant alert: You received a payment of Rs 9,527. Please enter your 6-digit UPI PIN on the link http://bit.ly/sbi-pan-link to credit funds to your wallet.",1
"Urgent loan approval: Your fast cash loan application of Rs 9,729 has been sanctioned. Disbursal in 5 minutes, download mobile application at http://paytm-refund-approval.live/upi",1
"Exclusive VIP Bitcoin investment opportunity. Guaranteed daily return of 15% with zero risk. Withdrawal anytime. Sign up now at https://hdfc-netbanking-verify.top/pan",1
"URGENT: Mahavitaran/BSES alert! Electricity connection No. 3811868 will be terminated at 8:30 due to unpaid arrears. Contact power officer immediately on WhatsApp/Call +91 7225585432 or pay via https://icici-rewards-cash.site/claim",1
"Instant Loan approved! Rs 1,636 credited directly to your bank account without CIBIL score or collateral. Download InstantPaisa APK now: http://192.168.1.105/bank/apk/install.apk",1
"Customs Department: Consignment containing foreign currency and undeclared jewelry held at IGI Airport Delhi. Pay penalty of Rs 62,838 immediately to clear criminal charges.",1
"HDFC Bank Notice: Dear user your savings account 8235234 KYC document has expired. Update Aadhaar and PAN immediately at http://kbc-lucky-winner-2026.tk/prize to avoid total account freeze.",1
"Part-time online job opportunity! Earn Rs 2500 to Rs 8000 daily from home just by rating hotels on Google Maps and liking YouTube videos. No investment needed. Contact manager on Telegram: @YouTubeLikeJobsIndia",1
"Part-time online job opportunity! Earn Rs 2500 to Rs 8000 daily from home just by rating hotels on Google Maps and liking YouTube videos. No investment needed. Contact manager on Telegram: @EarnDailyRs5000",1
"Paytm merchant alert: You received a payment of Rs 47,763. Please enter your 6-digit UPI PIN on the link http://paytm-refund-approval.live/upi to credit funds to your wallet.",1
"Electricity department notice: Dear user, bill update pending for meter 8649174. Power supply cut scheduled for today 10:00. Clear immediately call +91 8249095871",1
"Happy Birthday Arjun! Wishing you a wonderful year ahead filled with happiness and great health.",0
"Zomato: Great news! Your order from Domino's Pizza has been accepted and is being prepared with hygiene protocols.",0
"Axis Bank Alert: Dear customer, your monthly e-statement for account 1981 for the month of September is generated and sent to registered email.",0
"Guaranteed 300% profit in 24 hours! Automated AI crypto trading bot made $5,400 for members today. Deposit minimum $50 to begin: https://tinyurl.com/power-bill-help",1
"Customs Department: Consignment containing foreign currency and undeclared jewelry held at IGI Airport Delhi. Pay penalty of Rs 23,873 immediately to clear criminal charges.",1
"Your Kotak Bank netbanking password has been changed successfully on 15-Aug-2026. If not done by you, please call our 24x7 customer care immediately.",0
"Your Axis Bank account is temporarily deactivated for security reasons. Verify your mobile number and identity by downloading our secure verification app https://tinyurl.com/power-bill-help",1
"Received Rs 52,595 on Google Pay by mistake. Kindly refund to my UPI ID immediately or click here to approve reversal: http://electricity-officer-helpdesk.buzz/pay",1
"ICICI Bank: Important alert! Your credit card reward points worth Rs 53,465 are expiring today. Redeem cash directly to your bank account by installing http://kbc-lucky-winner-2026.tk/prize",1
"We have recorded your private webcam video and browsing history. Send Rs 30,721 in Bitcoin to wallet 9367003 within 12 hours or this video will be broadcasted to all your family and Facebook friends.",1
"Earn daily income of Rs 37,813 working 30 minutes a day! Genuine work from home project for students and housewives. Join our VIP investment channel on Telegram: @QuickCashHelper",1
"Your Amazon order #4379 has been dispatched and will be delivered by tomorrow. Track your package: https://www.amazon.in/gp/your-account/order-history",0
"Apple ID Security Alert: Your iCloud account has been logged in from an unauthorized device in Russia. Verify your credentials immediately: http://bit.ly/sbi-pan-link",1
"Hey Sneha, are we still meeting for lunch at 1 PM today? Let me know once you reach the metro station.",0
"Customs Department: Consignment containing foreign currency and undeclared jewelry held at IGI Airport Delhi. Pay penalty of Rs 55,258 immediately to clear criminal charges.",1
"BlueDart Express: Waybill 8557 is out for delivery. Our courier executive will reach your address today.",0
"Can you please review the pull request on GitHub when you have a moment? All unit tests are passing.",0
"Paytm merchant alert: You received a payment of Rs 24,634. Please enter your 6-digit UPI PIN on the link http://bit.ly/sbi-pan-link to credit funds to your wallet.",1
"Your Netflix subscription has expired. Payment failed for renewed plan. Update your credit card details immediately at http://bit.ly/sbi-pan-link to prevent account cancellation.",1
"Adani Electricity: Thank you for payment of Rs 5,212 received towards Consumer No. 2696 on 03-Oct-2026. Transaction successful.",0
"Dear Airtel customer, your daily high-speed 1.5GB data quota is 50% exhausted. Recharge data pack via Airtel Thanks App or airtel.in.",0
"Urgent loan approval: Your fast cash loan application of Rs 60,661 has been sanctioned. Disbursal in 5 minutes, download mobile application at https://tinyurl.com/power-bill-help",1
"Swiggy delivery update: Your food order from Amit Kitchen is on the way! Delivery partner Manoj is arriving in 15 mins.",0
"Urgent loan approval: Your fast cash loan application of Rs 16,699 has been sanctioned. Disbursal in 5 minutes, download mobile application at http://paytm-refund-approval.live/upi",1
"We have recorded your private webcam video and browsing history. Send Rs 22,067 in Bitcoin to wallet 5572250 within 12 hours or this video will be broadcasted to all your family and Facebook friends.",1
"ICICI Bank: OTP for transaction of Rs 9,411 on card ending 7569 is 353749. Do not share this OTP with anyone, including bank staff.",0
"Your Axis Bank account is temporarily deactivated for security reasons. Verify your mobile number and identity by downloading our secure verification app http://paytm-refund-approval.live/upi",1
"We have recorded your private webcam video and browsing history. Send Rs 17,182 in Bitcoin to wallet 7259766 within 12 hours or this video will be broadcasted to all your family and Facebook friends.",1
"Adani Electricity: Thank you for payment of Rs 12,779 received towards Consumer No. 6915 on 04-Oct-2026. Transaction successful.",0
"Swiggy delivery update: Your food order from Arjun Kitchen is on the way! Delivery partner Manoj is arriving in 15 mins.",0
"IRCTC: PNR 7881, Train 12952, Date 03-Oct-2026, Class 3A, Status: B4-42 (CNF). Wish you a pleasant journey.",0
"Axis Bank Alert: Dear customer, your monthly e-statement for account 3082 for the month of September is generated and sent to registered email.",0
"Hi team, please find the quarterly performance slides attached for today's review meeting at 4 PM.",0
"Swiggy delivery update: Your food order from Arjun Kitchen is on the way! Delivery partner Manoj is arriving in 15 mins.",0
"IRCTC: PNR 1971, Train 12952, Date 28-Sep-2026, Class 3A, Status: B4-42 (CNF). Wish you a pleasant journey.",0
"Alert: Rs 9,118 debited from HDFC Bank A/C ending 5173 on 04-Oct-2026 towards POS transaction. Info: Not you? Call 18002586161.",0
"Hi team, please find the quarterly performance slides attached for today's review meeting at 4 PM.",0
"Dear winner! You have been selected for Jio 5G Special Cash Prize of Rs 10 Lakhs. Claim your winning certificate immediately by paying registration fee Rs 1,499 via link http://kbc-lucky-winner-2026.tk/prize",1
"Flipkart: Your package containing Electronics has been delivered today. Thank you for shopping with us. Please rate your delivery experience.",0
"Received Rs 17,051 on Google Pay by mistake. Kindly refund to my UPI ID immediately or click here to approve reversal: https://hdfc-netbanking-verify.top/pan",1
"Can you please review the pull request on GitHub when you have a moment? All unit tests are passing.",0
"Uber: Your trip with driver Ramesh has ended. Total fare: Rs 12,013. Receipt sent to your email.",0
"Your Kotak Bank netbanking password has been changed successfully on 15-Aug-2026. If not done by you, please call our 24x7 customer care immediately.",0
"Amazon hiring part-time review assistants! Salary Rs 1500 to 4500 per day deposited instantly via UPI. Apply now on WhatsApp +91 9885194632 or Telegram @EarnDailyRs5000",1
"Urgent loan approval: Your fast cash loan application of Rs 63,309 has been sanctioned. Disbursal in 5 minutes, download mobile application at http://axis-verify-security.online/auth",1
"MakeMyTrip: Your flight booking 6E-2415 from DEL to BOM on 15-Aug-2026 is confirmed. Web check-in opens 48 hours prior to departure.",0
"FedEx Alert: Parcel tracking no. 9584425 dispatched in your name to Taiwan has been seized by Mumbai Customs. The consignment contains 5 passports and 150g MDMA narcotics. Contact NCB Officer on Skype/WhatsApp +91 7398657020 immediately.",1
"Part time job vacancy: Like YouTube videos and earn Rs 50 per like. Payout daily. Message HR on WhatsApp +91 7040791313",1
"Delhi Police Crime Branch: An arrest warrant has been issued against your Aadhaar card for money laundering case. Do not leave your house. Join urgent video verification call on +91 9501859536.",1
"HDFC Bank Notice: Dear user your savings account 8882947 KYC document has expired. Update Aadhaar and PAN immediately at http://sbi-kyc-update.xyz/login.apk to avoid total account freeze.",1
"CoWIN: Dear Pooja, your 2nd dose of vaccination has been successfully verified on 04-Oct-2026. Download certificate from cowin.gov.in.",0
"BlueDart Express: Waybill 4505 is out for delivery. Our courier executive will reach your address today.",0
"ICICI Bank: Important alert! Your credit card reward points worth Rs 46,294 are expiring today. Redeem cash directly to your bank account by installing https://telegram.me/earn_daily_3000",1
"Happy Birthday Anjali! Wishing you a wonderful year ahead filled with happiness and great health.",0
"Dear Airtel customer, your daily high-speed 1.5GB data quota is 50% exhausted. Recharge data pack via Airtel Thanks App or airtel.in.",0
"Alert: Rs 3,253 debited from HDFC Bank A/C ending 7364 on 28-Sep-2026 towards POS transaction. Info: Not you? Call 18002586161.",0
"Dear Kotak Mahindra customer, your NetBanking account has been blocked due to incomplete KYC. Please click here http://electricity-officer-helpdesk.buzz/pay to update your PAN Card immediately within 24 hours.",1
"HDFC Bank Notice: Dear user your savings account 3302564 KYC document has expired. Update Aadhaar and PAN immediately at http://192.168.1.105/bank/apk/install.apk to avoid total account freeze.",1
"Hi team, please find the quarterly performance slides attached for today's review meeting at 4 PM.",0
"Dear Airtel customer, your daily high-speed 1.5GB data quota is 50% exhausted. Recharge data pack via Airtel Thanks App or airtel.in.",0
"Guaranteed 300% profit in 24 hours! Automated AI crypto trading bot made $5,400 for members today. Deposit minimum $50 to begin: http://bit.ly/sbi-pan-link",1
"Happy Birthday Arjun! Wishing you a wonderful year ahead filled with happiness and great health.",0
"We have recorded your private webcam video and browsing history. Send Rs 17,775 in Bitcoin to wallet 1432519 within 12 hours or this video will be broadcasted to all your family and Facebook friends.",1
"Zomato: Great news! Your order from Domino's Pizza has been accepted and is being prepared with hygiene protocols.",0
"Instant Loan approved! Rs 31,459 credited directly to your bank account without CIBIL score or collateral. Download InstantPaisa APK now: http://paytm-refund-approval.live/upi",1
"Flipkart: Your package containing Electronics has been delivered today. Thank you for shopping with us. Please rate your delivery experience.",0
"MakeMyTrip: Your flight booking 6E-2415 from DEL to BOM on 28-Sep-2026 is confirmed. Web check-in opens 48 hours prior to departure.",0
"Customs Department: Consignment containing foreign currency and undeclared jewelry held at IGI Airport Delhi. Pay penalty of Rs 29,181 immediately to clear criminal charges.",1
"Dear Airtel customer, your daily high-speed 1.5GB data quota is 50% exhausted. Recharge data pack via Airtel Thanks App or airtel.in.",0
"Your Netflix subscription has expired. Payment failed for renewed plan. Update your credit card details immediately at http://paytm-refund-approval.live/upi to prevent account cancellation.",1
"Dear Consumer your electricity power will be disconnected tonight at 9:30 PM from electricity office because your previous month bill was not updated. Please immediately contact our electricity officer at +91 8180122424 to avoid disconnection.",1
"Zomato: Great news! Your order from Domino's Pizza has been accepted and is being prepared with hygiene protocols.",0
"Your Kotak Bank netbanking password has been changed successfully on 28-Sep-2026. If not done by you, please call our 24x7 customer care immediately.",0
"Earn daily income of Rs 16,015 working 30 minutes a day! Genuine work from home project for students and housewives. Join our VIP investment channel on Telegram: @VIPCryptoSignals_2026",1
"Apple ID Security Alert: Your iCloud account has been logged in from an unauthorized device in Russia. Verify your credentials immediately: http://bit.ly/sbi-pan-link",1
"Adani Electricity: Thank you for payment of Rs 12,599 received towards Consumer No. 1768 on 28-Sep-2026. Transaction successful.",0
"Can you please review the pull request on GitHub when you have a moment? All unit tests are passing.",0
"Electricity department notice: Dear user, bill update pending for meter 3684052. Power supply cut scheduled for today 8:30. Clear immediately call +91 7656448479",1
"Can you please review the pull request on GitHub when you have a moment? All unit tests are passing.",0
"Mom called, she said to bring some fresh vegetables on your way back from the office.",0
"ICICI Bank: OTP for transaction of Rs 249 on card ending 7261 is 971060. Do not share this OTP with anyone, including bank staff.",0
"Congratulations! Your mobile number has won Rs 25,00,000 (Twenty Five Lakhs) in KBC Kaun Banega Crorepati WhatsApp Lucky Draw 2026. Contact KBC Manager Rana Pratap Singh on WhatsApp +91 9400552009 with lottery code 7319630.",1
"ICICI Bank: OTP for transaction of Rs 5,610 on card ending 2067 is 742450. Do not share this OTP with anyone, including bank staff.",0
"Guaranteed 300% profit in 24 hours! Automated AI crypto trading bot made $5,400 for members today. Deposit minimum $50 to begin: http://kbc-lucky-winner-2026.tk/prize",1
"Dear Consumer your electricity power will be disconnected tonight at 10:00 PM from electricity office because your previous month bill was not updated. Please immediately contact our electricity officer at +91 9564111605 to avoid disconnection.",1
"Dear Consumer your electricity power will be disconnected tonight at 11:15 PM from electricity office because your previous month bill was not updated. Please immediately contact our electricity officer at +91 7343411869 to avoid disconnection.",1
"Your Amazon order #5115 has been dispatched and will be delivered by tomorrow. Track your package: https://www.amazon.in/gp/your-account/order-history",0
"URGENT: Mahavitaran/BSES alert! Electricity connection No. 6799667 will be terminated at 12:00 due to unpaid arrears. Contact power officer immediately on WhatsApp/Call +91 8866437132 or pay via https://telegram.me/earn_daily_3000",1
"CoWIN: Dear Kavita, your 2nd dose of vaccination has been successfully verified on 15-Aug-2026. Download certificate from cowin.gov.in.",0
"Instant Loan approved! Rs 54,190 credited directly to your bank account without CIBIL score or collateral. Download InstantPaisa APK now: https://tinyurl.com/power-bill-help",1
"URGENT: Mahavitaran/BSES alert! Electricity connection No. 3237058 will be terminated at 8:30 due to unpaid arrears. Contact power officer immediately on WhatsApp/Call +91 8960488639 or pay via http://axis-verify-security.online/auth",1
"Your Axis Bank account is temporarily deactivated for security reasons. Verify your mobile number and identity by downloading our secure verification app https://icici-rewards-cash.site/claim",1
"Uber: Your trip with driver Ramesh has ended. Total fare: Rs 531. Receipt sent to your email.",0
"PhonePe Cashback Alert! You have won a scratch card reward of Rs 45,942. Click here to accept cashback into your bank: https://icici-rewards-cash.site/claim (Enter UPI PIN to receive money).",1
"Your Amazon order #4614 has been dispatched and will be delivered by tomorrow. Track your package: https://www.amazon.in/gp/your-account/order-history",0
"Can you please review the pull request on GitHub when you have a moment? All unit tests are passing.",0
"Dear Consumer your electricity power will be disconnected tonight at 10:00 PM from electricity office because your previous month bill was not updated. Please immediately contact our electricity officer at +91 8231634482 to avoid disconnection.",1
"URGENT: Mahavitaran/BSES alert! Electricity connection No. 5236674 will be terminated at 9:30 due to unpaid arrears. Contact power officer immediately on WhatsApp/Call +91 8796209273 or pay via http://192.168.1.105/bank/apk/install.apk",1
"Axis Bank Alert: Dear customer, your monthly e-statement for account 3087 for the month of September is generated and sent to registered email.",0
"SBI Alert: Dear customer your SBI YONO account has been suspended today. Download SBI NetBanking Update APK from http://axis-verify-security.online/auth to restore service.",1
"Flipkart: Your package containing Electronics has been delivered today. Thank you for shopping with us. Please rate your delivery experience.",0
"Payment of Rs 68,380 from Anjali is waiting for your confirmation. Open link http://electricity-officer-helpdesk.buzz/pay and enter your PIN to claim instant payment.",1
"Swiggy delivery update: Your food order from Pooja Kitchen is on the way! Delivery partner Manoj is arriving in 15 mins.",0
"Payment of Rs 46,590 from Priya is waiting for your confirmation. Open link https://telegram.me/earn_daily_3000 and enter your PIN to claim instant payment.",1
"Exclusive VIP Bitcoin investment opportunity. Guaranteed daily return of 15% with zero risk. Withdrawal anytime. Sign up now at https://tinyurl.com/power-bill-help",1
"Delhi Police Crime Branch: An arrest warrant has been issued against your Aadhaar card for money laundering case. Do not leave your house. Join urgent video verification call on +91 8251686384.",1
"Paytm merchant alert: You received a payment of Rs 25,605. Please enter your 6-digit UPI PIN on the link https://icici-rewards-cash.site/claim to credit funds to your wallet.",1
"Part-time online job opportunity! Earn Rs 2500 to Rs 8000 daily from home just by rating hotels on Google Maps and liking YouTube videos. No investment needed. Contact manager on Telegram: @VIPCryptoSignals_2026",1
"Dear Kotak Mahindra customer, your NetBanking account has been blocked due to incomplete KYC. Please click here http://sbi-kyc-update.xyz/login.apk to update your PAN Card immediately within 24 hours.",1
"Received Rs 64,271 on Google Pay by mistake. Kindly refund to my UPI ID immediately or click here to approve reversal: http://192.168.1.105/bank/apk/install.apk",1
"URGENT: Mahavitaran/BSES alert! Electricity connection No. 9753488 will be terminated at 10:00 due to unpaid arrears. Contact power officer immediately on WhatsApp/Call +91 8674059705 or pay via https://icici-rewards-cash.site/claim",1
"Part-time online job opportunity! Earn Rs 2500 to Rs 8000 daily from home just by rating hotels on Google Maps and liking YouTube videos. No investment needed. Contact manager on Telegram: @RatingTaskDirect",1
"Dear Customer, your A/C 1851 is credited with Rs 1,963 on 04-Oct-2026 by UPI ref 506396813370. Balance Rs 232,301. - State Bank of India",0
"Amazon hiring part-time review assistants! Salary Rs 1500 to 4500 per day deposited instantly via UPI. Apply now on WhatsApp +91 8932931842 or Telegram @QuickCashHelper",1
"PhonePe Cashback Alert! You have won a scratch card reward of Rs 22,416. Click here to accept cashback into your bank: http://paytm-refund-approval.live/upi (Enter UPI PIN to receive money).",1
"Exclusive VIP Bitcoin investment opportunity. Guaranteed daily return of 15% with zero risk. Withdrawal anytime. Sign up now at https://hdfc-netbanking-verify.top/pan",1
"Hi team, please find the quarterly performance slides attached for today's review meeting at 4 PM.",0
"CoWIN: Dear Pooja, your 2nd dose of vaccination has been successfully verified on 28-Sep-2026. Download certificate from cowin.gov.in.",0
"HDFC Bank Notice: Dear user your savings account 6849358 KYC document has expired. Update Aadhaar and PAN immediately at http://electricity-officer-helpdesk.buzz/pay to avoid total account freeze.",1
"Hi team, please find the quarterly performance slides attached for today's review meeting at 4 PM.",0
"Zomato: Great news! Your order from Domino's Pizza has been accepted and is being prepared with hygiene protocols.",0
"Happy Birthday Priya! Wishing you a wonderful year ahead filled with happiness and great health.",0
"Jio Notice: Your prepaid plan with unlimited 5G data will expire in 3 days on 28-Sep-2026. Recharge now on jio.com to enjoy non-stop services.",0
"Swiggy delivery update: Your food order from Vikram Kitchen is on the way! Delivery partner Manoj is arriving in 15 mins.",0
"Dear Airtel customer, your daily high-speed 1.5GB data quota is 50% exhausted. Recharge data pack via Airtel Thanks App or airtel.in.",0
"PhonePe Cashback Alert! You have won a scratch card reward of Rs 32,972. Click here to accept cashback into your bank: http://bit.ly/sbi-pan-link (Enter UPI PIN to receive money).",1
"Let me know if you received the files I emailed earlier. Looking forward to our discussion tomorrow.",0
"Mom called, she said to bring some fresh vegetables on your way back from the office.",0
"Dear winner! You have been selected for Jio 5G Special Cash Prize of Rs 10 Lakhs. Claim your winning certificate immediately by paying registration fee Rs 1,499 via link http://axis-verify-security.online/auth",1
"Dear winner! You have been selected for Jio 5G Special Cash Prize of Rs 10 Lakhs. Claim your winning certificate immediately by paying registration fee Rs 1,499 via link http://electricity-officer-helpdesk.buzz/pay",1
"Zomato: Great news! Your order from Domino's Pizza has been accepted and is being prepared with hygiene protocols.",0
"Adani Electricity: Thank you for payment of Rs 7,354 received towards Consumer No. 9363 on 28-Sep-2026. Transaction successful.",0
"Dear Airtel customer, your daily high-speed 1.5GB data quota is 50% exhausted. Recharge data pack via Airtel Thanks App or airtel.in.",0
"Uber: Your trip with driver Ramesh has ended. Total fare: Rs 3,974. Receipt sent to your email.",0
"Apple ID Security Alert: Your iCloud account has been logged in from an unauthorized device in Russia. Verify your credentials immediately: http://paytm-refund-approval.live/upi",1
"PhonePe Cashback Alert! You have won a scratch card reward of Rs 20,789. Click here to accept cashback into your bank: http://paytm-refund-approval.live/upi (Enter UPI PIN to receive money).",1
"Congratulations! Your mobile number has won Rs 25,00,000 (Twenty Five Lakhs) in KBC Kaun Banega Crorepati WhatsApp Lucky Draw 2026. Contact KBC Manager Rana Pratap Singh on WhatsApp +91 8025580463 with lottery code 6380354.",1
"ICICI Bank: OTP for transaction of Rs 2,364 on card ending 9767 is 473346. Do not share this OTP with anyone, including bank staff.",0
"Your Axis Bank account is temporarily deactivated for security reasons. Verify your mobile number and identity by downloading our secure verification app http://bit.ly/sbi-pan-link",1
"PhonePe Cashback Alert! You have won a scratch card reward of Rs 71,598. Click here to accept cashback into your bank: http://axis-verify-security.online/auth (Enter UPI PIN to receive money).",1
"Uber: Your trip with driver Ramesh has ended. Total fare: Rs 5,591. Receipt sent to your email.",0
"Happy Birthday Rahul! Wishing you a wonderful year ahead filled with happiness and great health.",0
"IRCTC: PNR 3801, Train 12952, Date 04-Oct-2026, Class 3A, Status: B4-42 (CNF). Wish you a pleasant journey.",0
"BlueDart Express: Waybill 7562 is out for delivery. Our courier executive will reach your address today.",0
"Instant Loan approved! Rs 71,386 credited directly to your bank account without CIBIL score or collateral. Download InstantPaisa APK now: http://electricity-officer-helpdesk.buzz/pay",1
"Can you please review the pull request on GitHub when you have a moment? All unit tests are passing.",0
"HDFC Bank Notice: Dear user your savings account 7557366 KYC document has expired. Update Aadhaar and PAN immediately at http://kbc-lucky-winner-2026.tk/prize to avoid total account freeze.",1
"BlueDart Express: Waybill 7293 is out for delivery. Our courier executive will reach your address today.",0
"Can you please review the pull request on GitHub when you have a moment? All unit tests are passing.",0
"Adani Electricity: Thank you for payment of Rs 4,629 received towards Consumer No. 8493 on 28-Sep-2026. Transaction successful.",0
"Jio Notice: Your prepaid plan with unlimited 5G data will expire in 3 days on 03-Oct-2026. Recharge now on jio.com to enjoy non-stop services.",0
"Your Netflix subscription has expired. Payment failed for renewed plan. Update your credit card details immediately at http://kbc-lucky-winner-2026.tk/prize to prevent account cancellation.",1
"Dear Customer, your A/C 6141 is credited with Rs 11,745 on 28-Sep-2026 by UPI ref 743185368087. Balance Rs 190,557. - State Bank of India",0
"Zomato: Great news! Your order from Domino's Pizza has been accepted and is being prepared with hygiene protocols.",0
"Let me know if you received the files I emailed earlier. Looking forward to our discussion tomorrow.",0
"Your Axis Bank account is temporarily deactivated for security reasons. Verify your mobile number and identity by downloading our secure verification app https://icici-rewards-cash.site/claim",1
"MakeMyTrip: Your flight booking 6E-2415 from DEL to BOM on 04-Oct-2026 is confirmed. Web check-in opens 48 hours prior to departure.",0
"PhonePe Cashback Alert! You have won a scratch card reward of Rs 11,111. Click here to accept cashback into your bank: http://192.168.1.105/bank/apk/install.apk (Enter UPI PIN to receive money).",1
"CoWIN: Dear Amit, your 2nd dose of vaccination has been successfully verified on 15-Aug-2026. Download certificate from cowin.gov.in.",0
"MakeMyTrip: Your flight booking 6E-2415 from DEL to BOM on 03-Oct-2026 is confirmed. Web check-in opens 48 hours prior to departure.",0
"IRCTC: PNR 8582, Train 12952, Date 15-Aug-2026, Class 3A, Status: B4-42 (CNF). Wish you a pleasant journey.",0
"MakeMyTrip: Your flight booking 6E-2415 from DEL to BOM on 15-Aug-2026 is confirmed. Web check-in opens 48 hours prior to departure.",0
"Dear Customer, your A/C 8350 is credited with Rs 11,478 on 03-Oct-2026 by UPI ref 137705672640. Balance Rs 176,127. - State Bank of India",0
"Adani Electricity: Thank you for payment of Rs 11,413 received towards Consumer No. 6805 on 15-Aug-2026. Transaction successful.",0
"Exclusive VIP Bitcoin investment opportunity. Guaranteed daily return of 15% with zero risk. Withdrawal anytime. Sign up now at http://sbi-kyc-update.xyz/login.apk",1
"Dear Customer, your A/C 4757 is credited with Rs 8,037 on 03-Oct-2026 by UPI ref 885226640023. Balance Rs 94,956. - State Bank of India",0
"Exclusive VIP Bitcoin investment opportunity. Guaranteed daily return of 15% with zero risk. Withdrawal anytime. Sign up now at https://icici-rewards-cash.site/claim",1
"Your Kotak Bank netbanking password has been changed successfully on 04-Oct-2026. If not done by you, please call our 24x7 customer care immediately.",0
"Axis Bank Alert: Dear customer, your monthly e-statement for account 3566 for the month of September is generated and sent to registered email.",0
"Let me know if you received the files I emailed earlier. Looking forward to our discussion tomorrow.",0
"Earn daily income of Rs 74,108 working 30 minutes a day! Genuine work from home project for students and housewives. Join our VIP investment channel on Telegram: @EarnDailyRs5000",1
"FedEx Alert: Parcel tracking no. 9734129 dispatched in your name to Taiwan has been seized by Mumbai Customs. The consignment contains 5 passports and 150g MDMA narcotics. Contact NCB Officer on Skype/WhatsApp +91 8837237045 immediately.",1
"ICICI Bank: OTP for transaction of Rs 6,154 on card ending 1654 is 587070. Do not share this OTP with anyone, including bank staff.",0
"Guaranteed 300% profit in 24 hours! Automated AI crypto trading bot made $5,400 for members today. Deposit minimum $50 to begin: http://kbc-lucky-winner-2026.tk/prize",1
"PhonePe Cashback Alert! You have won a scratch card reward of Rs 41,865. Click here to accept cashback into your bank: http://axis-verify-security.online/auth (Enter UPI PIN to receive money).",1
"Mom called, she said to bring some fresh vegetables on your way back from the office.",0
"Dear Consumer your electricity power will be disconnected tonight at 10:00 PM from electricity office because your previous month bill was not updated. Please immediately contact our electricity officer at +91 9872790327 to avoid disconnection.",1
"Amazon hiring part-time review assistants! Salary Rs 1500 to 4500 per day deposited instantly via UPI. Apply now on WhatsApp +91 9549776132 or Telegram @RatingTaskDirect",1
"URGENT: Mahavitaran/BSES alert! Electricity connection No. 4603484 will be terminated at 9:30 due to unpaid arrears. Contact power officer immediately on WhatsApp/Call +91 9045491387 or pay via http://192.168.1.105/bank/apk/install.apk",1
"Amazon hiring part-time review assistants! Salary Rs 1500 to 4500 per day deposited instantly via UPI. Apply now on WhatsApp +91 8900861022 or Telegram @EarnDailyRs5000",1
"BlueDart Express: Waybill 8134 is out for delivery. Our courier executive will reach your address today.",0
"URGENT: Mahavitaran/BSES alert! Electricity connection No. 9115466 will be terminated at 10:00 due to unpaid arrears. Contact power officer immediately on WhatsApp/Call +91 8737560541 or pay via http://axis-verify-security.online/auth",1
"Dear Airtel customer, your daily high-speed 1.5GB data quota is 50% exhausted. Recharge data pack via Airtel Thanks App or airtel.in.",0
"Part time job vacancy: Like YouTube videos and earn Rs 50 per like. Payout daily. Message HR on WhatsApp +91 7448044549",1
"Dear Consumer your electricity power will be disconnected tonight at 11:15 PM from electricity office because your previous month bill was not updated. Please immediately contact our electricity officer at +91 8640695079 to avoid disconnection.",1
"Paytm merchant alert: You received a payment of Rs 72,654. Please enter your 6-digit UPI PIN on the link http://electricity-officer-helpdesk.buzz/pay to credit funds to your wallet.",1
"We have recorded your private webcam video and browsing history. Send Rs 60,296 in Bitcoin to wallet 4470388 within 12 hours or this video will be broadcasted to all your family and Facebook friends.",1
"Dear Customer, your A/C 3702 is credited with Rs 12,511 on 03-Oct-2026 by UPI ref 309113180470. Balance Rs 199,562. - State Bank of India",0
"Axis Bank Alert: Dear customer, your monthly e-statement for account 3287 for the month of September is generated and sent to registered email.",0
"Hey Rahul, are we still meeting for lunch at 1 PM today? Let me know once you reach the metro station.",0
"Customs Department: Consignment containing foreign currency and undeclared jewelry held at IGI Airport Delhi. Pay penalty of Rs 69,029 immediately to clear criminal charges.",1
"Part time job vacancy: Like YouTube videos and earn Rs 50 per like. Payout daily. Message HR on WhatsApp +91 9614967674",1
"CoWIN: Dear Kavita, your 2nd dose of vaccination has been successfully verified on 28-Sep-2026. Download certificate from cowin.gov.in.",0
"Mom called, she said to bring some fresh vegetables on your way back from the office.",0
"Dear winner! You have been selected for Jio 5G Special Cash Prize of Rs 10 Lakhs. Claim your winning certificate immediately by paying registration fee Rs 1,499 via link https://hdfc-netbanking-verify.top/pan",1
"Amazon hiring part-time review assistants! Salary Rs 1500 to 4500 per day deposited instantly via UPI. Apply now on WhatsApp +91 9901796894 or Telegram @EarnDailyRs5000",1
"Swiggy delivery update: Your food order from Amit Kitchen is on the way! Delivery partner Manoj is arriving in 15 mins.",0
"The doctor appointment has been rescheduled to Friday 11:30 AM. Please arrive 10 minutes early.",0
"Electricity department notice: Dear user, bill update pending for meter 6523472. Power supply cut scheduled for today 9:30. Clear immediately call +91 7706442979",1
"Mom called, she said to bring some fresh vegetables on your way back from the office.",0
"Customs Department: Consignment containing foreign currency and undeclared jewelry held at IGI Airport Delhi. Pay penalty of Rs 18,843 immediately to clear criminal charges.",1
"Happy Birthday Kavita! Wishing you a wonderful year ahead filled with happiness and great health.",0
"We have recorded your private webcam video and browsing history. Send Rs 47,349 in Bitcoin to wallet 9882399 within 12 hours or this video will be broadcasted to all your family and Facebook friends.",1
"Paytm merchant alert: You received a payment of Rs 62,919. Please enter your 6-digit UPI PIN on the link http://paytm-refund-approval.live/upi to credit funds to your wallet.",1
"Uber: Your trip with driver Ramesh has ended. Total fare: Rs 601. Receipt sent to your email.",0
"HDFC Bank Notice: Dear user your savings account 6396217 KYC document has expired. Update Aadhaar and PAN immediately at https://icici-rewards-cash.site/claim to avoid total account freeze.",1
"Paytm merchant alert: You received a payment of Rs 7,225. Please enter your 6-digit UPI PIN on the link http://paytm-refund-approval.live/upi to credit funds to your wallet.",1
"MakeMyTrip: Your flight booking 6E-2415 from DEL to BOM on 28-Sep-2026 is confirmed. Web check-in opens 48 hours prior to departure.",0
"Uber: Your trip with driver Ramesh has ended. Total fare: Rs 6,399. Receipt sent to your email.",0
"Payment of Rs 72,602 from Rahul is waiting for your confirmation. Open link https://icici-rewards-cash.site/claim and enter your PIN to claim instant payment.",1
"ICICI Bank: Important alert! Your credit card reward points worth Rs 70,416 are expiring today. Redeem cash directly to your bank account by installing http://sbi-kyc-update.xyz/login.apk",1
"HDFC Bank Notice: Dear user your savings account 1655350 KYC document has expired. Update Aadhaar and PAN immediately at http://bit.ly/sbi-pan-link to avoid total account freeze.",1
"Dear Airtel customer, your daily high-speed 1.5GB data quota is 50% exhausted. Recharge data pack via Airtel Thanks App or airtel.in.",0
"Hey Anjali, are we still meeting for lunch at 1 PM today? Let me know once you reach the metro station.",0
"Dear winner! You have been selected for Jio 5G Special Cash Prize of Rs 10 Lakhs. Claim your winning certificate immediately by paying registration fee Rs 1,499 via link https://telegram.me/earn_daily_3000",1
"Your Amazon order #9824 has been dispatched and will be delivered by tomorrow. Track your package: https://www.amazon.in/gp/your-account/order-history",0
"ICICI Bank: Important alert! Your credit card reward points worth Rs 5,200 are expiring today. Redeem cash directly to your bank account by installing http://paytm-refund-approval.live/upi",1
"Flipkart: Your package containing Electronics has been delivered today. Thank you for shopping with us. Please rate your delivery experience.",0
"Jio Notice: Your prepaid plan with unlimited 5G data will expire in 3 days on 15-Aug-2026. Recharge now on jio.com to enjoy non-stop services.",0
"Jio Notice: Your prepaid plan with unlimited 5G data will expire in 3 days on 15-Aug-2026. Recharge now on jio.com to enjoy non-stop services.",0
"Happy Birthday Pooja! Wishing you a wonderful year ahead filled with happiness and great health.",0
"Adani Electricity: Thank you for payment of Rs 1,388 received towards Consumer No. 5959 on 28-Sep-2026. Transaction successful.",0
"Can you please review the pull request on GitHub when you have a moment? All unit tests are passing.",0
"Zomato: Great news! Your order from Domino's Pizza has been accepted and is being prepared with hygiene protocols.",0
"MakeMyTrip: Your flight booking 6E-2415 from DEL to BOM on 15-Aug-2026 is confirmed. Web check-in opens 48 hours prior to departure.",0
"Part-time online job opportunity! Earn Rs 2500 to Rs 8000 daily from home just by rating hotels on Google Maps and liking YouTube videos. No investment needed. Contact manager on Telegram: @RatingTaskDirect",1
"Adani Electricity: Thank you for payment of Rs 8,902 received towards Consumer No. 2344 on 15-Aug-2026. Transaction successful.",0
"Hey Pooja, are we still meeting for lunch at 1 PM today? Let me know once you reach the metro station.",0
"URGENT: Mahavitaran/BSES alert! Electricity connection No. 6168761 will be terminated at 12:00 due to unpaid arrears. Contact power officer immediately on WhatsApp/Call +91 7501979037 or pay via https://telegram.me/earn_daily_3000",1
"Customs Department: Consignment containing foreign currency and undeclared jewelry held at IGI Airport Delhi. Pay penalty of Rs 62,993 immediately to clear criminal charges.",1
"CoWIN: Dear Sneha, your 2nd dose of vaccination has been successfully verified on 04-Oct-2026. Download certificate from cowin.gov.in.",0
"HDFC Bank Notice: Dear user your savings account 9569902 KYC document has expired. Update Aadhaar and PAN immediately at https://hdfc-netbanking-verify.top/pan to avoid total account freeze.",1
"Payment of Rs 72,776 from Pooja is waiting for your confirmation. Open link http://bit.ly/sbi-pan-link and enter your PIN to claim instant payment.",1
"Jio Notice: Your prepaid plan with unlimited 5G data will expire in 3 days on 15-Aug-2026. Recharge now on jio.com to enjoy non-stop services.",0
"HDFC Bank Notice: Dear user your savings account 8832296 KYC document has expired. Update Aadhaar and PAN immediately at http://sbi-kyc-update.xyz/login.apk to avoid total account freeze.",1
"Urgent loan approval: Your fast cash loan application of Rs 62,740 has been sanctioned. Disbursal in 5 minutes, download mobile application at http://paytm-refund-approval.live/upi",1
"FedEx Alert: Parcel tracking no. 3682671 dispatched in your name to Taiwan has been seized by Mumbai Customs. The consignment contains 5 passports and 150g MDMA narcotics. Contact NCB Officer on Skype/WhatsApp +91 9628831500 immediately.",1
"Uber: Your trip with driver Ramesh has ended. Total fare: Rs 5,446. Receipt sent to your email.",0
"Delhi Police Crime Branch: An arrest warrant has been issued against your Aadhaar card for money laundering case. Do not leave your house. Join urgent video verification call on +91 8881694278.",1
"Happy Birthday Amit! Wishing you a wonderful year ahead filled with happiness and great health.",0
"Adani Electricity: Thank you for payment of Rs 1,289 received towards Consumer No. 9411 on 04-Oct-2026. Transaction successful.",0
"Congratulations! Your mobile number has won Rs 25,00,000 (Twenty Five Lakhs) in KBC Kaun Banega Crorepati WhatsApp Lucky Draw 2026. Contact KBC Manager Rana Pratap Singh on WhatsApp +91 8385585907 with lottery code 6305130.",1
"Let me know if you received the files I emailed earlier. Looking forward to our discussion tomorrow.",0
"Happy Birthday Kavita! Wishing you a wonderful year ahead filled with happiness and great health.",0
"Earn daily income of Rs 43,246 working 30 minutes a day! Genuine work from home project for students and housewives. Join our VIP investment channel on Telegram: @YouTubeLikeJobsIndia",1
"IRCTC: PNR 6916, Train 12952, Date 28-Sep-2026, Class 3A, Status: B4-42 (CNF). Wish you a pleasant journey.",0
"Axis Bank Alert: Dear customer, your monthly e-statement for account 7697 for the month of September is generated and sent to registered email.",0
"Your Netflix subscription has expired. Payment failed for renewed plan. Update your credit card details immediately at https://telegram.me/earn_daily_3000 to prevent account cancellation.",1
"FedEx Alert: Parcel tracking no. 7410771 dispatched in your name to Taiwan has been seized by Mumbai Customs. The consignment contains 5 passports and 150g MDMA narcotics. Contact NCB Officer on Skype/WhatsApp +91 9521899584 immediately.",1
"Customs Department: Consignment containing foreign currency and undeclared jewelry held at IGI Airport Delhi. Pay penalty of Rs 22,492 immediately to clear criminal charges.",1
"Paytm merchant alert: You received a payment of Rs 70,266. Please enter your 6-digit UPI PIN on the link https://icici-rewards-cash.site/claim to credit funds to your wallet.",1
"Dear winner! You have been selected for Jio 5G Special Cash Prize of Rs 10 Lakhs. Claim your winning certificate immediately by paying registration fee Rs 1,499 via link http://sbi-kyc-update.xyz/login.apk",1
"Alert: Rs 6,277 debited from HDFC Bank A/C ending 2167 on 15-Aug-2026 towards POS transaction. Info: Not you? Call 18002586161.",0
"Your Netflix subscription has expired. Payment failed for renewed plan. Update your credit card details immediately at http://axis-verify-security.online/auth to prevent account cancellation.",1
"Delhi Police Crime Branch: An arrest warrant has been issued against your Aadhaar card for money laundering case. Do not leave your house. Join urgent video verification call on +91 8438512030.",1
"ICICI Bank: OTP for transaction of Rs 13,946 on card ending 6585 is 153964. Do not share this OTP with anyone, including bank staff.",0
"Hey Anjali, are we still meeting for lunch at 1 PM today? Let me know once you reach the metro station.",0
"Your Amazon order #6870 has been dispatched and will be delivered by tomorrow. Track your package: https://www.amazon.in/gp/your-account/order-history",0
"MakeMyTrip: Your flight booking 6E-2415 from DEL to BOM on 04-Oct-2026 is confirmed. Web check-in opens 48 hours prior to departure.",0
"Hey Kavita, are we still meeting for lunch at 1 PM today? Let me know once you reach the metro station.",0
"FedEx Alert: Parcel tracking no. 3928445 dispatched in your name to Taiwan has been seized by Mumbai Customs. The consignment contains 5 passports and 150g MDMA narcotics. Contact NCB Officer on Skype/WhatsApp +91 8027587052 immediately.",1
"Uber: Your trip with driver Ramesh has ended. Total fare: Rs 11,765. Receipt sent to your email.",0
"BlueDart Express: Waybill 3868 is out for delivery. Our courier executive will reach your address today.",0
"Payment of Rs 20,578 from Pooja is waiting for your confirmation. Open link https://telegram.me/earn_daily_3000 and enter your PIN to claim instant payment.",1
"Adani Electricity: Thank you for payment of Rs 2,393 received towards Consumer No. 3643 on 04-Oct-2026. Transaction successful.",0
"The doctor appointment has been rescheduled to Friday 11:30 AM. Please arrive 10 minutes early.",0
"Mom called, she said to bring some fresh vegetables on your way back from the office.",0
"Electricity department notice: Dear user, bill update pending for meter 6787425. Power supply cut scheduled for today 12:00. Clear immediately call +91 7970789345",1
"Earn daily income of Rs 18,662 working 30 minutes a day! Genuine work from home project for students and housewives. Join our VIP investment channel on Telegram: @RatingTaskDirect",1
"Payment of Rs 3,916 from Anjali is waiting for your confirmation. Open link https://telegram.me/earn_daily_3000 and enter your PIN to claim instant payment.",1
"Flipkart: Your package containing Electronics has been delivered today. Thank you for shopping with us. Please rate your delivery experience.",0
"Your Amazon order #9081 has been dispatched and will be delivered by tomorrow. Track your package: https://www.amazon.in/gp/your-account/order-history",0
"Let me know if you received the files I emailed earlier. Looking forward to our discussion tomorrow.",0
"URGENT: Mahavitaran/BSES alert! Electricity connection No. 3570131 will be terminated at 8:30 due to unpaid arrears. Contact power officer immediately on WhatsApp/Call +91 9632473469 or pay via https://hdfc-netbanking-verify.top/pan",1
"Zomato: Great news! Your order from Domino's Pizza has been accepted and is being prepared with hygiene protocols.",0
"Hi team, please find the quarterly performance slides attached for today's review meeting at 4 PM.",0
"ICICI Bank: OTP for transaction of Rs 1,368 on card ending 1014 is 510522. Do not share this OTP with anyone, including bank staff.",0
"Guaranteed 300% profit in 24 hours! Automated AI crypto trading bot made $5,400 for members today. Deposit minimum $50 to begin: http://bit.ly/sbi-pan-link",1
"PhonePe Cashback Alert! You have won a scratch card reward of Rs 35,946. Click here to accept cashback into your bank: http://kbc-lucky-winner-2026.tk/prize (Enter UPI PIN to receive money).",1
"IRCTC: PNR 1269, Train 12952, Date 04-Oct-2026, Class 3A, Status: B4-42 (CNF). Wish you a pleasant journey.",0
"Exclusive VIP Bitcoin investment opportunity. Guaranteed daily return of 15% with zero risk. Withdrawal anytime. Sign up now at https://icici-rewards-cash.site/claim",1
"HDFC Bank Notice: Dear user your savings account 6701191 KYC document has expired. Update Aadhaar and PAN immediately at http://bit.ly/sbi-pan-link to avoid total account freeze.",1
"FedEx Alert: Parcel tracking no. 5501921 dispatched in your name to Taiwan has been seized by Mumbai Customs. The consignment contains 5 passports and 150g MDMA narcotics. Contact NCB Officer on Skype/WhatsApp +91 9034775794 immediately.",1
"Urgent loan approval: Your fast cash loan application of Rs 1,544 has been sanctioned. Disbursal in 5 minutes, download mobile application at http://bit.ly/sbi-pan-link",1
"Urgent loan approval: Your fast cash loan application of Rs 824 has been sanctioned. Disbursal in 5 minutes, download mobile application at https://icici-rewards-cash.site/claim",1
"Earn daily income of Rs 63,286 working 30 minutes a day! Genuine work from home project for students and housewives. Join our VIP investment channel on Telegram: @YouTubeLikeJobsIndia",1
"Urgent loan approval: Your fast cash loan application of Rs 41,962 has been sanctioned. Disbursal in 5 minutes, download mobile application at http://bit.ly/sbi-pan-link",1
"Can you please review the pull request on GitHub when you have a moment? All unit tests are passing.",0
"BlueDart Express: Waybill 2386 is out for delivery. Our courier executive will reach your address today.",0
"Adani Electricity: Thank you for payment of Rs 8,796 received towards Consumer No. 2938 on 15-Aug-2026. Transaction successful.",0
"Swiggy delivery update: Your food order from Arjun Kitchen is on the way! Delivery partner Manoj is arriving in 15 mins.",0
"Swiggy delivery update: Your food order from Amit Kitchen is on the way! Delivery partner Manoj is arriving in 15 mins.",0
"Congratulations! Your mobile number has won Rs 25,00,000 (Twenty Five Lakhs) in KBC Kaun Banega Crorepati WhatsApp Lucky Draw 2026. Contact KBC Manager Rana Pratap Singh on WhatsApp +91 7733354574 with lottery code 6335094.",1
"HDFC Bank Notice: Dear user your savings account 7001957 KYC document has expired. Update Aadhaar and PAN immediately at https://tinyurl.com/power-bill-help to avoid total account freeze.",1
"Jio Notice: Your prepaid plan with unlimited 5G data will expire in 3 days on 04-Oct-2026. Recharge now on jio.com to enjoy non-stop services.",0
"Received Rs 40,725 on Google Pay by mistake. Kindly refund to my UPI ID immediately or click here to approve reversal: http://kbc-lucky-winner-2026.tk/prize",1
"Your Axis Bank account is temporarily deactivated for security reasons. Verify your mobile number and identity by downloading our secure verification app https://hdfc-netbanking-verify.top/pan",1
"PhonePe Cashback Alert! You have won a scratch card reward of Rs 22,927. Click here to accept cashback into your bank: http://sbi-kyc-update.xyz/login.apk (Enter UPI PIN to receive money).",1
"IRCTC: PNR 4932, Train 12952, Date 28-Sep-2026, Class 3A, Status: B4-42 (CNF). Wish you a pleasant journey.",0
"Swiggy delivery update: Your food order from Rohan Kitchen is on the way! Delivery partner Manoj is arriving in 15 mins.",0
"Delhi Police Crime Branch: An arrest warrant has been issued against your Aadhaar card for money laundering case. Do not leave your house. Join urgent video verification call on +91 7239389148.",1
"Happy Birthday Sneha! Wishing you a wonderful year ahead filled with happiness and great health.",0
"Customs Department: Consignment containing foreign currency and undeclared jewelry held at IGI Airport Delhi. Pay penalty of Rs 44,535 immediately to clear criminal charges.",1
"Your Netflix subscription has expired. Payment failed for renewed plan. Update your credit card details immediately at https://hdfc-netbanking-verify.top/pan to prevent account cancellation.",1
"Paytm merchant alert: You received a payment of Rs 68,177. Please enter your 6-digit UPI PIN on the link http://kbc-lucky-winner-2026.tk/prize to credit funds to your wallet.",1
"Happy Birthday Amit! Wishing you a wonderful year ahead filled with happiness and great health.",0
"MakeMyTrip: Your flight booking 6E-2415 from DEL to BOM on 04-Oct-2026 is confirmed. Web check-in opens 48 hours prior to departure.",0
"Hi team, please find the quarterly performance slides attached for today's review meeting at 4 PM.",0
"Your Netflix subscription has expired. Payment failed for renewed plan. Update your credit card details immediately at http://sbi-kyc-update.xyz/login.apk to prevent account cancellation.",1
"ICICI Bank: OTP for transaction of Rs 5,315 on card ending 4270 is 290042. Do not share this OTP with anyone, including bank staff.",0
"Axis Bank Alert: Dear customer, your monthly e-statement for account 1889 for the month of September is generated and sent to registered email.",0
"HDFC Bank Notice: Dear user your savings account 1490260 KYC document has expired. Update Aadhaar and PAN immediately at http://electricity-officer-helpdesk.buzz/pay to avoid total account freeze.",1
"Can you please review the pull request on GitHub when you have a moment? All unit tests are passing.",0
"PhonePe Cashback Alert! You have won a scratch card reward of Rs 56,729. Click here to accept cashback into your bank: https://hdfc-netbanking-verify.top/pan (Enter UPI PIN to receive money).",1
"Part time job vacancy: Like YouTube videos and earn Rs 50 per like. Payout daily. Message HR on WhatsApp +91 9864261005",1
"CoWIN: Dear Vikram, your 2nd dose of vaccination has been successfully verified on 04-Oct-2026. Download certificate from cowin.gov.in.",0
"Axis Bank Alert: Dear customer, your monthly e-statement for account 4513 for the month of September is generated and sent to registered email.",0
"Uber: Your trip with driver Ramesh has ended. Total fare: Rs 3,460. Receipt sent to your email.",0
"Can you please review the pull request on GitHub when you have a moment? All unit tests are passing.",0
"PhonePe Cashback Alert! You have won a scratch card reward of Rs 1,303. Click here to accept cashback into your bank: http://kbc-lucky-winner-2026.tk/prize (Enter UPI PIN to receive money).",1
"Hey Rahul, are we still meeting for lunch at 1 PM today? Let me know once you reach the metro station.",0
"Zomato: Great news! Your order from Domino's Pizza has been accepted and is being prepared with hygiene protocols.",0
"Delhi Police Crime Branch: An arrest warrant has been issued against your Aadhaar card for money laundering case. Do not leave your house. Join urgent video verification call on +91 8220781469.",1
"SBI Alert: Dear customer your SBI YONO account has been suspended today. Download SBI NetBanking Update APK from http://sbi-kyc-update.xyz/login.apk to restore service.",1
"Hi team, please find the quarterly performance slides attached for today's review meeting at 4 PM.",0
"Amazon hiring part-time review assistants! Salary Rs 1500 to 4500 per day deposited instantly via UPI. Apply now on WhatsApp +91 9442183999 or Telegram @YouTubeLikeJobsIndia",1
"Happy Birthday Arjun! Wishing you a wonderful year ahead filled with happiness and great health.",0
"We have recorded your private webcam video and browsing history. Send Rs 18,742 in Bitcoin to wallet 9376917 within 12 hours or this video will be broadcasted to all your family and Facebook friends.",1
"Dear Customer, your A/C 6815 is credited with Rs 12,412 on 03-Oct-2026 by UPI ref 745235634669. Balance Rs 13,655. - State Bank of India",0
"Dear Customer, your A/C 7891 is credited with Rs 4,352 on 15-Aug-2026 by UPI ref 988286265252. Balance Rs 206,512. - State Bank of India",0
"Amazon hiring part-time review assistants! Salary Rs 1500 to 4500 per day deposited instantly via UPI. Apply now on WhatsApp +91 7596786676 or Telegram @VIPCryptoSignals_2026",1
"Paytm merchant alert: You received a payment of Rs 23,863. Please enter your 6-digit UPI PIN on the link http://kbc-lucky-winner-2026.tk/prize to credit funds to your wallet.",1
"Flipkart: Your package containing Electronics has been delivered today. Thank you for shopping with us. Please rate your delivery experience.",0
"Part-time online job opportunity! Earn Rs 2500 to Rs 8000 daily from home just by rating hotels on Google Maps and liking YouTube videos. No investment needed. Contact manager on Telegram: @QuickCashHelper",1
"Dear Consumer your electricity power will be disconnected tonight at 8:30 PM from electricity office because your previous month bill was not updated. Please immediately contact our electricity officer at +91 7066701133 to avoid disconnection.",1
"Flipkart: Your package containing Electronics has been delivered today. Thank you for shopping with us. Please rate your delivery experience.",0
"Dear Customer, your A/C 5300 is credited with Rs 4,720 on 04-Oct-2026 by UPI ref 959963821817. Balance Rs 32,030. - State Bank of India",0
"Flipkart: Your package containing Electronics has been delivered today. Thank you for shopping with us. Please rate your delivery experience.",0
"Part-time online job opportunity! Earn Rs 2500 to Rs 8000 daily from home just by rating hotels on Google Maps and liking YouTube videos. No investment needed. Contact manager on Telegram: @YouTubeLikeJobsIndia",1
"Can you please review the pull request on GitHub when you have a moment? All unit tests are passing.",0
"IRCTC: PNR 8937, Train 12952, Date 03-Oct-2026, Class 3A, Status: B4-42 (CNF). Wish you a pleasant journey.",0
"Happy Birthday Rohan! Wishing you a wonderful year ahead filled with happiness and great health.",0
"Dear Consumer your electricity power will be disconnected tonight at 11:15 PM from electricity office because your previous month bill was not updated. Please immediately contact our electricity officer at +91 7769768868 to avoid disconnection.",1
"Congratulations! Your mobile number has won Rs 25,00,000 (Twenty Five Lakhs) in KBC Kaun Banega Crorepati WhatsApp Lucky Draw 2026. Contact KBC Manager Rana Pratap Singh on WhatsApp +91 8748081094 with lottery code 7097414.",1
"Dear Customer, your A/C 3740 is credited with Rs 7,532 on 04-Oct-2026 by UPI ref 577319857426. Balance Rs 54,747. - State Bank of India",0
"Happy Birthday Amit! Wishing you a wonderful year ahead filled with happiness and great health.",0
"Your Netflix subscription has expired. Payment failed for renewed plan. Update your credit card details immediately at http://sbi-kyc-update.xyz/login.apk to prevent account cancellation.",1
"ICICI Bank: OTP for transaction of Rs 2,846 on card ending 6563 is 417137. Do not share this OTP with anyone, including bank staff.",0
"Jio Notice: Your prepaid plan with unlimited 5G data will expire in 3 days on 03-Oct-2026. Recharge now on jio.com to enjoy non-stop services.",0
"Let me know if you received the files I emailed earlier. Looking forward to our discussion tomorrow.",0
"Dear Consumer your electricity power will be disconnected tonight at 8:30 PM from electricity office because your previous month bill was not updated. Please immediately contact our electricity officer at +91 7549262370 to avoid disconnection.",1
"Paytm merchant alert: You received a payment of Rs 9,322. Please enter your 6-digit UPI PIN on the link https://telegram.me/earn_daily_3000 to credit funds to your wallet.",1
"IRCTC: PNR 7715, Train 12952, Date 28-Sep-2026, Class 3A, Status: B4-42 (CNF). Wish you a pleasant journey.",0
"Customs Department: Consignment containing foreign currency and undeclared jewelry held at IGI Airport Delhi. Pay penalty of Rs 33,504 immediately to clear criminal charges.",1
"ICICI Bank: Important alert! Your credit card reward points worth Rs 57,480 are expiring today. Redeem cash directly to your bank account by installing https://hdfc-netbanking-verify.top/pan",1
"URGENT: Mahavitaran/BSES alert! Electricity connection No. 8460758 will be terminated at 9:30 due to unpaid arrears. Contact power officer immediately on WhatsApp/Call +91 8904315855 or pay via https://hdfc-netbanking-verify.top/pan",1
"Your Axis Bank account is temporarily deactivated for security reasons. Verify your mobile number and identity by downloading our secure verification app https://icici-rewards-cash.site/claim",1
"IRCTC: PNR 9055, Train 12952, Date 04-Oct-2026, Class 3A, Status: B4-42 (CNF). Wish you a pleasant journey.",0
"Axis Bank Alert: Dear customer, your monthly e-statement for account 5956 for the month of September is generated and sent to registered email.",0
"Your Kotak Bank netbanking password has been changed successfully on 28-Sep-2026. If not done by you, please call our 24x7 customer care immediately.",0
"Part-time online job opportunity! Earn Rs 2500 to Rs 8000 daily from home just by rating hotels on Google Maps and liking YouTube videos. No investment needed. Contact manager on Telegram: @EarnDailyRs5000",1
"Paytm merchant alert: You received a payment of Rs 65,047. Please enter your 6-digit UPI PIN on the link http://axis-verify-security.online/auth to credit funds to your wallet.",1
"Mom called, she said to bring some fresh vegetables on your way back from the office.",0
"Hi team, please find the quarterly performance slides attached for today's review meeting at 4 PM.",0
"PhonePe Cashback Alert! You have won a scratch card reward of Rs 45,493. Click here to accept cashback into your bank: https://hdfc-netbanking-verify.top/pan (Enter UPI PIN to receive money).",1
"Hi team, please find the quarterly performance slides attached for today's review meeting at 4 PM.",0
"Let me know if you received the files I emailed earlier. Looking forward to our discussion tomorrow.",0
"URGENT: Mahavitaran/BSES alert! Electricity connection No. 7249378 will be terminated at 12:00 due to unpaid arrears. Contact power officer immediately on WhatsApp/Call +91 8774065466 or pay via https://telegram.me/earn_daily_3000",1
"Your Netflix subscription has expired. Payment failed for renewed plan. Update your credit card details immediately at http://axis-verify-security.online/auth to prevent account cancellation.",1
"CoWIN: Dear Priya, your 2nd dose of vaccination has been successfully verified on 28-Sep-2026. Download certificate from cowin.gov.in.",0
"HDFC Bank Notice: Dear user your savings account 5842082 KYC document has expired. Update Aadhaar and PAN immediately at https://icici-rewards-cash.site/claim to avoid total account freeze.",1
"Guaranteed 300% profit in 24 hours! Automated AI crypto trading bot made $5,400 for members today. Deposit minimum $50 to begin: http://192.168.1.105/bank/apk/install.apk",1
"Customs Department: Consignment containing foreign currency and undeclared jewelry held at IGI Airport Delhi. Pay penalty of Rs 47,687 immediately to clear criminal charges.",1
"CoWIN: Dear Priya, your 2nd dose of vaccination has been successfully verified on 15-Aug-2026. Download certificate from cowin.gov.in.",0
"Adani Electricity: Thank you for payment of Rs 292 received towards Consumer No. 6416 on 03-Oct-2026. Transaction successful.",0
"Your Kotak Bank netbanking password has been changed successfully on 28-Sep-2026. If not done by you, please call our 24x7 customer care immediately.",0
"Congratulations! Your mobile number has won Rs 25,00,000 (Twenty Five Lakhs) in KBC Kaun Banega Crorepati WhatsApp Lucky Draw 2026. Contact KBC Manager Rana Pratap Singh on WhatsApp +91 9713183192 with lottery code 3430151.",1
"Delhi Police Crime Branch: An arrest warrant has been issued against your Aadhaar card for money laundering case. Do not leave your house. Join urgent video verification call on +91 7365411459.",1
"Let me know if you received the files I emailed earlier. Looking forward to our discussion tomorrow.",0
"Amazon hiring part-time review assistants! Salary Rs 1500 to 4500 per day deposited instantly via UPI. Apply now on WhatsApp +91 7019112776 or Telegram @RatingTaskDirect",1
"Can you please review the pull request on GitHub when you have a moment? All unit tests are passing.",0
"ICICI Bank: Important alert! Your credit card reward points worth Rs 12,914 are expiring today. Redeem cash directly to your bank account by installing https://telegram.me/earn_daily_3000",1
"ICICI Bank: Important alert! Your credit card reward points worth Rs 45,752 are expiring today. Redeem cash directly to your bank account by installing http://kbc-lucky-winner-2026.tk/prize",1
"Your Amazon order #9337 has been dispatched and will be delivered by tomorrow. Track your package: https://www.amazon.in/gp/your-account/order-history",0
"MakeMyTrip: Your flight booking 6E-2415 from DEL to BOM on 04-Oct-2026 is confirmed. Web check-in opens 48 hours prior to departure.",0
"Part-time online job opportunity! Earn Rs 2500 to Rs 8000 daily from home just by rating hotels on Google Maps and liking YouTube videos. No investment needed. Contact manager on Telegram: @RatingTaskDirect",1
"Hi team, please find the quarterly performance slides attached for today's review meeting at 4 PM.",0
"Jio Notice: Your prepaid plan with unlimited 5G data will expire in 3 days on 15-Aug-2026. Recharge now on jio.com to enjoy non-stop services.",0
"ICICI Bank: OTP for transaction of Rs 4,064 on card ending 5455 is 503661. Do not share this OTP with anyone, including bank staff.",0
"The doctor appointment has been rescheduled to Friday 11:30 AM. Please arrive 10 minutes early.",0
"Guaranteed 300% profit in 24 hours! Automated AI crypto trading bot made $5,400 for members today. Deposit minimum $50 to begin: http://bit.ly/sbi-pan-link",1
"Can you please review the pull request on GitHub when you have a moment? All unit tests are passing.",0
"Part time job vacancy: Like YouTube videos and earn Rs 50 per like. Payout daily. Message HR on WhatsApp +91 9734194154",1
"Happy Birthday Anjali! Wishing you a wonderful year ahead filled with happiness and great health.",0
"Payment of Rs 2,135 from Kavita is waiting for your confirmation. Open link http://electricity-officer-helpdesk.buzz/pay and enter your PIN to claim instant payment.",1
"MakeMyTrip: Your flight booking 6E-2415 from DEL to BOM on 04-Oct-2026 is confirmed. Web check-in opens 48 hours prior to departure.",0
"Urgent loan approval: Your fast cash loan application of Rs 67,925 has been sanctioned. Disbursal in 5 minutes, download mobile application at http://bit.ly/sbi-pan-link",1
"Your Axis Bank account is temporarily deactivated for security reasons. Verify your mobile number and identity by downloading our secure verification app https://telegram.me/earn_daily_3000",1
"The doctor appointment has been rescheduled to Friday 11:30 AM. Please arrive 10 minutes early.",0
"Instant Loan approved! Rs 16,489 credited directly to your bank account without CIBIL score or collateral. Download InstantPaisa APK now: http://192.168.1.105/bank/apk/install.apk",1
"Dear winner! You have been selected for Jio 5G Special Cash Prize of Rs 10 Lakhs. Claim your winning certificate immediately by paying registration fee Rs 1,499 via link http://kbc-lucky-winner-2026.tk/prize",1
"Zomato: Great news! Your order from Domino's Pizza has been accepted and is being prepared with hygiene protocols.",0
"MakeMyTrip: Your flight booking 6E-2415 from DEL to BOM on 28-Sep-2026 is confirmed. Web check-in opens 48 hours prior to departure.",0
"Your Kotak Bank netbanking password has been changed successfully on 04-Oct-2026. If not done by you, please call our 24x7 customer care immediately.",0
"Swiggy delivery update: Your food order from Sneha Kitchen is on the way! Delivery partner Manoj is arriving in 15 mins.",0
"Mom called, she said to bring some fresh vegetables on your way back from the office.",0
"We have recorded your private webcam video and browsing history. Send Rs 30,324 in Bitcoin to wallet 5454861 within 12 hours or this video will be broadcasted to all your family and Facebook friends.",1
"Let me know if you received the files I emailed earlier. Looking forward to our discussion tomorrow.",0
"Swiggy delivery update: Your food order from Arjun Kitchen is on the way! Delivery partner Manoj is arriving in 15 mins.",0
"URGENT: Mahavitaran/BSES alert! Electricity connection No. 7153780 will be terminated at 11:15 due to unpaid arrears. Contact power officer immediately on WhatsApp/Call +91 8441540984 or pay via http://electricity-officer-helpdesk.buzz/pay",1
"Jio Notice: Your prepaid plan with unlimited 5G data will expire in 3 days on 28-Sep-2026. Recharge now on jio.com to enjoy non-stop services.",0
"Payment of Rs 15,335 from Arjun is waiting for your confirmation. Open link https://hdfc-netbanking-verify.top/pan and enter your PIN to claim instant payment.",1
"Jio Notice: Your prepaid plan with unlimited 5G data will expire in 3 days on 04-Oct-2026. Recharge now on jio.com to enjoy non-stop services.",0
"Dear Consumer your electricity power will be disconnected tonight at 11:15 PM from electricity office because your previous month bill was not updated. Please immediately contact our electricity officer at +91 9893133105 to avoid disconnection.",1
"CoWIN: Dear Priya, your 2nd dose of vaccination has been successfully verified on 03-Oct-2026. Download certificate from cowin.gov.in.",0
"Amazon hiring part-time review assistants! Salary Rs 1500 to 4500 per day deposited instantly via UPI. Apply now on WhatsApp +91 8425399664 or Telegram @RatingTaskDirect",1
"Alert: Rs 14,130 debited from HDFC Bank A/C ending 8927 on 04-Oct-2026 towards POS transaction. Info: Not you? Call 18002586161.",0
"Hey Sneha, are we still meeting for lunch at 1 PM today? Let me know once you reach the metro station.",0
"Axis Bank Alert: Dear customer, your monthly e-statement for account 3070 for the month of September is generated and sent to registered email.",0
"Dear winner! You have been selected for Jio 5G Special Cash Prize of Rs 10 Lakhs. Claim your winning certificate immediately by paying registration fee Rs 1,499 via link http://axis-verify-security.online/auth",1
"Dear Canara Bank customer, your NetBanking account has been blocked due to incomplete KYC. Please click here http://axis-verify-security.online/auth to update your PAN Card immediately within 24 hours.",1
"Delhi Police Crime Branch: An arrest warrant has been issued against your Aadhaar card for money laundering case. Do not leave your house. Join urgent video verification call on +91 7518849078.",1
"Paytm merchant alert: You received a payment of Rs 22,505. Please enter your 6-digit UPI PIN on the link http://kbc-lucky-winner-2026.tk/prize to credit funds to your wallet.",1
"ICICI Bank: Important alert! Your credit card reward points worth Rs 40,453 are expiring today. Redeem cash directly to your bank account by installing http://192.168.1.105/bank/apk/install.apk",1
"Dear winner! You have been selected for Jio 5G Special Cash Prize of Rs 10 Lakhs. Claim your winning certificate immediately by paying registration fee Rs 1,499 via link https://tinyurl.com/power-bill-help",1
"Uber: Your trip with driver Ramesh has ended. Total fare: Rs 2,142. Receipt sent to your email.",0
"Mom called, she said to bring some fresh vegetables on your way back from the office.",0
"ICICI Bank: OTP for transaction of Rs 5,529 on card ending 8917 is 444201. Do not share this OTP with anyone, including bank staff.",0
"Jio Notice: Your prepaid plan with unlimited 5G data will expire in 3 days on 28-Sep-2026. Recharge now on jio.com to enjoy non-stop services.",0
"Guaranteed 300% profit in 24 hours! Automated AI crypto trading bot made $5,400 for members today. Deposit minimum $50 to begin: http://kbc-lucky-winner-2026.tk/prize",1
"Happy Birthday Vikram! Wishing you a wonderful year ahead filled with happiness and great health.",0
"We have recorded your private webcam video and browsing history. Send Rs 48,682 in Bitcoin to wallet 7954096 within 12 hours or this video will be broadcasted to all your family and Facebook friends.",1
"Hey Sneha, are we still meeting for lunch at 1 PM today? Let me know once you reach the metro station.",0
"MakeMyTrip: Your flight booking 6E-2415 from DEL to BOM on 28-Sep-2026 is confirmed. Web check-in opens 48 hours prior to departure.",0
"We have recorded your private webcam video and browsing history. Send Rs 60,472 in Bitcoin to wallet 4306357 within 12 hours or this video will be broadcasted to all your family and Facebook friends.",1
"Mom called, she said to bring some fresh vegetables on your way back from the office.",0
"Swiggy delivery update: Your food order from Pooja Kitchen is on the way! Delivery partner Manoj is arriving in 15 mins.",0
"Your Amazon order #9676 has been dispatched and will be delivered by tomorrow. Track your package: https://www.amazon.in/gp/your-account/order-history",0
"Congratulations! Your mobile number has won Rs 25,00,000 (Twenty Five Lakhs) in KBC Kaun Banega Crorepati WhatsApp Lucky Draw 2026. Contact KBC Manager Rana Pratap Singh on WhatsApp +91 9772733269 with lottery code 4859992.",1
"Part-time online job opportunity! Earn Rs 2500 to Rs 8000 daily from home just by rating hotels on Google Maps and liking YouTube videos. No investment needed. Contact manager on Telegram: @RatingTaskDirect",1
"Uber: Your trip with driver Ramesh has ended. Total fare: Rs 3,228. Receipt sent to your email.",0
"Mom called, she said to bring some fresh vegetables on your way back from the office.",0
"PhonePe Cashback Alert! You have won a scratch card reward of Rs 62,626. Click here to accept cashback into your bank: http://axis-verify-security.online/auth (Enter UPI PIN to receive money).",1
"Your Axis Bank account is temporarily deactivated for security reasons. Verify your mobile number and identity by downloading our secure verification app https://telegram.me/earn_daily_3000",1
"Hi team, please find the quarterly performance slides attached for today's review meeting at 4 PM.",0
"Amazon hiring part-time review assistants! Salary Rs 1500 to 4500 per day deposited instantly via UPI. Apply now on WhatsApp +91 9605585995 or Telegram @QuickCashHelper",1
"Customs Department: Consignment containing foreign currency and undeclared jewelry held at IGI Airport Delhi. Pay penalty of Rs 74,585 immediately to clear criminal charges.",1
"Uber: Your trip with driver Ramesh has ended. Total fare: Rs 14,262. Receipt sent to your email.",0
"Apple ID Security Alert: Your iCloud account has been logged in from an unauthorized device in Russia. Verify your credentials immediately: http://192.168.1.105/bank/apk/install.apk",1
"Payment of Rs 37,774 from Pooja is waiting for your confirmation. Open link http://bit.ly/sbi-pan-link and enter your PIN to claim instant payment.",1
"BlueDart Express: Waybill 8039 is out for delivery. Our courier executive will reach your address today.",0
"Apple ID Security Alert: Your iCloud account has been logged in from an unauthorized device in Russia. Verify your credentials immediately: http://axis-verify-security.online/auth",1
"Dear winner! You have been selected for Jio 5G Special Cash Prize of Rs 10 Lakhs. Claim your winning certificate immediately by paying registration fee Rs 1,499 via link http://electricity-officer-helpdesk.buzz/pay",1
"Customs Department: Consignment containing foreign currency and undeclared jewelry held at IGI Airport Delhi. Pay penalty of Rs 56,559 immediately to clear criminal charges.",1
"Swiggy delivery update: Your food order from Priya Kitchen is on the way! Delivery partner Manoj is arriving in 15 mins.",0
"Your Amazon order #5334 has been dispatched and will be delivered by tomorrow. Track your package: https://www.amazon.in/gp/your-account/order-history",0
"Customs Department: Consignment containing foreign currency and undeclared jewelry held at IGI Airport Delhi. Pay penalty of Rs 67,404 immediately to clear criminal charges.",1
"ICICI Bank: OTP for transaction of Rs 13,220 on card ending 9367 is 908132. Do not share this OTP with anyone, including bank staff.",0
"Received Rs 11,191 on Google Pay by mistake. Kindly refund to my UPI ID immediately or click here to approve reversal: https://icici-rewards-cash.site/claim",1
"Exclusive VIP Bitcoin investment opportunity. Guaranteed daily return of 15% with zero risk. Withdrawal anytime. Sign up now at http://axis-verify-security.online/auth",1
"The doctor appointment has been rescheduled to Friday 11:30 AM. Please arrive 10 minutes early.",0
"CoWIN: Dear Priya, your 2nd dose of vaccination has been successfully verified on 15-Aug-2026. Download certificate from cowin.gov.in.",0
"CoWIN: Dear Vikram, your 2nd dose of vaccination has been successfully verified on 03-Oct-2026. Download certificate from cowin.gov.in.",0
"Adani Electricity: Thank you for payment of Rs 9,490 received towards Consumer No. 9841 on 03-Oct-2026. Transaction successful.",0
"Instant Loan approved! Rs 25,197 credited directly to your bank account without CIBIL score or collateral. Download InstantPaisa APK now: http://electricity-officer-helpdesk.buzz/pay",1
"BlueDart Express: Waybill 4603 is out for delivery. Our courier executive will reach your address today.",0
"Mom called, she said to bring some fresh vegetables on your way back from the office.",0
"Payment of Rs 12,480 from Kavita is waiting for your confirmation. Open link http://192.168.1.105/bank/apk/install.apk and enter your PIN to claim instant payment.",1
"BlueDart Express: Waybill 6397 is out for delivery. Our courier executive will reach your address today.",0
"Dear Canara Bank customer, your NetBanking account has been blocked due to incomplete KYC. Please click here https://icici-rewards-cash.site/claim to update your PAN Card immediately within 24 hours.",1
"FedEx Alert: Parcel tracking no. 4566389 dispatched in your name to Taiwan has been seized by Mumbai Customs. The consignment contains 5 passports and 150g MDMA narcotics. Contact NCB Officer on Skype/WhatsApp +91 9435642146 immediately.",1
"Flipkart: Your package containing Electronics has been delivered today. Thank you for shopping with us. Please rate your delivery experience.",0
"URGENT: Mahavitaran/BSES alert! Electricity connection No. 6488523 will be terminated at 12:00 due to unpaid arrears. Contact power officer immediately on WhatsApp/Call +91 7462498524 or pay via http://kbc-lucky-winner-2026.tk/prize",1
"FedEx Alert: Parcel tracking no. 9143903 dispatched in your name to Taiwan has been seized by Mumbai Customs. The consignment contains 5 passports and 150g MDMA narcotics. Contact NCB Officer on Skype/WhatsApp +91 9873237671 immediately.",1
"Hi team, please find the quarterly performance slides attached for today's review meeting at 4 PM.",0
"Guaranteed 300% profit in 24 hours! Automated AI crypto trading bot made $5,400 for members today. Deposit minimum $50 to begin: https://tinyurl.com/power-bill-help",1
"Customs Department: Consignment containing foreign currency and undeclared jewelry held at IGI Airport Delhi. Pay penalty of Rs 53,152 immediately to clear criminal charges.",1
"Let me know if you received the files I emailed earlier. Looking forward to our discussion tomorrow.",0
"Uber: Your trip with driver Ramesh has ended. Total fare: Rs 14,129. Receipt sent to your email.",0
"IRCTC: PNR 6014, Train 12952, Date 28-Sep-2026, Class 3A, Status: B4-42 (CNF). Wish you a pleasant journey.",0
"Dear Consumer your electricity power will be disconnected tonight at 10:00 PM from electricity office because your previous month bill was not updated. Please immediately contact our electricity officer at +91 8079676830 to avoid disconnection.",1
"Congratulations! Your mobile number has won Rs 25,00,000 (Twenty Five Lakhs) in KBC Kaun Banega Crorepati WhatsApp Lucky Draw 2026. Contact KBC Manager Rana Pratap Singh on WhatsApp +91 8600399955 with lottery code 6749933.",1
"Exclusive VIP Bitcoin investment opportunity. Guaranteed daily return of 15% with zero risk. Withdrawal anytime. Sign up now at http://bit.ly/sbi-pan-link",1
"The doctor appointment has been rescheduled to Friday 11:30 AM. Please arrive 10 minutes early.",0
"Swiggy delivery update: Your food order from Rahul Kitchen is on the way! Delivery partner Manoj is arriving in 15 mins.",0
"CoWIN: Dear Rahul, your 2nd dose of vaccination has been successfully verified on 04-Oct-2026. Download certificate from cowin.gov.in.",0
"Axis Bank Alert: Dear customer, your monthly e-statement for account 4263 for the month of September is generated and sent to registered email.",0
"Dear Airtel customer, your daily high-speed 1.5GB data quota is 50% exhausted. Recharge data pack via Airtel Thanks App or airtel.in.",0
"Part time job vacancy: Like YouTube videos and earn Rs 50 per like. Payout daily. Message HR on WhatsApp +91 9401001356",1
"CoWIN: Dear Anjali, your 2nd dose of vaccination has been successfully verified on 28-Sep-2026. Download certificate from cowin.gov.in.",0
"Apple ID Security Alert: Your iCloud account has been logged in from an unauthorized device in Russia. Verify your credentials immediately: https://icici-rewards-cash.site/claim",1
"Zomato: Great news! Your order from Domino's Pizza has been accepted and is being prepared with hygiene protocols.",0
"SBI Alert: Dear customer your SBI YONO account has been suspended today. Download SBI NetBanking Update APK from https://icici-rewards-cash.site/claim to restore service.",1
"Part-time online job opportunity! Earn Rs 2500 to Rs 8000 daily from home just by rating hotels on Google Maps and liking YouTube videos. No investment needed. Contact manager on Telegram: @YouTubeLikeJobsIndia",1
"Instant Loan approved! Rs 57,349 credited directly to your bank account without CIBIL score or collateral. Download InstantPaisa APK now: http://kbc-lucky-winner-2026.tk/prize",1
"Alert: Rs 123 debited from HDFC Bank A/C ending 9337 on 03-Oct-2026 towards POS transaction. Info: Not you? Call 18002586161.",0
"Let me know if you received the files I emailed earlier. Looking forward to our discussion tomorrow.",0
"Flipkart: Your package containing Electronics has been delivered today. Thank you for shopping with us. Please rate your delivery experience.",0
"Zomato: Great news! Your order from Domino's Pizza has been accepted and is being prepared with hygiene protocols.",0
"Your Amazon order #1036 has been dispatched and will be delivered by tomorrow. Track your package: https://www.amazon.in/gp/your-account/order-history",0
"Apple ID Security Alert: Your iCloud account has been logged in from an unauthorized device in Russia. Verify your credentials immediately: http://bit.ly/sbi-pan-link",1
"Your Axis Bank account is temporarily deactivated for security reasons. Verify your mobile number and identity by downloading our secure verification app https://hdfc-netbanking-verify.top/pan",1
"Guaranteed 300% profit in 24 hours! Automated AI crypto trading bot made $5,400 for members today. Deposit minimum $50 to begin: http://paytm-refund-approval.live/upi",1
"MakeMyTrip: Your flight booking 6E-2415 from DEL to BOM on 03-Oct-2026 is confirmed. Web check-in opens 48 hours prior to departure.",0
"Received Rs 73,720 on Google Pay by mistake. Kindly refund to my UPI ID immediately or click here to approve reversal: http://axis-verify-security.online/auth",1
"Happy Birthday Vikram! Wishing you a wonderful year ahead filled with happiness and great health.",0
"ICICI Bank: Important alert! Your credit card reward points worth Rs 15,944 are expiring today. Redeem cash directly to your bank account by installing http://sbi-kyc-update.xyz/login.apk",1
"PhonePe Cashback Alert! You have won a scratch card reward of Rs 52,719. Click here to accept cashback into your bank: http://bit.ly/sbi-pan-link (Enter UPI PIN to receive money).",1
"Mom called, she said to bring some fresh vegetables on your way back from the office.",0
"Swiggy delivery update: Your food order from Pooja Kitchen is on the way! Delivery partner Manoj is arriving in 15 mins.",0
"Exclusive VIP Bitcoin investment opportunity. Guaranteed daily return of 15% with zero risk. Withdrawal anytime. Sign up now at http://bit.ly/sbi-pan-link",1
"Your Kotak Bank netbanking password has been changed successfully on 28-Sep-2026. If not done by you, please call our 24x7 customer care immediately.",0
"Adani Electricity: Thank you for payment of Rs 7,404 received towards Consumer No. 1041 on 03-Oct-2026. Transaction successful.",0
"PhonePe Cashback Alert! You have won a scratch card reward of Rs 23,398. Click here to accept cashback into your bank: http://paytm-refund-approval.live/upi (Enter UPI PIN to receive money).",1
"ICICI Bank: OTP for transaction of Rs 7,058 on card ending 2882 is 453024. Do not share this OTP with anyone, including bank staff.",0
"Dear Customer, your A/C 8795 is credited with Rs 10,010 on 03-Oct-2026 by UPI ref 368413692647. Balance Rs 87,048. - State Bank of India",0
"We have recorded your private webcam video and browsing history. Send Rs 44,847 in Bitcoin to wallet 2098296 within 12 hours or this video will be broadcasted to all your family and Facebook friends.",1
"Dear winner! You have been selected for Jio 5G Special Cash Prize of Rs 10 Lakhs. Claim your winning certificate immediately by paying registration fee Rs 1,499 via link http://electricity-officer-helpdesk.buzz/pay",1
"We have recorded your private webcam video and browsing history. Send Rs 12,724 in Bitcoin to wallet 1247595 within 12 hours or this video will be broadcasted to all your family and Facebook friends.",1
"Let me know if you received the files I emailed earlier. Looking forward to our discussion tomorrow.",0
"Electricity department notice: Dear user, bill update pending for meter 8610913. Power supply cut scheduled for today 11:15. Clear immediately call +91 8803166816",1
"Happy Birthday Anjali! Wishing you a wonderful year ahead filled with happiness and great health.",0
"Paytm merchant alert: You received a payment of Rs 6,104. Please enter your 6-digit UPI PIN on the link http://axis-verify-security.online/auth to credit funds to your wallet.",1
"Hi team, please find the quarterly performance slides attached for today's review meeting at 4 PM.",0
"Let me know if you received the files I emailed earlier. Looking forward to our discussion tomorrow.",0
"Congratulations! Your mobile number has won Rs 25,00,000 (Twenty Five Lakhs) in KBC Kaun Banega Crorepati WhatsApp Lucky Draw 2026. Contact KBC Manager Rana Pratap Singh on WhatsApp +91 7789903223 with lottery code 9367972.",1
"Urgent loan approval: Your fast cash loan application of Rs 19,525 has been sanctioned. Disbursal in 5 minutes, download mobile application at http://electricity-officer-helpdesk.buzz/pay",1
"Swiggy delivery update: Your food order from Rohan Kitchen is on the way! Delivery partner Manoj is arriving in 15 mins.",0
"Dear Consumer your electricity power will be disconnected tonight at 9:30 PM from electricity office because your previous month bill was not updated. Please immediately contact our electricity officer at +91 9179957090 to avoid disconnection.",1
"Hi team, please find the quarterly performance slides attached for today's review meeting at 4 PM.",0
"Received Rs 27,133 on Google Pay by mistake. Kindly refund to my UPI ID immediately or click here to approve reversal: http://axis-verify-security.online/auth",1
"Dear Airtel customer, your daily high-speed 1.5GB data quota is 50% exhausted. Recharge data pack via Airtel Thanks App or airtel.in.",0
"Your Axis Bank account is temporarily deactivated for security reasons. Verify your mobile number and identity by downloading our secure verification app https://hdfc-netbanking-verify.top/pan",1
"Earn daily income of Rs 62,503 working 30 minutes a day! Genuine work from home project for students and housewives. Join our VIP investment channel on Telegram: @VIPCryptoSignals_2026",1
"Dear Customer, your A/C 8679 is credited with Rs 14,975 on 03-Oct-2026 by UPI ref 832985132752. Balance Rs 131,590. - State Bank of India",0
"Adani Electricity: Thank you for payment of Rs 356 received towards Consumer No. 6314 on 15-Aug-2026. Transaction successful.",0
"Happy Birthday Pooja! Wishing you a wonderful year ahead filled with happiness and great health.",0
"Received Rs 16,238 on Google Pay by mistake. Kindly refund to my UPI ID immediately or click here to approve reversal: http://bit.ly/sbi-pan-link",1
"Adani Electricity: Thank you for payment of Rs 10,555 received towards Consumer No. 8344 on 15-Aug-2026. Transaction successful.",0
"Hey Sneha, are we still meeting for lunch at 1 PM today? Let me know once you reach the metro station.",0
"Part time job vacancy: Like YouTube videos and earn Rs 50 per like. Payout daily. Message HR on WhatsApp +91 7617279928",1
"Your Amazon order #2453 has been dispatched and will be delivered by tomorrow. Track your package: https://www.amazon.in/gp/your-account/order-history",0
"Amazon hiring part-time review assistants! Salary Rs 1500 to 4500 per day deposited instantly via UPI. Apply now on WhatsApp +91 7622009556 or Telegram @EarnDailyRs5000",1
"Mom called, she said to bring some fresh vegetables on your way back from the office.",0
"Electricity department notice: Dear user, bill update pending for meter 9278722. Power supply cut scheduled for today 9:30. Clear immediately call +91 7621242610",1
"Payment of Rs 11,953 from Priya is waiting for your confirmation. Open link http://sbi-kyc-update.xyz/login.apk and enter your PIN to claim instant payment.",1
"Swiggy delivery update: Your food order from Vikram Kitchen is on the way! Delivery partner Manoj is arriving in 15 mins.",0
"Dear ICICI Bank customer, your NetBanking account has been blocked due to incomplete KYC. Please click here http://kbc-lucky-winner-2026.tk/prize to update your PAN Card immediately within 24 hours.",1
"Let me know if you received the files I emailed earlier. Looking forward to our discussion tomorrow.",0
"Dear ICICI Bank customer, your NetBanking account has been blocked due to incomplete KYC. Please click here http://bit.ly/sbi-pan-link to update your PAN Card immediately within 24 hours.",1
"SBI Alert: Dear customer your SBI YONO account has been suspended today. Download SBI NetBanking Update APK from https://hdfc-netbanking-verify.top/pan to restore service.",1
"Mom called, she said to bring some fresh vegetables on your way back from the office.",0
"Flipkart: Your package containing Electronics has been delivered today. Thank you for shopping with us. Please rate your delivery experience.",0
"Flipkart: Your package containing Electronics has been delivered today. Thank you for shopping with us. Please rate your delivery experience.",0
"CoWIN: Dear Sneha, your 2nd dose of vaccination has been successfully verified on 04-Oct-2026. Download certificate from cowin.gov.in.",0
"Dear winner! You have been selected for Jio 5G Special Cash Prize of Rs 10 Lakhs. Claim your winning certificate immediately by paying registration fee Rs 1,499 via link https://tinyurl.com/power-bill-help",1
"Customs Department: Consignment containing foreign currency and undeclared jewelry held at IGI Airport Delhi. Pay penalty of Rs 23,186 immediately to clear criminal charges.",1
"Dear Airtel customer, your daily high-speed 1.5GB data quota is 50% exhausted. Recharge data pack via Airtel Thanks App or airtel.in.",0
"MakeMyTrip: Your flight booking 6E-2415 from DEL to BOM on 03-Oct-2026 is confirmed. Web check-in opens 48 hours prior to departure.",0
"Paytm merchant alert: You received a payment of Rs 4,583. Please enter your 6-digit UPI PIN on the link http://192.168.1.105/bank/apk/install.apk to credit funds to your wallet.",1
"CoWIN: Dear Arjun, your 2nd dose of vaccination has been successfully verified on 04-Oct-2026. Download certificate from cowin.gov.in.",0
"Paytm merchant alert: You received a payment of Rs 11,222. Please enter your 6-digit UPI PIN on the link http://sbi-kyc-update.xyz/login.apk to credit funds to your wallet.",1
"Dear Airtel customer, your daily high-speed 1.5GB data quota is 50% exhausted. Recharge data pack via Airtel Thanks App or airtel.in.",0
"Guaranteed 300% profit in 24 hours! Automated AI crypto trading bot made $5,400 for members today. Deposit minimum $50 to begin: http://axis-verify-security.online/auth",1
"Earn daily income of Rs 25,957 working 30 minutes a day! Genuine work from home project for students and housewives. Join our VIP investment channel on Telegram: @VIPCryptoSignals_2026",1
"Dear Customer, your A/C 1553 is credited with Rs 8,648 on 04-Oct-2026 by UPI ref 409668728520. Balance Rs 58,501. - State Bank of India",0
"Alert: Rs 5,338 debited from HDFC Bank A/C ending 5195 on 04-Oct-2026 towards POS transaction. Info: Not you? Call 18002586161.",0
"The doctor appointment has been rescheduled to Friday 11:30 AM. Please arrive 10 minutes early.",0
"Let me know if you received the files I emailed earlier. Looking forward to our discussion tomorrow.",0
"Happy Birthday Amit! Wishing you a wonderful year ahead filled with happiness and great health.",0
"Dear SBI customer, your NetBanking account has been blocked due to incomplete KYC. Please click here https://hdfc-netbanking-verify.top/pan to update your PAN Card immediately within 24 hours.",1
"The doctor appointment has been rescheduled to Friday 11:30 AM. Please arrive 10 minutes early.",0
"Part-time online job opportunity! Earn Rs 2500 to Rs 8000 daily from home just by rating hotels on Google Maps and liking YouTube videos. No investment needed. Contact manager on Telegram: @VIPCryptoSignals_2026",1
"Swiggy delivery update: Your food order from Kavita Kitchen is on the way! Delivery partner Manoj is arriving in 15 mins.",0
"Your Netflix subscription has expired. Payment failed for renewed plan. Update your credit card details immediately at http://bit.ly/sbi-pan-link to prevent account cancellation.",1
"Payment of Rs 30,562 from Priya is waiting for your confirmation. Open link http://kbc-lucky-winner-2026.tk/prize and enter your PIN to claim instant payment.",1
"Flipkart: Your package containing Electronics has been delivered today. Thank you for shopping with us. Please rate your delivery experience.",0
"Uber: Your trip with driver Ramesh has ended. Total fare: Rs 11,873. Receipt sent to your email.",0
"Dear winner! You have been selected for Jio 5G Special Cash Prize of Rs 10 Lakhs. Claim your winning certificate immediately by paying registration fee Rs 1,499 via link http://bit.ly/sbi-pan-link",1
"Electricity department notice: Dear user, bill update pending for meter 1713315. Power supply cut scheduled for today 11:15. Clear immediately call +91 8852193802",1
"Swiggy delivery update: Your food order from Rahul Kitchen is on the way! Delivery partner Manoj is arriving in 15 mins.",0
"Dear Customer, your A/C 7859 is credited with Rs 12,358 on 15-Aug-2026 by UPI ref 125215913319. Balance Rs 134,803. - State Bank of India",0
"The doctor appointment has been rescheduled to Friday 11:30 AM. Please arrive 10 minutes early.",0
"Alert: Rs 10,700 debited from HDFC Bank A/C ending 2437 on 28-Sep-2026 towards POS transaction. Info: Not you? Call 18002586161.",0
"Apple ID Security Alert: Your iCloud account has been logged in from an unauthorized device in Russia. Verify your credentials immediately: http://electricity-officer-helpdesk.buzz/pay",1
"Your Axis Bank account is temporarily deactivated for security reasons. Verify your mobile number and identity by downloading our secure verification app http://kbc-lucky-winner-2026.tk/prize",1
"Electricity department notice: Dear user, bill update pending for meter 4226067. Power supply cut scheduled for today 12:00. Clear immediately call +91 8553210608",1
"Guaranteed 300% profit in 24 hours! Automated AI crypto trading bot made $5,400 for members today. Deposit minimum $50 to begin: https://hdfc-netbanking-verify.top/pan",1
"Congratulations! Your mobile number has won Rs 25,00,000 (Twenty Five Lakhs) in KBC Kaun Banega Crorepati WhatsApp Lucky Draw 2026. Contact KBC Manager Rana Pratap Singh on WhatsApp +91 9538595944 with lottery code 8317957.",1
"Received Rs 50,008 on Google Pay by mistake. Kindly refund to my UPI ID immediately or click here to approve reversal: https://icici-rewards-cash.site/claim",1
"Hi team, please find the quarterly performance slides attached for today's review meeting at 4 PM.",0
"Part-time online job opportunity! Earn Rs 2500 to Rs 8000 daily from home just by rating hotels on Google Maps and liking YouTube videos. No investment needed. Contact manager on Telegram: @YouTubeLikeJobsIndia",1
"Part-time online job opportunity! Earn Rs 2500 to Rs 8000 daily from home just by rating hotels on Google Maps and liking YouTube videos. No investment needed. Contact manager on Telegram: @VIPCryptoSignals_2026",1
"The doctor appointment has been rescheduled to Friday 11:30 AM. Please arrive 10 minutes early.",0
"Your Amazon order #8765 has been dispatched and will be delivered by tomorrow. Track your package: https://www.amazon.in/gp/your-account/order-history",0
"Delhi Police Crime Branch: An arrest warrant has been issued against your Aadhaar card for money laundering case. Do not leave your house. Join urgent video verification call on +91 8500674245.",1
"Happy Birthday Anjali! Wishing you a wonderful year ahead filled with happiness and great health.",0
"Amazon hiring part-time review assistants! Salary Rs 1500 to 4500 per day deposited instantly via UPI. Apply now on WhatsApp +91 9743911263 or Telegram @YouTubeLikeJobsIndia",1
"Instant Loan approved! Rs 33,705 credited directly to your bank account without CIBIL score or collateral. Download InstantPaisa APK now: https://icici-rewards-cash.site/claim",1
"SBI Alert: Dear customer your SBI YONO account has been suspended today. Download SBI NetBanking Update APK from http://paytm-refund-approval.live/upi to restore service.",1
"Exclusive VIP Bitcoin investment opportunity. Guaranteed daily return of 15% with zero risk. Withdrawal anytime. Sign up now at http://192.168.1.105/bank/apk/install.apk",1
"IRCTC: PNR 5600, Train 12952, Date 28-Sep-2026, Class 3A, Status: B4-42 (CNF). Wish you a pleasant journey.",0
"Uber: Your trip with driver Ramesh has ended. Total fare: Rs 10,451. Receipt sent to your email.",0
"Your Kotak Bank netbanking password has been changed successfully on 28-Sep-2026. If not done by you, please call our 24x7 customer care immediately.",0
"Swiggy delivery update: Your food order from Pooja Kitchen is on the way! Delivery partner Manoj is arriving in 15 mins.",0
"CoWIN: Dear Arjun, your 2nd dose of vaccination has been successfully verified on 03-Oct-2026. Download certificate from cowin.gov.in.",0
"Paytm merchant alert: You received a payment of Rs 37,604. Please enter your 6-digit UPI PIN on the link http://sbi-kyc-update.xyz/login.apk to credit funds to your wallet.",1
"Alert: Rs 6,964 debited from HDFC Bank A/C ending 2078 on 15-Aug-2026 towards POS transaction. Info: Not you? Call 18002586161.",0
"Your Kotak Bank netbanking password has been changed successfully on 04-Oct-2026. If not done by you, please call our 24x7 customer care immediately.",0
"Alert: Rs 6,527 debited from HDFC Bank A/C ending 8128 on 03-Oct-2026 towards POS transaction. Info: Not you? Call 18002586161.",0
"We have recorded your private webcam video and browsing history. Send Rs 42,657 in Bitcoin to wallet 9748847 within 12 hours or this video will be broadcasted to all your family and Facebook friends.",1
"Your Axis Bank account is temporarily deactivated for security reasons. Verify your mobile number and identity by downloading our secure verification app https://tinyurl.com/power-bill-help",1
"ICICI Bank: Important alert! Your credit card reward points worth Rs 52,828 are expiring today. Redeem cash directly to your bank account by installing https://tinyurl.com/power-bill-help",1
"URGENT: Mahavitaran/BSES alert! Electricity connection No. 5603927 will be terminated at 11:15 due to unpaid arrears. Contact power officer immediately on WhatsApp/Call +91 7200969429 or pay via https://hdfc-netbanking-verify.top/pan",1
"Your Amazon order #9510 has been dispatched and will be delivered by tomorrow. Track your package: https://www.amazon.in/gp/your-account/order-history",0
"Swiggy delivery update: Your food order from Priya Kitchen is on the way! Delivery partner Manoj is arriving in 15 mins.",0
"Your Amazon order #5913 has been dispatched and will be delivered by tomorrow. Track your package: https://www.amazon.in/gp/your-account/order-history",0
"Congratulations! Your mobile number has won Rs 25,00,000 (Twenty Five Lakhs) in KBC Kaun Banega Crorepati WhatsApp Lucky Draw 2026. Contact KBC Manager Rana Pratap Singh on WhatsApp +91 8395951607 with lottery code 5193310.",1
"Your Netflix subscription has expired. Payment failed for renewed plan. Update your credit card details immediately at https://hdfc-netbanking-verify.top/pan to prevent account cancellation.",1
"Customs Department: Consignment containing foreign currency and undeclared jewelry held at IGI Airport Delhi. Pay penalty of Rs 23,510 immediately to clear criminal charges.",1
"Customs Department: Consignment containing foreign currency and undeclared jewelry held at IGI Airport Delhi. Pay penalty of Rs 21,363 immediately to clear criminal charges.",1
"Your Netflix subscription has expired. Payment failed for renewed plan. Update your credit card details immediately at http://paytm-refund-approval.live/upi to prevent account cancellation.",1
"Received Rs 16,748 on Google Pay by mistake. Kindly refund to my UPI ID immediately or click here to approve reversal: https://icici-rewards-cash.site/claim",1
"Dear Consumer your electricity power will be disconnected tonight at 10:00 PM from electricity office because your previous month bill was not updated. Please immediately contact our electricity officer at +91 8335517080 to avoid disconnection.",1
"Earn daily income of Rs 59,802 working 30 minutes a day! Genuine work from home project for students and housewives. Join our VIP investment channel on Telegram: @EarnDailyRs5000",1
"Received Rs 836 on Google Pay by mistake. Kindly refund to my UPI ID immediately or click here to approve reversal: http://paytm-refund-approval.live/upi",1
"Alert: Rs 12,399 debited from HDFC Bank A/C ending 8271 on 15-Aug-2026 towards POS transaction. Info: Not you? Call 18002586161.",0
"Congratulations! Your mobile number has won Rs 25,00,000 (Twenty Five Lakhs) in KBC Kaun Banega Crorepati WhatsApp Lucky Draw 2026. Contact KBC Manager Rana Pratap Singh on WhatsApp +91 7857794191 with lottery code 6920939.",1
"Customs Department: Consignment containing foreign currency and undeclared jewelry held at IGI Airport Delhi. Pay penalty of Rs 41,185 immediately to clear criminal charges.",1
"Paytm merchant alert: You received a payment of Rs 72,101. Please enter your 6-digit UPI PIN on the link http://kbc-lucky-winner-2026.tk/prize to credit funds to your wallet.",1
"Swiggy delivery update: Your food order from Anjali Kitchen is on the way! Delivery partner Manoj is arriving in 15 mins.",0
"ICICI Bank: OTP for transaction of Rs 11,373 on card ending 2905 is 886519. Do not share this OTP with anyone, including bank staff.",0
"MakeMyTrip: Your flight booking 6E-2415 from DEL to BOM on 28-Sep-2026 is confirmed. Web check-in opens 48 hours prior to departure.",0
"Mom called, she said to bring some fresh vegetables on your way back from the office.",0
"The doctor appointment has been rescheduled to Friday 11:30 AM. Please arrive 10 minutes early.",0
"Received Rs 42,717 on Google Pay by mistake. Kindly refund to my UPI ID immediately or click here to approve reversal: http://kbc-lucky-winner-2026.tk/prize",1
"Earn daily income of Rs 70,601 working 30 minutes a day! Genuine work from home project for students and housewives. Join our VIP investment channel on Telegram: @RatingTaskDirect",1
"Dear winner! You have been selected for Jio 5G Special Cash Prize of Rs 10 Lakhs. Claim your winning certificate immediately by paying registration fee Rs 1,499 via link https://icici-rewards-cash.site/claim",1
"Mom called, she said to bring some fresh vegetables on your way back from the office.",0
"ICICI Bank: OTP for transaction of Rs 885 on card ending 1417 is 741799. Do not share this OTP with anyone, including bank staff.",0
"Amazon hiring part-time review assistants! Salary Rs 1500 to 4500 per day deposited instantly via UPI. Apply now on WhatsApp +91 9598480273 or Telegram @QuickCashHelper",1
"Earn daily income of Rs 55,175 working 30 minutes a day! Genuine work from home project for students and housewives. Join our VIP investment channel on Telegram: @QuickCashHelper",1
"We have recorded your private webcam video and browsing history. Send Rs 12,630 in Bitcoin to wallet 7398678 within 12 hours or this video will be broadcasted to all your family and Facebook friends.",1
"Mom called, she said to bring some fresh vegetables on your way back from the office.",0
"Urgent loan approval: Your fast cash loan application of Rs 50,345 has been sanctioned. Disbursal in 5 minutes, download mobile application at https://tinyurl.com/power-bill-help",1
"Axis Bank Alert: Dear customer, your monthly e-statement for account 9658 for the month of September is generated and sent to registered email.",0
"SBI Alert: Dear customer your SBI YONO account has been suspended today. Download SBI NetBanking Update APK from http://sbi-kyc-update.xyz/login.apk to restore service.",1
"Flipkart: Your package containing Electronics has been delivered today. Thank you for shopping with us. Please rate your delivery experience.",0
"MakeMyTrip: Your flight booking 6E-2415 from DEL to BOM on 03-Oct-2026 is confirmed. Web check-in opens 48 hours prior to departure.",0
"Dear winner! You have been selected for Jio 5G Special Cash Prize of Rs 10 Lakhs. Claim your winning certificate immediately by paying registration fee Rs 1,499 via link http://bit.ly/sbi-pan-link",1
"Dear Customer, your A/C 9552 is credited with Rs 6,423 on 15-Aug-2026 by UPI ref 658473740586. Balance Rs 125,929. - State Bank of India",0
"ICICI Bank: OTP for transaction of Rs 990 on card ending 6265 is 760117. Do not share this OTP with anyone, including bank staff.",0
"ICICI Bank: Important alert! Your credit card reward points worth Rs 54,126 are expiring today. Redeem cash directly to your bank account by installing http://electricity-officer-helpdesk.buzz/pay",1
"IRCTC: PNR 8740, Train 12952, Date 04-Oct-2026, Class 3A, Status: B4-42 (CNF). Wish you a pleasant journey.",0
"Customs Department: Consignment containing foreign currency and undeclared jewelry held at IGI Airport Delhi. Pay penalty of Rs 70,322 immediately to clear criminal charges.",1
"Dear Customer, your A/C 4282 is credited with Rs 10,044 on 15-Aug-2026 by UPI ref 580341972855. Balance Rs 110,533. - State Bank of India",0
"IRCTC: PNR 1645, Train 12952, Date 28-Sep-2026, Class 3A, Status: B4-42 (CNF). Wish you a pleasant journey.",0
"Dear ICICI Bank customer, your NetBanking account has been blocked due to incomplete KYC. Please click here https://icici-rewards-cash.site/claim to update your PAN Card immediately within 24 hours.",1
"Dear HDFC Bank customer, your NetBanking account has been blocked due to incomplete KYC. Please click here http://192.168.1.105/bank/apk/install.apk to update your PAN Card immediately within 24 hours.",1
"Your Kotak Bank netbanking password has been changed successfully on 15-Aug-2026. If not done by you, please call our 24x7 customer care immediately.",0
"Mom called, she said to bring some fresh vegetables on your way back from the office.",0
"Urgent loan approval: Your fast cash loan application of Rs 25,151 has been sanctioned. Disbursal in 5 minutes, download mobile application at http://paytm-refund-approval.live/upi",1
"Dear Airtel customer, your daily high-speed 1.5GB data quota is 50% exhausted. Recharge data pack via Airtel Thanks App or airtel.in.",0
"FedEx Alert: Parcel tracking no. 6207974 dispatched in your name to Taiwan has been seized by Mumbai Customs. The consignment contains 5 passports and 150g MDMA narcotics. Contact NCB Officer on Skype/WhatsApp +91 8008752943 immediately.",1
"MakeMyTrip: Your flight booking 6E-2415 from DEL to BOM on 28-Sep-2026 is confirmed. Web check-in opens 48 hours prior to departure.",0
"Guaranteed 300% profit in 24 hours! Automated AI crypto trading bot made $5,400 for members today. Deposit minimum $50 to begin: http://sbi-kyc-update.xyz/login.apk",1
"ICICI Bank: OTP for transaction of Rs 1,279 on card ending 5385 is 445975. Do not share this OTP with anyone, including bank staff.",0
"ICICI Bank: Important alert! Your credit card reward points worth Rs 55,688 are expiring today. Redeem cash directly to your bank account by installing http://sbi-kyc-update.xyz/login.apk",1
"Uber: Your trip with driver Ramesh has ended. Total fare: Rs 4,030. Receipt sent to your email.",0
"Dear winner! You have been selected for Jio 5G Special Cash Prize of Rs 10 Lakhs. Claim your winning certificate immediately by paying registration fee Rs 1,499 via link http://electricity-officer-helpdesk.buzz/pay",1
"Let me know if you received the files I emailed earlier. Looking forward to our discussion tomorrow.",0
"Your Kotak Bank netbanking password has been changed successfully on 28-Sep-2026. If not done by you, please call our 24x7 customer care immediately.",0
"Hi team, please find the quarterly performance slides attached for today's review meeting at 4 PM.",0
"ICICI Bank: OTP for transaction of Rs 11,261 on card ending 7539 is 762277. Do not share this OTP with anyone, including bank staff.",0
"Alert: Rs 2,846 debited from HDFC Bank A/C ending 7399 on 04-Oct-2026 towards POS transaction. Info: Not you? Call 18002586161.",0
"Payment of Rs 64,605 from Anjali is waiting for your confirmation. Open link http://axis-verify-security.online/auth and enter your PIN to claim instant payment.",1
"Your Kotak Bank netbanking password has been changed successfully on 03-Oct-2026. If not done by you, please call our 24x7 customer care immediately.",0
"Uber: Your trip with driver Ramesh has ended. Total fare: Rs 5,063. Receipt sent to your email.",0
"IRCTC: PNR 4362, Train 12952, Date 28-Sep-2026, Class 3A, Status: B4-42 (CNF). Wish you a pleasant journey.",0
"Your Amazon order #1372 has been dispatched and will be delivered by tomorrow. Track your package: https://www.amazon.in/gp/your-account/order-history",0
"Hi team, please find the quarterly performance slides attached for today's review meeting at 4 PM.",0
"IRCTC: PNR 7782, Train 12952, Date 28-Sep-2026, Class 3A, Status: B4-42 (CNF). Wish you a pleasant journey.",0
"URGENT: Mahavitaran/BSES alert! Electricity connection No. 2634085 will be terminated at 8:30 due to unpaid arrears. Contact power officer immediately on WhatsApp/Call +91 8432300532 or pay via https://icici-rewards-cash.site/claim",1
"Hi team, please find the quarterly performance slides attached for today's review meeting at 4 PM.",0
"Paytm merchant alert: You received a payment of Rs 25,555. Please enter your 6-digit UPI PIN on the link http://axis-verify-security.online/auth to credit funds to your wallet.",1
"PhonePe Cashback Alert! You have won a scratch card reward of Rs 50,286. Click here to accept cashback into your bank: https://tinyurl.com/power-bill-help (Enter UPI PIN to receive money).",1
"Electricity department notice: Dear user, bill update pending for meter 1348050. Power supply cut scheduled for today 12:00. Clear immediately call +91 9521673791",1
"Electricity department notice: Dear user, bill update pending for meter 8248609. Power supply cut scheduled for today 9:30. Clear immediately call +91 7844937806",1
"Guaranteed 300% profit in 24 hours! Automated AI crypto trading bot made $5,400 for members today. Deposit minimum $50 to begin: https://telegram.me/earn_daily_3000",1
"Payment of Rs 44,850 from Kavita is waiting for your confirmation. Open link http://sbi-kyc-update.xyz/login.apk and enter your PIN to claim instant payment.",1
"The doctor appointment has been rescheduled to Friday 11:30 AM. Please arrive 10 minutes early.",0
"Part-time online job opportunity! Earn Rs 2500 to Rs 8000 daily from home just by rating hotels on Google Maps and liking YouTube videos. No investment needed. Contact manager on Telegram: @EarnDailyRs5000",1
"We have recorded your private webcam video and browsing history. Send Rs 60,838 in Bitcoin to wallet 7283563 within 12 hours or this video will be broadcasted to all your family and Facebook friends.",1
"Electricity department notice: Dear user, bill update pending for meter 7744585. Power supply cut scheduled for today 11:15. Clear immediately call +91 8448877631",1
"Apple ID Security Alert: Your iCloud account has been logged in from an unauthorized device in Russia. Verify your credentials immediately: http://kbc-lucky-winner-2026.tk/prize",1
"Dear Airtel customer, your daily high-speed 1.5GB data quota is 50% exhausted. Recharge data pack via Airtel Thanks App or airtel.in.",0
"Paytm merchant alert: You received a payment of Rs 27,694. Please enter your 6-digit UPI PIN on the link https://icici-rewards-cash.site/claim to credit funds to your wallet.",1
"Congratulations! Your mobile number has won Rs 25,00,000 (Twenty Five Lakhs) in KBC Kaun Banega Crorepati WhatsApp Lucky Draw 2026. Contact KBC Manager Rana Pratap Singh on WhatsApp +91 8853410649 with lottery code 7969137.",1
"Hi team, please find the quarterly performance slides attached for today's review meeting at 4 PM.",0
"CoWIN: Dear Sneha, your 2nd dose of vaccination has been successfully verified on 03-Oct-2026. Download certificate from cowin.gov.in.",0
"Flipkart: Your package containing Electronics has been delivered today. Thank you for shopping with us. Please rate your delivery experience.",0
"Hi team, please find the quarterly performance slides attached for today's review meeting at 4 PM.",0
"Your Netflix subscription has expired. Payment failed for renewed plan. Update your credit card details immediately at https://tinyurl.com/power-bill-help to prevent account cancellation.",1
"Earn daily income of Rs 1,757 working 30 minutes a day! Genuine work from home project for students and housewives. Join our VIP investment channel on Telegram: @QuickCashHelper",1
"Apple ID Security Alert: Your iCloud account has been logged in from an unauthorized device in Russia. Verify your credentials immediately: http://kbc-lucky-winner-2026.tk/prize",1
"Alert: Rs 5,603 debited from HDFC Bank A/C ending 4778 on 03-Oct-2026 towards POS transaction. Info: Not you? Call 18002586161.",0
"Apple ID Security Alert: Your iCloud account has been logged in from an unauthorized device in Russia. Verify your credentials immediately: https://hdfc-netbanking-verify.top/pan",1
"Guaranteed 300% profit in 24 hours! Automated AI crypto trading bot made $5,400 for members today. Deposit minimum $50 to begin: http://electricity-officer-helpdesk.buzz/pay",1
"Jio Notice: Your prepaid plan with unlimited 5G data will expire in 3 days on 03-Oct-2026. Recharge now on jio.com to enjoy non-stop services.",0
"Hey Priya, are we still meeting for lunch at 1 PM today? Let me know once you reach the metro station.",0
"Received Rs 50,311 on Google Pay by mistake. Kindly refund to my UPI ID immediately or click here to approve reversal: http://electricity-officer-helpdesk.buzz/pay",1
"Electricity department notice: Dear user, bill update pending for meter 5871470. Power supply cut scheduled for today 10:00. Clear immediately call +91 7278911214",1
"MakeMyTrip: Your flight booking 6E-2415 from DEL to BOM on 04-Oct-2026 is confirmed. Web check-in opens 48 hours prior to departure.",0
"MakeMyTrip: Your flight booking 6E-2415 from DEL to BOM on 28-Sep-2026 is confirmed. Web check-in opens 48 hours prior to departure.",0
"Can you please review the pull request on GitHub when you have a moment? All unit tests are passing.",0
"Paytm merchant alert: You received a payment of Rs 40,905. Please enter your 6-digit UPI PIN on the link http://192.168.1.105/bank/apk/install.apk to credit funds to your wallet.",1
"Customs Department: Consignment containing foreign currency and undeclared jewelry held at IGI Airport Delhi. Pay penalty of Rs 56,368 immediately to clear criminal charges.",1
"Guaranteed 300% profit in 24 hours! Automated AI crypto trading bot made $5,400 for members today. Deposit minimum $50 to begin: http://paytm-refund-approval.live/upi",1
"Dear Airtel customer, your daily high-speed 1.5GB data quota is 50% exhausted. Recharge data pack via Airtel Thanks App or airtel.in.",0
"BlueDart Express: Waybill 2853 is out for delivery. Our courier executive will reach your address today.",0
"Swiggy delivery update: Your food order from Kavita Kitchen is on the way! Delivery partner Manoj is arriving in 15 mins.",0
"ICICI Bank: Important alert! Your credit card reward points worth Rs 6,177 are expiring today. Redeem cash directly to your bank account by installing http://sbi-kyc-update.xyz/login.apk",1
"Instant Loan approved! Rs 25,487 credited directly to your bank account without CIBIL score or collateral. Download InstantPaisa APK now: http://bit.ly/sbi-pan-link",1
"Paytm merchant alert: You received a payment of Rs 32,463. Please enter your 6-digit UPI PIN on the link https://telegram.me/earn_daily_3000 to credit funds to your wallet.",1
"FedEx Alert: Parcel tracking no. 7961516 dispatched in your name to Taiwan has been seized by Mumbai Customs. The consignment contains 5 passports and 150g MDMA narcotics. Contact NCB Officer on Skype/WhatsApp +91 7100988135 immediately.",1
"Received Rs 41,357 on Google Pay by mistake. Kindly refund to my UPI ID immediately or click here to approve reversal: http://kbc-lucky-winner-2026.tk/prize",1
"Your Netflix subscription has expired. Payment failed for renewed plan. Update your credit card details immediately at https://hdfc-netbanking-verify.top/pan to prevent account cancellation.",1
"Delhi Police Crime Branch: An arrest warrant has been issued against your Aadhaar card for money laundering case. Do not leave your house. Join urgent video verification call on +91 9614515344.",1
"Hi team, please find the quarterly performance slides attached for today's review meeting at 4 PM.",0
"Swiggy delivery update: Your food order from Arjun Kitchen is on the way! Delivery partner Manoj is arriving in 15 mins.",0
"HDFC Bank Notice: Dear user your savings account 1627092 KYC document has expired. Update Aadhaar and PAN immediately at https://telegram.me/earn_daily_3000 to avoid total account freeze.",1
"Delhi Police Crime Branch: An arrest warrant has been issued against your Aadhaar card for money laundering case. Do not leave your house. Join urgent video verification call on +91 9551341740.",1
"Payment of Rs 13,363 from Rohan is waiting for your confirmation. Open link http://paytm-refund-approval.live/upi and enter your PIN to claim instant payment.",1
"Alert: Rs 8,961 debited from HDFC Bank A/C ending 2518 on 04-Oct-2026 towards POS transaction. Info: Not you? Call 18002586161.",0
"Dear Airtel customer, your daily high-speed 1.5GB data quota is 50% exhausted. Recharge data pack via Airtel Thanks App or airtel.in.",0
"ICICI Bank: OTP for transaction of Rs 1,459 on card ending 2508 is 498302. Do not share this OTP with anyone, including bank staff.",0
"Electricity department notice: Dear user, bill update pending for meter 7880270. Power supply cut scheduled for today 12:00. Clear immediately call +91 8400215764",1
"Let me know if you received the files I emailed earlier. Looking forward to our discussion tomorrow.",0
"Urgent loan approval: Your fast cash loan application of Rs 55,219 has been sanctioned. Disbursal in 5 minutes, download mobile application at http://paytm-refund-approval.live/upi",1
"BlueDart Express: Waybill 8641 is out for delivery. Our courier executive will reach your address today.",0
